time,seconds_elapsed,altitude,speedAccuracy,bearingAccuracy,latitude,altitudeAboveMeanSeaLevel,bearing,horizontalAccuracy,verticalAccuracy,longitude,speed
1759925712648910000,-1.11108984375,678.6111164093018,-1,-1,-33.44712465890021,651.7417278289795,-1,74.87794243616614,447.5160058736801,-70.58614072004013,-1
1759925713831435000,0.07143505859375,678.6111164093018,-1,-1,-33.44712465890021,651.7417278289795,-1,74.87794243616614,447.5160058736801,-70.58614072004013,-1
1759925713837107000,0.07710693359375,678.6111164093018,-1,-1,-33.44712529887744,651.7417278289795,-1,74.96636815965707,614.5224082231522,-70.58614493402395,-1
1759925713968335000,0.208335205078125,636.1714351870975,-1,-1,-33.4467341822672,609.3020466067752,-1,26.990609008309036,263.8089632892609,-70.58598776594367,-1
1759925715425799000,1.665798828125,636.1345100692758,-1,-1,-33.44672595232726,609.2651214889536,-1,26.999928073670134,123.52358531570435,-70.58581634608537,-1
1759925724935677000,11.175677001953124,636.0044638405269,2.925283866289412,18.512956734031516,-33.44642236545988,609.1350752602046,297.7191335962864,30.0917264021702,12.035623349298204,-70.58649038160026,6.012251377105713
1759925725935657700,12.17565771484375,636.010217545564,2.9380945942492973,17.05303883599541,-33.44637283340298,609.1408289652418,299.31698230736095,28.38445198020203,12.072578189996667,-70.58658034038037,7.08144998550415
1759925726934825700,13.17482568359375,636.0250952164621,2.8296536008042352,16.856426904712194,-33.44633094779666,609.1557066361398,302.368033898843,24.38392253563354,10.983992681135149,-70.5866685499221,7.08144998550415
1759925727935290400,14.175290283203125,636.0299426149378,2.611436040677563,17.289310909449686,-33.44630905291606,609.1605540346155,297.1894226074219,22.15191824447422,10.672519684488913,-70.58676990068909,6.961369514465332
1759925728935270000,15.175269775390625,635.9780315604842,2.057166388746803,16.909649678120903,-33.44628026937064,609.1086429801619,297.1894226074219,18.792876022427812,10.268893105921261,-70.58685430255504,6.446044921875
1759925729934631200,16.174631103515626,635.9645745558151,1.2626304188632729,9.634679192835348,-33.44624495065556,609.0951859754929,297.1894226074219,21.18562775659,17.012657666921623,-70.58691221526072,5.388983249664307
1759925730935427000,17.175427001953125,635.9279204873214,1.218630957536559,11.463641697689885,-33.44622293275968,609.0585319069992,297.1894226074219,15.560773449121395,13.586068875753533,-70.58696208370554,3.503725051879883
1759925731935744500,18.17574462890625,635.9335912454617,1.36804028084383,13.026897569181546,-33.44621022897573,609.0642026651394,297.1894226074219,14,9.457535426169636,-70.58699112862043,3.503725051879883
1759925732931593500,19.171593505859374,635.9243963859103,1.2942998674363255,14.846407379599581,-33.44619993959072,609.055007805588,297.1894226074219,14,11.718560538285,-70.58701463600627,2.205505847930908
1759925733931308300,20.171308349609376,635.9243967812508,1.2942998676256452,47.55151117697082,-33.446190429445465,609.0550082009286,297.4666442871094,12.404530540298335,11.718560538284693,-70.58703544971571,2.2055058479307763
1759925734931568000,21.171568115234376,635.7886156383902,1.5533804562481495,180,-33.44619955781331,608.9192270580679,297.1894226074219,14.24595459057527,13.78042817579719,-70.58701701174033,0.18592877686023712
1759925735931969800,22.1719697265625,635.8582424120978,1.12232879171136,180,-33.44619763746899,608.9888538317755,297.1894226074219,16.024600008169344,15.589290538710692,-70.58702171285145,0.46849721670150635
1759925736931893500,23.1718935546875,635.8953483756632,1.145999026253769,72.75389119783176,-33.44618769253044,609.0259597953409,297.4666442871094,14.2459545905754,13.884748291228643,-70.58704604392237,1.276337862014745
1759925737932103700,24.172103759765626,635.8465831456706,0.8437341599038064,30.56530323008376,-33.44616671340705,608.9771945653483,297.4666442871094,14.75184244383574,14.788679115829694,-70.58709457628214,2.2367351055143887
1759925738931997700,25.171997802734374,635.8096537515521,0.9127339190334061,33.064904001926095,-33.44614602991016,608.9402651712298,297.4666442871094,14.245954590575815,15.086838988498645,-70.58714307432093,2.2367351055143887
1759925739932718600,26.172718505859375,635.8174425866455,1.7130692234866067,39.94168395246038,-33.44611219029759,608.9480540063232,301.72760009765625,14.245954590576845,15.892053701170466,-70.58722196151788,3.4752509593958463
1759925740932889300,27.172889404296875,635.7852309513837,0.7909672487447562,9.418960586253139,-33.44606266050951,608.9158423710614,301.72760009765625,14.245954590581837,16.307426324107006,-70.58733154323093,6.804451942439976
1759925741933047300,28.17304736328125,635.7900043558329,1.4289789322463013,17.016502617655544,-33.44603062339222,608.9206157755107,301.72760009765625,15.908213061990168,18.588123816755846,-70.58737733824124,6.8044519424399725
1759925742933195300,29.1731953125,635.7881061853841,1.2345533993536855,18.691654869691636,-33.44601383230022,608.9187176050618,301.72760009765625,14.245954590579702,16.755464907947275,-70.58740376271687,5.351798534391425
1759925743933331500,30.17333154296875,635.7881316011772,0.949867522778706,15.951398911579233,-33.44599545881993,608.9187430208549,301.72760009765625,14.245954590578961,16.889119053548797,-70.58743872260004,4.825050830839683
1759925744933459200,31.173459228515625,635.8011088771746,1.382488593411087,58.38114854595224,-33.44599698038471,608.9317202968523,301.72760009765625,14.245954590575836,16.70822337821881,-70.58743531850017,1.9187860488890736
1759925745933577000,32.17357690429687,635.7982747722417,1.0140470516070006,42.822220625562814,-33.4459899061273,608.9288861919194,301.72760009765625,14.245954590575826,16.63018508636973,-70.58744919324965,1.9187860488890736
1759925746933686300,33.173686279296874,635.829804959707,0.8331687341560445,82.69495545194826,-33.44599211751203,608.9604163793847,301.72760009765625,14.245954590575378,17.035885214869733,-70.58744356549484,0.8163785338401729
1759925747933788000,34.17378784179687,635.840685011819,0.9114017074665616,180,-33.445995672009175,608.9712964314967,301.72760009765625,14.24595459057527,18.06506362361387,-70.58743843845816,0.2089449167251587
1759925748933882000,35.17388208007812,635.849074665457,0.9540207815486301,180,-33.445996211051096,608.9796860851347,301.72760009765625,14.782211381719975,18.785473267801226,-70.58743908994668,0.09589836001396179
1759925749933969000,36.17396899414062,635.8617567280307,0.9413209096911643,180,-33.44599515224057,608.9923681477085,301.72760009765625,14.492543855536216,18.585425634955158,-70.58744112680561,0.09185204654932022
1759925750934048800,37.174048828125,635.8584110904485,0.8946459653912944,180,-33.44599377154358,608.9890225101262,301.72760009765625,14.24595459057527,18.55037322464698,-70.5874443979093,0.2238943874835968
1759925751934122500,38.17412255859375,635.8671468272805,0.9079265906150112,180,-33.44599334095226,608.9977582469583,301.72760009765625,14.24595459057527,18.704598656443952,-70.58744495517344,0.07543297111988068
1759925752934191600,39.174191650390625,635.8763499343768,0.8238577058190234,180,-33.44599172653408,609.0069613540545,301.72760009765625,14.245954590575268,19.98241709113923,-70.58744870698894,0.07424398511648178
1759925753934253800,40.17425390625,635.311715753749,1.231713717241922,180,-33.44598871777567,608.4423271734267,301.72760009765625,14.24595459057527,7.792186088490013,-70.58746782435875,0.1365782370791839
1759925754934312400,41.1743125,635.1568778483197,1.074969101034697,180,-33.44598833841432,608.2874892679974,301.72760009765625,14.245954590575272,7.96359208699898,-70.58746855626285,0.07112689231194419
1759925755934365700,42.17436572265625,634.9955295659602,1.1228447880895458,-1,-33.44601880565412,608.1261409856379,-1,14.245954590575272,8.184887585715362,-70.58749472782843,0.16033792236721348
1759925756934413300,43.174413330078124,634.8724171379581,1.2131915516143865,116.72893308237748,-33.44600489434284,608.0030285576358,302.7506553291154,14.245954554876867,8.462949087535652,-70.58751088042118,0.8282455850556677
1759925757934458400,44.174458251953126,634.9095874177292,1.3359603627277077,47.92725059491245,-33.44598522698067,608.0401988374069,299.5054289324001,14.245954488078842,8.57320501252351,-70.58754175898983,2.253512445044118
1759925758934498000,45.174498046875,634.8362129321322,1.3371696771027899,26.549471620361793,-33.44595345925669,607.9668243518099,299.00932403859787,14.245954380080724,8.558949585115677,-70.58759383743373,4.076704172080144
1759925759934535200,46.17453515625,634.663221694529,1.3473049205776608,16.853446904038854,-33.44590773355768,607.7938331142068,301.46935556823826,14.245954264598346,8.474604294285852,-70.58767034702022,6.473269740924119
1759925760934568400,47.174568359375,634.8397490866482,1.3417834751105269,12.72177996141658,-33.445849873730246,607.970360506326,302.71975219879516,14.245954180839744,8.464959925773526,-70.58775907455778,8.545062318461996
1759925761934597600,48.17459765625,635.2355038225651,1.3463197594910674,11.231483552841306,-33.445793761484225,608.3661152422428,302.4226989746094,14.24595417556237,8.411868188149302,-70.58785969859429,9.712957192786169
1759925762934624800,49.17462475585938,635.6059048827738,1.3382984312771709,9.98516521767544,-33.44573266583591,608.7365163024515,302.4226989746094,14.245954241732049,8.38901432449769,-70.5879669417851,10.859466553682587
1759925763934649300,50.1746494140625,635.4329798910767,1.4560885321507742,10.236841749071054,-33.445673067704085,608.5635913107544,302.4226989746094,14.245954339962205,8.15476262015984,-70.58807687812028,11.525517092794804
1759925764934670600,51.174670654296875,635.3670740155503,1.3370495767403685,10.131781311113219,-33.44562012763175,608.497685435228,302.4226989746094,14.245954282032056,8.24398927971591,-70.58816680523891,10.692826300219178
1759925765934690000,52.17468994140625,635.3366336338222,1.2372726190637953,9.80905164405517,-33.44557285304651,608.4672450534999,302.4226989746094,14.245954266201554,8.251400164479575,-70.58825558515667,10.220437981376099
1759925766934706000,53.174705810546875,635.2970717763528,1.43082236847739,12.811570880684195,-33.44553130278997,608.4276831960306,302.4226989746094,14.245954430182605,8.257617974870902,-70.58833361501254,9.049304452318111
1759925767934720000,54.17471997070312,635.3857085825875,1.2450499593795885,13.157546004529308,-33.44549652263205,608.5163200022653,302.4226989746094,14.245954368169722,8.178966249239634,-70.58839893079347,7.6674137579520245
1759925768934733000,55.174733154296874,635.2793459556997,1.239091636138198,17.034444441277312,-33.445474681446726,608.4099573753774,301.1097412109375,14.245954341820404,8.172625390157702,-70.58844140879384,5.8938345623703885
1759925769934743600,56.17474365234375,634.9614392509684,1.3568698118243987,21.31066152723828,-33.445453685951904,608.0920506706461,301.1097412109375,14.245954370495141,8.07718119220163,-70.58848290909212,5.157096879989183
1759925770934752300,57.174752197265626,634.7733889361843,1.3594667446238091,18.9019547580296,-33.44542344550685,607.9040003558621,301.1097412109375,14.245954341534297,7.912638412086557,-70.58854268316634,5.8257694395375
1759925771934759200,58.17475927734375,634.2671386888251,1.366881088118247,16.006674978410103,-33.44538778068857,607.3977501085028,301.1097412109375,14.245954310413227,7.796037703100895,-70.58861317905016,6.913952562765024
1759925772934764000,59.17476391601563,633.7937371795997,1.2731729271992756,12.78174946032026,-33.44534497482831,606.9243485992774,301.1097412109375,14.24595418791555,7.850464714643389,-70.5886977893599,8.062076664826044
1759925773934767600,60.174767578125,633.6109381085262,1.377369282845213,11.69587400391588,-33.445288176069056,606.7415495282039,303.06988525390625,14.245954132217838,7.844131317437387,-70.58879517046307,9.535580439332758
1759925774934770200,61.174770263671874,633.2143295500427,1.4615377121728899,10.918464563519406,-33.445229707010824,606.3449409697205,303.08880615234375,14.245954158105157,7.850690874177532,-70.5889022686613,10.838479408074576
1759925775934771000,62.17477099609375,632.8199624735862,1.3757581510646544,9.459947527387673,-33.44516687375465,605.9505738932639,303.08880615234375,14.24595403974214,7.794838278788402,-70.58901729049597,11.775696805235432
1759925776934771000,63.17477099609375,632.5372762270272,1.2488786497882085,8.806717540266833,-33.44510715436901,605.6678876467049,303.11822509765625,14.245953926832353,7.909740712545472,-70.58912660379377,11.479764531728316
1759925777934769700,64.17476977539063,632.9408884150907,1.3635622700177785,10.332012995292624,-33.44505384016857,606.0714998347685,303.11822509765625,14.245954058020933,8.030970372088822,-70.58922409071903,10.688999297591419
1759925778934767400,65.17476733398438,633.2902624309063,1.3568741884637976,11.044580098748684,-33.445002732688785,606.420873850584,303.11822509765625,14.24595405219573,8.190424374625163,-70.58931754252512,9.952953539514592
1759925779934763500,66.17476342773438,633.276672472246,1.3559448265378118,12.768300147563883,-33.44496358110981,606.4072838919237,303.11822509765625,14.24595415073127,8.321756655864275,-70.58938913259745,8.603499128806085
1759925780934759200,67.17475927734375,633.2047722507268,1.3516265670727408,15.019609359343102,-33.44493049670044,606.3353836704046,303.11822509765625,14.245954241369866,8.290407998682147,-70.5894496285742,7.290558293654316
1759925781934753800,68.17475390625,633.1469416003674,1.3463175371582774,19.651541424615615,-33.444919816965914,606.2775530200452,303.11822509765625,14.245954358231586,8.286035718731293,-70.58950504041285,5.550326407410895
1759925782934747600,69.17474755859375,632.7887872308493,1.3729751764536913,25.829799164491348,-33.44489700396232,605.919398650527,303.11822509765625,14.245954435483604,8.140115997776311,-70.58953427833802,4.302124177239085
1759925783934741500,70.17474145507812,632.6765745915473,1.2581129941976288,28.34082788902698,-33.4448724170033,605.807186011225,303.11822509765625,14.245954425534292,8.101343797341759,-70.58955582928456,3.5892392042850707
1759925784934733800,71.17473388671876,632.6714561711997,1.4506259364416827,41.706250403664335,-33.4448597886268,605.8020675908774,303.11822509765625,14.245954510654757,8.02876560562886,-70.58957892046693,2.8116459281853885
1759925785934725000,72.17472509765625,632.7567553399131,1.256918668034063,40.57051667077619,-33.4448465699522,605.8873667595908,303.11822509765625,14.245954499073958,7.9595308725831435,-70.58960309101617,2.50686956976353
1759925786934716200,73.17471606445312,632.8500393880531,1.2743101011259192,53.142384982977866,-33.44483918907978,605.9806508077309,303.11822509765625,14.245954539287926,7.825202685520934,-70.58961658705441,1.9418761313811896
1759925787934706700,74.17470678710937,633.1478389818221,1.3520584664679025,68.42470952229783,-33.44483242029308,606.2784504014999,303.11822509765625,14.245954559712986,7.631774533144276,-70.58962896388402,1.6006486144516952
1759925788934696700,75.17469677734375,633.2582527566701,1.4068614673438526,180,-33.44483537553583,606.3888641763479,303.11822509765625,14.245954603152754,7.527297886402698,-70.58964989163998,1.3826506195628663
1759925789934685400,76.174685546875,633.2014664728194,1.3805709403227369,125.2483751012808,-33.444833376947365,606.3320778924972,312.11904225612375,14.245954594542368,7.438995082278485,-70.58965361716348,0.8906612987108722
1759925790934674700,77.1746748046875,633.2070219721645,1.3524183293269854,-1,-33.44483297331265,606.3376333918422,-1,14.24595459057527,7.3575789907853855,-70.58965535953588,0.4774182263007495
1759925791934663200,78.1746630859375,633.1989655271173,1.4947884852490316,-1,-33.44483879600359,606.329576946795,-1,14.24595459057527,7.157234417175962,-70.58965316012423,0.41058400722771865
1759925792934651000,79.17465087890625,633.219573084265,0.7185619110417696,-1,-33.44484024628425,606.3501845039427,-1,14.245954590575272,7.3053280578299935,-70.58965333902817,0
1759925793934638000,80.17463818359376,633.219573084265,0.7185619110417696,-1,-33.44484024628425,606.3501845039427,-1,14.245954590575272,7.4631355371847325,-70.58965333902817,0
1759925794934625500,81.17462548828125,633.219573084265,0.7185619110417696,-1,-33.44484024628425,606.3501845039427,-1,14.24595459057527,7.6151693546872385,-70.58965333902817,0
1759925795934612500,82.17461254882812,633.219573084265,0.7185619110417696,-1,-33.44484024628425,606.3501845039427,-1,14.24595459057527,7.493450682488696,-70.58965333902817,0
1759925796934598400,83.17459838867188,633.219573084265,0.7185619110417696,-1,-33.44484024628425,606.3501845039427,-1,14.24595459057527,7.426434552757087,-70.58965333902817,0
1759925797934585000,84.17458520507813,633.219573084265,0.7185619110417696,-1,-33.44484024628425,606.3501845039427,-1,14.24595459057527,7.288202967574471,-70.58965333902817,0
1759925798934571000,85.17457104492188,633.219573084265,0.7185619110417696,-1,-33.44484024628425,606.3501845039427,-1,14.24595459057527,7.3892499667430735,-70.58965333902817,0
1759925799934556400,86.17455639648438,632.8119892245159,0.7185619110417696,-1,-33.444842971113516,605.9426006441936,-1,14.24595459057527,7.349067482140549,-70.58964997802882,0.07191108957138681
1759925800934541800,87.17454174804688,632.8418999500573,1.3250941480965865,-1,-33.44484464302883,605.972511369735,-1,14.24595459057527,7.4059850699173655,-70.58965322258823,0.30915499135333896
1759925801934527000,88.17452685546876,632.8634785218164,1.237409555986887,168.40631999546366,-33.444841202993764,605.9940899414942,284.4628772329845,14.245954568640354,7.335527439295558,-70.58966283698746,0.5952534263734192
1759925802934511000,89.17451098632813,632.6373781636357,1.4049209339886861,84.0891478726132,-33.44482601925785,605.7679895833135,317.94699829786816,14.245954578725224,7.2827642734449665,-70.5896769919606,1.3510455786624593
1759925803934496000,90.17449609375,632.5901561146602,1.3580579985087988,48.88695677476542,-33.4448169447088,605.7207675343379,301.67744707776546,14.245954535206756,7.283005487304083,-70.58970644944387,2.2483898085642577
1759925804934480100,91.17448022460937,632.3756627878174,1.3534050469810448,34.518331332771176,-33.44479650847935,605.5062742074952,303.3164852319535,14.24595451109713,7.327088591166711,-70.58974330911695,3.1723318642624028
1759925805934464500,92.17446459960938,632.402944136411,1.347246895245317,27.385750538972765,-33.444776715940044,605.5335555560887,298.8457732854427,14.245954487581425,7.296294320716392,-70.58978553055113,3.9845906297737907
1759925806934448000,93.1744482421875,632.0741880619898,1.4357848000006779,25.912687235422084,-33.44474777649067,605.2047994816676,303.09787879637486,14.245954535506945,7.222089269540324,-70.58982446937978,4.4858026885050775
1759925807934432800,94.17443286132813,631.6944558946416,1.3499082648414902,24.84225581963695,-33.444720801075995,604.8250673143193,303.0182980093721,14.2459545292695,7.172856113138618,-70.58986759110617,4.393639586604161
1759925808934416000,95.17441577148438,631.5204367637634,1.368660876556384,23.920777132565497,-33.44469431444132,604.6510481834412,302.4963411698217,14.245954539454262,7.105974899752762,-70.58991190788777,4.62614709319532
1759925809934399500,96.1743994140625,631.4640204282477,1.4476140894927219,24.151286627451295,-33.444676337992,604.5946318479255,297.6780620917926,14.245954540083991,7.072771935028841,-70.58996427278949,4.847910541217221
1759925810934382300,97.17438232421875,631.8792938366532,1.4432980942974727,23.1324475647349,-33.444653255789916,605.009905256331,297.4784178483092,14.24595455241851,7.117315296925737,-70.59001487573482,5.053038656491902
1759925811934365700,98.17436572265625,632.1190821621567,1.339679367244506,19.572575287722728,-33.44462695027325,605.2496935818344,298.86328145810114,14.245954552976666,7.146557571525215,-70.59007279299412,5.545391050515286
1759925812934349300,99.17434936523438,632.1528894864023,1.4474948797063762,19.248750707683563,-33.44460657555111,605.28350090608,295.80402899952685,14.245954545051069,7.245209518739014,-70.59014320284231,6.091955576283646
1759925813934332700,100.17433276367187,632.1673689810559,1.435913053439312,18.375680219000103,-33.44456992508198,605.2979804007336,302.18322866360035,14.245954566948633,7.28276526184323,-70.59020167956483,6.330701439223245
1759925814934315500,101.1743154296875,632.3415734153241,1.4317934589961976,20.488254372009983,-33.44452266540537,605.4721848350018,301.550048828125,13.64629944419847,7.052473464566679,-70.59023559869591,5.6624080143810245
1759925815934298000,102.17429809570312,632.5318060386926,1.4207189350326792,19.79133032045338,-33.444494951632066,605.6624174583703,301.550048828125,13.132999480862665,6.370248739388756,-70.59028943878101,5.816556256709434
1759925816934281200,103.17428125,632.5073019238189,1.4335391486481344,20.5539371010736,-33.444467548329776,605.6379133434966,302.20098876953125,12.70524953302379,5.916095182302707,-70.59034195962867,5.651258824411738
1759925817934263800,104.17426391601562,633.1219706051052,1.44168252951435,19.858268432744886,-33.44443780060896,606.2525820247829,302.20098876953125,12.343307257234162,5.572985278234216,-70.59039830520422,5.875914863373284
1759925818934246100,105.17424609375,632.9678701683879,1.464526567996828,17.56294432686043,-33.44440061654704,606.0984815880656,301.3423767089844,11.757078864167314,5.181667052590015,-70.5904712624878,6.755077332274722
1759925819934228200,106.17422827148438,633.1004905998707,1.4651089983195,16.291517193834206,-33.444363713850166,606.2311020195484,301.72283935546875,11.026486858078886,4.853135269106143,-70.59054266582208,7.284031042024509
1759925820934211300,107.17421142578125,633.163163264282,1.476594231102479,15.289421084341322,-33.44432416117132,606.2937746839598,301.72283935546875,10.259233892348664,4.47683633277008,-70.59061898843986,7.822552199786561
1759925821934193000,108.17419287109375,633.5894625997171,1.490610008149865,14.056767765555563,-33.44427870455856,606.7200740193948,301.72283935546875,9.53411964988191,4.015342454766754,-70.59070670352315,8.583167353034991
1759925822934175500,109.17417553710938,633.507798159495,1.4532624871812512,12.166664137919383,-33.444224724112594,606.6384095791727,300.875732421875,10.026352695314198,4.168779290684557,-70.59081365737335,9.672439954917204
1759925823934157300,110.1741572265625,633.2523712487891,1.4647769289627912,11.319992447520445,-33.444171984357894,606.3829826684669,300.875732421875,9.129940280372976,3.7573577387713555,-70.5909188732002,10.483823696297858
1759925824934139100,111.17413916015624,633.1753613892943,1.4458233641529963,10.99371391972617,-33.444131405844345,606.305972808972,300.875732421875,8.606687418015921,3.538891043549853,-70.59103491605873,10.655767751130435
1759925825934122500,112.17412255859375,633.331768414937,1.4442971971277796,11.217148900705928,-33.44406530995955,606.4623798346147,302.8139343261719,8.328469416247335,3.445329397570234,-70.59112558481287,10.431027070553835
1759925826934103600,113.174103515625,633.354258114472,1.4339228003968034,10.270272131267074,-33.444001861497185,606.4848695341498,302.8139343261719,8.170965726680205,3.5258052566820397,-70.5912429600918,11.311240421675334
1759925827934085600,114.17408569335937,633.5843880549073,1.4727890643407415,10.20857532331735,-33.4439520447089,606.714999474585,302.8139343261719,8.088535750037083,3.4033416023401104,-70.5913664541239,11.687148021409524
1759925828934068000,115.17406787109375,633.5405402230099,1.454123592685582,9.33364118912678,-33.443870259371586,606.6711516426876,302.8139343261719,8.043454114443545,3.36369702689453,-70.59148641485507,12.622581723100282
1759925829934050000,116.17405004882812,633.0607121950015,1.4710193310270738,9.088150938026693,-33.4438142811804,606.1913236146793,302.8139343261719,8.02103723140045,3.288566246800277,-70.59162421390329,13.11536354742665
1759925830934031400,117.17403125,632.977704227902,1.5066170665809198,9.677946703418622,-33.44373963968858,606.1083156475797,302.8139343261719,8.878502309178568,3.501491584956295,-70.59172805224344,12.614143426294163
1759925831934014000,118.17401391601562,633.5049261162058,1.449411586425138,9.392563498006735,-33.443670039906436,606.6355375358835,302.8139343261719,8.43751917613044,4.562375424510075,-70.59184457544539,12.501855486436726
1759925832933995800,119.17399584960937,633.2623089672998,1.4658870733260807,9.707547699440601,-33.44360594565581,606.3929203869775,302.8139343261719,9.164173078512423,5.294294620194822,-70.59195761528836,12.235446536823552
1759925833933977000,120.17397705078125,632.9162242235616,1.4795961032036105,9.356127074817977,-33.44354072129678,606.0468356432393,302.8139343261719,8.584559707987868,5.0758483951174185,-70.59207946380468,12.81368902089086
1759925834933959400,121.17395947265625,632.4155530733988,1.4574333647446824,9.241749404987448,-33.44347643293127,605.5461644930765,302.69134521484375,8.287002505534769,4.793714151677272,-70.5922012287001,12.775163697682236
1759925835933940700,122.17394067382813,631.8768990524113,1.4697549423759018,9.922485261642365,-33.44342056941152,605.007510472089,302.69134521484375,8.145517551041797,4.537418992954792,-70.59231055078882,11.994488226387475
1759925836933922800,123.1739228515625,631.3260167352855,1.4616903228222733,11.08517565886599,-33.443372843989245,604.4566281549633,302.69134521484375,8.078244117710002,4.224393219558497,-70.59240311728301,10.669874701809697
1759925837933904600,124.17390454101563,630.6915012933314,1.4368515127257844,12.168736175517967,-33.443329813312424,603.8221127130091,302.69134521484375,8.04402943370374,4.16378816675332,-70.59248781005438,9.540292061168321
1759925838933886500,125.17388647460938,631.3041752465069,1.4540699783304667,13.45985828842321,-33.44329147641959,604.4347866661847,302.69134521484375,8.026148022157065,4.06229949735395,-70.59256607276288,8.747822119356556
1759925839933867800,126.17386767578125,630.7046490609646,1.457499451996895,13.322136924372005,-33.443250970969,603.8352604806423,302.69134521484375,8.015384463525198,3.85809537136147,-70.5926525333621,8.849032791214421
1759925840933849900,127.17384985351562,630.928831230849,1.4914513784422532,14.409684380309391,-33.44320533184007,604.0594426505268,302.69134521484375,8.00939806052479,3.612540592033561,-70.5927193233927,8.381093528245936
1759925841933831400,128.17383154296874,631.0106165409088,1.4828766610654491,14.985757513296095,-33.443166019443474,604.1412279605865,302.69134521484375,8.006206892976355,3.4332649422491524,-70.59279239133511,8.014913325053612
1759925842933813000,129.17381298828124,631.3804910006002,1.4852480113733408,15.451665998817454,-33.443127643597464,604.5111024202779,302.69134521484375,8.004163340675905,3.2880251196640082,-70.59286371859308,7.788587773771707
1759925843933794000,130.1737939453125,631.412629940547,0.8760651057048668,7.540767404032838,-33.44308590936544,604.5432413602248,302.69134521484375,8.648689336270845,4.211803094482281,-70.59294128790326,9.39911621651285
1759925844933776000,131.17377587890624,631.4244013354182,0.8097615012270398,7.257981003964325,-33.44303442202004,604.555012755096,302.69134521484375,8.644626341172145,4.257501117763704,-70.5930369848148,10.001734311485048
1759925845933757200,132.17375708007813,630.99456941057,0.7913666155811335,7.252883358170889,-33.44298693993968,604.1251808302477,302.69134521484375,8.418251265564953,5.739832939871448,-70.59311907820673,8.850479697676302
1759925846933739300,133.1737392578125,630.8099486064166,0.7922910134935135,7.872513673446353,-33.44293915845299,603.9405600260943,302.69134521484375,8.645740675357521,6.6152866436735644,-70.59318451507504,8.105528593515432
1759925847933720600,134.17372045898438,630.9435712648556,0.8045896855620992,7.761866937866856,-33.442893899196214,604.0741826845333,302.69134521484375,8.38618774342789,6.612297153482177,-70.59326625347865,8.379530862874919
1759925848933701600,135.17370166015624,630.2201977474615,0.7685238998114797,7.326261407284366,-33.44285566829139,603.3508091671392,302.69134521484375,8.229956159031932,6.311523293815644,-70.59335237197993,8.422233134509739
1759925849933683500,136.17368334960938,630.8513135826215,0.7735423784276444,7.472429772237735,-33.44281610469949,603.9819250022992,302.69134521484375,8.139171940965689,6.118390752023508,-70.5934326047119,8.38089591599521
1759925850933664800,137.17366479492188,630.358003036119,0.8367198874472327,8.957213712429379,-33.44277831282551,603.4886144557968,300.91522216796875,8.096408787620899,5.555021909405162,-70.59348895489848,7.537546196720157
1759925851933646000,138.17364599609374,630.7831102190539,0.8884038896243116,10.381540388269276,-33.442748613329094,603.9137216387317,300.91522216796875,8.068014034814933,4.931467202067807,-70.59355188725786,6.932301462890747
1759925852933664300,139.17366430664063,631.1806667521596,0.8577280497857165,10.349688676081021,-33.44273965533491,604.3112781718373,295.79852294921875,8.070693233368262,4.994843787067645,-70.59362935940469,6.717897503315469
1759925853933485300,140.1734853515625,632.0783979017287,0.8523692596917399,9.742433837308116,-33.44269479744602,605.2090093214065,279.97125244140625,8.049515154259353,4.744969843198519,-70.5937052178342,7.080971378214279
1759925854933466400,141.17346630859376,632.3449317906052,0.8066645424410127,8.653250496820558,-33.44268148426035,605.4755432102829,279.97125244140625,8.353362672871969,4.997580775708184,-70.59379554485268,7.557392959734499
1759925855933367300,142.1733671875,631.65200107079,0.7443018700465157,7.258614602555544,-33.44268466897607,604.7826124904677,266.3904113769531,8.22688028014419,5.219107767401647,-70.59391147786718,8.586655412105348
1759925856933912800,143.17391284179686,632.669819207862,0.7760022830342902,7.607222475340146,-33.44269668873494,605.8004306275398,262.6475830078125,8.147666647335308,5.068287109368558,-70.59400361623823,8.21838739094505
1759925857933893600,144.1738935546875,633.5027897506952,0.8346473187896023,8.33844189187963,-33.4427007920149,606.633401170373,263.5057067871094,8.095962725421447,4.958785115151337,-70.59409674490635,8.032103001194379
1759925858933088000,145.173087890625,633.4119798056781,0.8594171100943296,8.123996119127025,-33.4427107031717,606.5425912253559,263.5057067871094,8.060919275460995,4.955693791485022,-70.59420060075175,8.542989005513927
1759925859933080300,146.17308032226563,633.8714977111667,0.8984492702460672,7.3777125369364045,-33.44272237325055,607.0021091308445,263.5057067871094,8.036203580106744,4.669235845400926,-70.59432288778328,9.828608145131952
1759925860933061600,147.1730615234375,633.5964947454631,0.8615091762552849,7.258371742509211,-33.44273556935341,606.7271061651409,263.5057067871094,8.019409942926915,4.437217308237729,-70.59446116550755,11.355750882467122
1759925861932760800,148.1727607421875,633.7880063354969,0.8595182992324247,7.258206620230515,-33.44273969529405,606.9186177551746,263.5057067871094,8.527075369589113,5.7644472421685675,-70.59460161067712,12.137028202041277
1759925862933153300,149.1731533203125,633.3705285340548,0.816572495588192,7.258927378003127,-33.442754531763306,606.5011399537325,263.5057067871094,9.424731564882178,6.709417161692402,-70.59474963377184,12.589245132973655
1759925863933135000,150.17313500976562,631.833058684133,0.7770851392335175,7.249664205310755,-33.44277417990265,604.9636701038107,263.9917297363281,8.723803538125507,6.296666827157427,-70.59488216102044,12.299010131063756
1759925864933135000,151.17313500976562,632.2154202517122,0.91493878139155,7.25618812354906,-33.44278517384979,605.3460316713899,263.9917297363281,10.33736180017505,6.959887110128782,-70.59501276565487,11.82508709367529
1759925865933531600,152.17353173828124,630.8392664110288,0.8911198442628956,7.235595497085112,-33.44279184486506,603.9698778307065,263.9917297363281,9.276740340320233,6.125536833800908,-70.59512102405951,10.768385136875963
1759925866933513700,153.173513671875,631.9685155963525,0.8981988096667198,7.298412972671875,-33.442797634529505,605.0991270160303,262.71575927734375,8.713124164801224,5.601714629199183,-70.5952264086628,9.971439033955612
1759925867933494300,154.17349438476563,631.0596022726968,0.9149067989492617,8.193438751683136,-33.44280596853213,604.1902136923745,262.71575927734375,8.410890261495021,4.9336140742739465,-70.59532196261827,8.98690259433958
1759925868933476000,155.17347607421874,631.2988719986752,0.9093564653065839,9.615164409220347,-33.44282181449864,604.4294834183529,262.71575927734375,8.255481642163993,4.699639574958811,-70.59538986660849,7.640382647652739
1759925869933457400,156.17345751953124,631.9028171440586,0.8689854207578996,10.563750414185142,-33.442834183400926,605.0334285637364,262.71575927734375,8.239397579993994,4.698469719560856,-70.59545574500717,6.658104785747858
1759925870933439200,157.17343920898438,632.098831451498,0.8430860868501572,8.884236339797322,-33.4428468799687,605.2294428711757,262.71575927734375,8.832391014211343,5.017747931172544,-70.59556351260187,7.68851517326726
1759925871933420500,158.17342065429688,633.0315459007397,0.8281015571708232,7.253283958969408,-33.442859438561385,606.1621573204175,265.4325866699219,8.845641018072923,4.8166909166785885,-70.59568870910871,9.4032951442211
1759925872933402000,159.17340209960938,633.6004798794165,0.8235693877899211,7.253914657577689,-33.44286759369263,606.7310912990943,263.09588623046875,8.976239675672412,4.874279287438563,-70.5958326315673,11.139855816773869
1759925873933382700,160.1733825683594,632.2439649756998,0.8952567910458341,7.257840376119348,-33.44288379263795,605.3745763953775,263.09588623046875,8.638593905338212,4.508163913005383,-70.59596190559658,11.116166150184704
1759925874933364000,161.1733640136719,630.9042962035164,0.8978516826180041,7.244825150238403,-33.442890510745194,604.0349076231942,263.09588623046875,8.536142664969281,4.309091112230501,-70.59607683423657,10.391970763684533
1759925875933345800,162.173345703125,630.6360233305022,0.9230189943580832,8.362360617069083,-33.44288923744636,603.76663475018,263.09588623046875,8.306238727478554,4.837393136964102,-70.5961703610555,8.908091230363862
1759925876933327000,163.1733271484375,630.0596583783627,0.8213923326914374,8.624949980160373,-33.44289322495884,603.1902697980404,263.09588623046875,8.189682772503605,4.910998131569178,-70.59624002003359,7.64050350603678
1759925877933308200,164.17330810546875,630.2928664423525,0.7292432844446332,8.853616144350092,-33.44290263100869,603.4234778620303,263.09588623046875,8.137182939949195,4.871731478256827,-70.59630179881604,6.6663530079454185
1759925878933290000,165.1732900390625,630.223175784573,0.7786520990291227,8.75936085140544,-33.44291242222096,603.3537872042507,263.09588623046875,8.494506434217692,5.2838087185841225,-70.59638620663743,7.202893690761034
1759925879933271300,166.17327124023439,630.9964360343292,0.7644446433309026,7.966202108881155,-33.442913051695776,604.127047454007,263.09588623046875,8.358391541450004,5.148693057289613,-70.5964752143289,7.725914821425073
1759925880933252900,167.1732529296875,631.5136056318879,1.9273134131213812,17.872253337978243,-33.44292885894962,604.6442170515656,263.6565856933594,8.233915860512129,5.087188311191248,-70.59658658304878,8.721690236739775
1759925881933234200,168.17323413085938,632.2594445422292,1.080247239522891,8.935782134794279,-33.44294323587942,605.3900559619069,263.6565856933594,8.141790372263632,4.910025808256558,-70.5967049589636,9.717755232960473
1759925882933215200,169.17321533203125,632.0848659817129,1.0427898589156055,7.778867595409929,-33.442963439599026,605.2154774013907,262.6494445800781,8.079275580872626,4.839817276867537,-70.59683753579493,10.826735756870663
1759925883933196500,170.1731965332031,631.6678493814543,1.0165338047576582,7.257974282289035,-33.442980377926666,604.798460801132,263.2379455566406,8.038960420307468,4.855464017336224,-70.59699818762027,12.481752606199102
1759925884933177900,171.173177734375,630.8790337024257,1.005580633839257,7.258683424897735,-33.44299498563327,604.0096451221034,263.2379455566406,8.188794222065624,4.944149172846841,-70.59715969514765,13.295296774737858
1759925885933160000,172.17315991210938,630.0386656997725,1.0266472867804817,7.256494310063634,-33.44301197757522,603.1692771194503,263.2379455566406,8.089918859517402,4.863837556028644,-70.59730580027276,13.175948783421905
1759925886933140200,173.17314013671876,629.4568871967494,0.9913272208239862,7.255021614956804,-33.44303449231004,602.5874986164272,263.2379455566406,8.041723741871289,4.964159967400459,-70.59746153231698,13.312142448831079
1759925887933121800,174.17312182617187,629.4031770108268,0.9796611405157248,7.257806354284558,-33.443042511203835,602.5337884305045,263.90966796875,8.020413504585061,5.147183525518842,-70.59759823668237,12.727419023401882
1759925888933103600,175.173103515625,629.4317926662043,0.9595608728956214,7.258928686698716,-33.443050694930285,602.562404085882,263.33331298828125,8.010342593628698,5.432632307521739,-70.59773082688629,12.308459653150472
1759925889933085000,176.1730849609375,629.3615680830553,0.9579405728187674,7.258973558309155,-33.443064266694925,602.492179502733,263.33331298828125,8.00521633581609,5.320866242177562,-70.5978703677702,12.423520944859327
1759925890933066200,177.17306616210936,629.1484532952309,0.9643974196516996,7.258659468462765,-33.44307859927441,602.2790647149086,263.33331298828125,8.002543973733605,5.238208684125078,-70.59801929092703,12.825060213525667
1759925891933047800,178.1730478515625,628.2555651571602,0.9556421114934218,7.253575121203545,-33.44309349651466,601.3861765768379,263.4730224609375,8.001247663432476,6.689367060118435,-70.59815889951969,12.6427683237963
1759925892933029000,179.17302905273436,627.7746492056176,0.9818683568447366,7.251908481621393,-33.443106975054775,600.9052606252953,263.4730224609375,8.000633850486354,6.795668967429365,-70.59828742794501,12.102931849879607
1759925893933009700,180.173009765625,627.1678388146684,0.9660677075873612,7.244800531856559,-33.443115573135636,600.2984502343461,262.7214660644531,8.000342269586593,6.928213066868394,-70.59839653024318,11.010693603157907
1759925894932991500,181.17299145507812,627.2511022333056,0.9593895818342717,8.034248879772838,-33.443123201198304,600.3817136529833,262.7214660644531,8.000193623384819,6.949231343847865,-70.59849074572519,9.635982727784397
1759925895932972800,182.17297290039062,627.2955448757857,0.9593381124939047,9.221445180889807,-33.443130698736994,600.4261562954634,262.751220703125,8.00011540661614,6.608830904887415,-70.59857395493121,8.408625310233084
1759925896932953900,183.17295385742187,627.2316769007593,0.9505801105113628,11.042986828545066,-33.443134996403366,600.3622883204371,262.751220703125,8.000073514840926,6.317423954664829,-70.5986367530043,6.950794907509548
1759925897932936000,184.17293603515625,628.0383382933214,0.9609376630434753,14.531763624429667,-33.44314084091936,601.1689497129992,262.751220703125,8.00005513929488,5.937158596435962,-70.5986821858526,5.356468290556542
1759925898932916500,185.17291650390624,628.5816922532395,0.975770841409386,17.85576000391822,-33.44314385105525,601.7123036729172,262.599365234375,8.05421053488452,5.528848948863488,-70.59872507424325,4.416467103320973
1759925899932898600,186.17289868164062,628.9468725919724,0.9790128774090054,21.113554887229213,-33.443148195453325,602.0774840116501,262.599365234375,8.045175456287438,5.2301857336521484,-70.59876092555537,3.741847901560769
1759925900932879600,187.17287963867187,629.2206240305677,0.9764215079010766,24.01285943398169,-33.44316186190838,602.3512354502454,262.599365234375,8.038721809406091,5.028255737117784,-70.59879376240555,3.276760135881886
1759925901932861000,188.17286083984374,629.3802387826145,0.9742643826280484,28.893418979690694,-33.44316480900621,602.5108502022922,262.599365234375,8.03388158282734,5.1696220637091335,-70.59882284802251,2.715323626940891
1759925902932842200,189.17284228515626,629.4380677128211,1.0000928788385324,57.362031399694565,-33.443165959980874,602.5686791324988,262.599365234375,8.130257037118339,4.894621806216203,-70.59882847256554,1.3628273327702456
1759925903932823300,190.1728232421875,629.623406293802,1.0931890437876348,127.00716691092826,-33.44316505225303,602.7540177134797,262.599365234375,8.117231324781667,5.240505364305882,-70.59882678255146,0.5436329636575201
1759925904932804600,191.1728046875,629.2252865321934,1.3400899201567509,180,-33.443161788493825,602.3558979518712,262.599365234375,8.10657392445467,5.328237231607412,-70.59882173781065,0.026342438555637934
1759925905932786200,192.1727861328125,629.4212879091501,1.3435180041156387,180,-33.443161849289346,602.5518993288279,262.599365234375,8.097692763801145,5.307060460127335,-70.59882176489016,0
1759925906932767500,193.172767578125,629.4212879091501,1.2822537999840897,180,-33.443161849289346,602.5518993288279,262.599365234375,8.09017793581644,5.212199489014929,-70.59882176489016,0
1759925907932749000,194.1727490234375,629.4212879091501,1.3192081136816856,180,-33.443161849289346,602.5518993288279,262.599365234375,8.083736654686696,5.232322759548324,-70.59882176489016,0
1759925908932729600,195.1727294921875,629.4212879091501,1.2298155449123396,180,-33.443161849289346,602.5518993288279,262.599365234375,8.078154211040916,5.19684535760617,-70.59882176489016,0
1759925909932711700,196.17271166992188,629.4212879091501,1.2856875065884767,180,-33.443161849289346,602.5518993288279,262.599365234375,8.083240667257718,5.2098003428787525,-70.59882176489016,0
1759925910932693000,197.17269287109374,629.4212879091501,0.8473836020119382,180,-33.443161849289346,602.5518993288279,262.599365234375,8.078344157419028,5.18658834791639,-70.59882176489016,0
1759925911932674300,198.17267431640624,628.9177902936935,0.9341313759622384,35.50416196694516,-33.44317576808647,602.0484017133713,262.599365234375,8.073991704581475,5.272102724919143,-70.59890369770534,2.12547367596303
1759925912932655900,199.17265576171874,629.3109945496544,0.943674259421674,23.40311246163144,-33.44317480001953,602.4416059693322,262.599365234375,8.070097413999937,7.345448330400318,-70.59895300601144,3.2328161795206296
1759925913932636400,200.17263647460936,629.4590665483847,0.9417210530439596,19.01573566921816,-33.443179249960366,602.5896779680625,262.599365234375,8.066592551172462,7.770832092312102,-70.59900433670023,3.9991149802969703
1759925914932618000,201.17261791992186,629.7562651736662,0.9514705358913707,15.954712229988411,-33.44318189752077,602.8868765933439,262.599365234375,8.063262953159667,7.47891523813411,-70.59906410211165,4.812281778219098
1759925915932599000,202.17259912109375,629.4156876485795,0.9779757094597682,15.161137912536054,-33.44318450832595,602.5462990682572,262.3079833984375,8.060099829472637,7.137082347972252,-70.59912750233745,5.226845386961151
1759925916932581000,203.1725810546875,629.5259327972308,0.9818929288328314,15.538234244295293,-33.44319485942517,602.6565442169085,262.3079833984375,8.202753445096752,7.159854482396681,-70.59918198271038,5.120139564790184
1759925917932562000,204.17256201171875,629.766380501911,0.9759156298953942,17.058969135380753,-33.443200200229235,602.8969919215888,262.3079833984375,8.255938293791498,7.304344451745054,-70.59922957811159,4.629230325206683
1759925918932544300,205.17254418945313,628.9560062261298,0.9708891701881868,20.141426720512584,-33.44320580031728,602.0866176458076,262.3079833984375,8.243141395392355,7.425957609681323,-70.59926511007293,3.8764151601985097
1759925919932524500,206.17252465820312,629.0633481424302,0.9749455134252998,26.024148539685346,-33.44320989991725,602.1939595621079,263.8193664550781,8.230984283746057,7.0046835336925515,-70.5992911786047,3.0219446571843673
1759925920932506000,207.17250610351562,629.1229942040518,0.9839414408728286,37.524093974608206,-33.443214715423494,602.2536056237295,263.8193664550781,8.24754096056278,7.059537600952332,-70.59931080035469,2.1202299226661205
1759925921932487000,208.17248681640626,629.1686093322933,0.9827410953947919,53.81520631129649,-33.44322034082338,602.299220751971,263.8193664550781,8.23516390412531,6.630307507560368,-70.5993203439095,1.477765542773419
1759925922932468700,209.17246875,628.7654339689761,1.0431441160285184,180,-33.443230004897636,601.8960453886539,263.8193664550781,8.223405711178506,6.546034913809677,-70.59933117587985,1.296063536142641
1759925923932449800,210.17244970703126,629.267513400875,1.0273964402332239,180,-33.443224504846555,602.3981248205528,263.8193664550781,8.212235432850392,6.402365532715978,-70.59934520311182,1.4331330067875157
1759925924932432100,211.17243212890625,629.1615938181058,1.1200818066418265,180,-33.44322524048734,602.2922052377835,263.8193664550781,8.201623673012772,6.371044974748287,-70.59935330604523,1.3499016278207867
1759925925932412700,212.17241259765626,629.0246857171878,0.9795888041690801,180,-33.443225818104374,602.1552971368656,263.8193664550781,8.191542502799447,6.376820223386434,-70.5993596683785,1.6286691677121108
1759925926932394500,213.17239453125,629.8949949322268,1.005048065434157,23.658487829981354,-33.4432363541561,603.0256063519046,207.03216973112163,8.181965423666613,6.343994563863198,-70.5993772650569,3.151853281920339
1759925927932375800,214.17237573242187,630.7933136476204,0.7369203208607226,10.838833188552677,-33.4433784172917,603.9239250672981,173.14315795898438,8.17286723875066,6.58121003553014,-70.599365236764,5.2737496331930265
1759925928932357400,215.172357421875,631.355656100437,0.7585847877695121,9.236147764723409,-33.443445800690256,604.4862675201148,173.14315795898438,8.163667665822866,5.92238430185763,-70.59937392464163,6.511519093050658
1759925929932338200,216.17233813476562,631.65262653213,0.8285869312479598,8.202418931517013,-33.44352458161218,604.7832379518077,173.14315795898438,8.140638191581699,6.05037365868801,-70.59936262451113,8.056951018472644
1759925930932319700,217.17231982421876,631.4887824403122,0.8258999930870419,7.7728944475781105,-33.44360719232793,604.6193938599899,173.14315795898438,8.103584383727775,6.014732734161757,-70.59935077504356,8.56364021785007
1759925931932301000,218.17230102539062,630.6799781918526,0.7192562399449871,7.257985934506623,-33.44368813124051,603.8105896115303,173.14315795898438,8.070252463538461,7.144491360570191,-70.59932968496007,8.570350655988664
1759925932932282400,219.17228247070312,629.0360282342881,0.7979734306778861,8.019901536604703,-33.44375753922447,602.1666396539658,173.14315795898438,8.456756045781198,7.195504254370122,-70.59932397686835,8.030298562621969
1759925933932263700,220.172263671875,628.1511707855389,0.8846611271160433,9.823838724793184,-33.44381583547996,601.2817822052166,173.21932983398438,8.32158019220337,6.416421784504355,-70.59931604349437,7.203026570364999
1759925934932244700,221.17224462890624,628.3015496321023,0.7664651382534619,9.408840466581587,-33.44387479727215,601.43216105178,173.21932983398438,8.228253055783926,6.545153820426687,-70.59931609356707,6.599056048077442
1759925935932225800,222.17222583007813,627.3081510141492,0.7536741642206392,11.336132907274795,-33.443915717181866,600.4387624338269,173.21932983398438,8.171189765779769,6.322804090465521,-70.59930772192303,5.36554568307116
1759925936932207900,223.17220776367188,626.9277350595221,0.7322288074572787,13.03042551265426,-33.443955513986694,600.0583464791998,173.21932983398438,8.136951826495569,6.109446355640856,-70.59930086761078,4.527122722108863
1759925937932188400,224.1721884765625,626.1961237490177,0.7661732586299147,15.583931342496356,-33.44398787746634,599.3267351686954,173.21932983398438,8.342910198443304,6.244047127800923,-70.59930234283877,3.85085020678929
1759925938932170000,225.172169921875,626.0142830731347,0.7893228637135742,23.79991046591578,-33.44400527798495,599.1448944928125,173.21932983398438,8.293923019274125,6.311345887685027,-70.59930850419983,2.604899983514117
1759925939932151300,226.1721513671875,626.0862968498841,0.7240338613817796,27.63511989429587,-33.444019789020224,599.2169082695618,173.21932983398438,8.29041103892439,6.4767734689920795,-70.5993108928245,2.120858316345259
1759925940932132900,227.1721328125,625.7441900940612,0.7452390883665102,32.96698706812642,-33.44402898111632,598.8748015137389,173.08596801757812,8.258143151887108,6.402544807007484,-70.59931268818738,1.7195621348461043
1759925941932114700,228.17211474609374,625.5466013001278,0.8193096935901875,59.538641882901416,-33.44403254851292,598.6772127198055,173.08596801757812,8.254938779896527,6.301174938794586,-70.5993121058588,0.8903756691752356
1759925942932095200,229.17209521484375,625.7327969521284,0.7321558637115599,66.9884210924127,-33.44404243454622,598.8634083718061,173.08596801757812,8.286234840544314,6.369951760349485,-70.59931284623379,0.8816349200305533
1759925943932077000,230.1720771484375,625.9094350887462,0.8807651229946977,86.30138663399995,-33.44404648552026,599.040046508424,173.08596801757812,8.278619829877295,6.411446594417127,-70.5993135529957,0.5745795245831364
1759925944932058600,231.17205859375,625.7496557729319,0.7529771471754301,89.64510822653492,-33.444054675651394,598.8802671926096,173.08596801757812,8.648411895074297,6.707546842148721,-70.59931384721541,0.6330439440407648
1759925945932039700,232.1720397949219,625.8002304881811,1.0377384456126133,180,-33.444053016775044,598.9308419078588,173.08596801757812,8.655320664754116,6.637746135999632,-70.59931506914658,0.1679704306857115
1759925946932021000,233.17202099609375,625.7501008687541,1.0496030017568154,180,-33.44405742675516,598.8807122884318,173.08596801757812,9.030520954312728,6.542310284945714,-70.59931437196138,0.12321403442662932
1759925947932002000,234.172001953125,625.7510383380577,1.082120447257371,180,-33.44405421259323,598.8816497577354,173.08596801757812,9.352376953676147,6.448130290981691,-70.59931297387111,0.06377490058081205
1759925948931984000,235.17198388671875,625.8162417653948,1.0782722253447343,180,-33.444049751035045,598.9468531850725,173.08596801757812,9.429577731761178,6.33508185317896,-70.59931242335809,0.07363354223685156
1759925949931964700,236.17196459960937,625.94688831456,1.0509138285084327,180,-33.44405189879926,599.0774997342378,173.08596801757812,9.44793718004021,6.222325115065027,-70.59931324630372,0.1405153364763902
1759925950931945700,237.17194580078126,625.8781394250691,1.0968135958187513,180,-33.444052449729924,599.0087508447468,173.08596801757812,9.371729960382922,5.873862197507194,-70.59931418315344,0.15688651464340175
1759925951931927800,238.171927734375,625.9794942289591,1.0939716278276612,157.6113401697835,-33.444062197665204,599.1101056486368,173.08596801757812,9.32831153675804,5.553322832483995,-70.59931264376556,0.5592273891542099
1759925952931909000,239.1719091796875,625.880805823952,0.7726347971564542,180,-33.444074163873104,599.0114172436297,173.08596801757812,9.382739069425588,6.604523568997011,-70.59931619893123,0.8941304218417777
1759925953931890400,240.17189038085937,625.6935008578002,0.7739528574793135,180,-33.44407517602908,598.824112277478,173.08596801757812,9.340180208955225,6.335543467940959,-70.59931442119709,0.5421106886237459
1759925954931872000,241.1718720703125,625.6993267666548,1.0401051761367714,180,-33.44406954695316,598.8299381863326,173.08596801757812,9.320796173404334,7.135317573109953,-70.5993128608733,0.025331646480682094
1759925955931853600,242.171853515625,625.8427489539608,1.0319293860689103,180,-33.44406995684506,598.9733603736386,173.08596801757812,9.420964622712942,7.277197812699676,-70.59931071975183,0.06436362690030406
1759925956931834600,243.17183471679687,625.7229292578995,1.0930050707993217,180,-33.4440711671623,598.8535406775773,173.08596801757812,9.427511173805184,7.154611135415462,-70.59930771491395,0.029124835794726793
1759925957931815700,244.17181567382812,625.6028328323737,1.1486716626692945,180,-33.4440708841351,598.7334442520514,173.08596801757812,9.38410483313196,6.522239042394865,-70.59930629397984,0.04174897879906475
1759925958931797500,245.17179760742187,625.6412993539125,1.1315841208538333,180,-33.44407675941785,598.7719107735902,173.08596801757812,9.4584768604613,6.164689627057518,-70.59930521980712,0.18132319337448682
1759925959931778000,246.17177807617188,626.0124817835167,0.8485135982614023,180,-33.44408624600933,599.1430932031944,173.08596801757812,9.385553025290756,6.316091170870799,-70.59930969638557,0.7091331359210418
1759925960931759900,247.171759765625,625.8196482444182,0.7514885705886346,59.0581606883149,-33.44409283256818,598.9502596640959,173.08596801757812,9.370104668163332,6.514341460862179,-70.59930946398511,1.0066065364660135
1759925961931741200,248.1717412109375,625.5083707123995,0.7889983205537214,58.465735249975424,-33.44409872382748,598.6389821320772,173.08596801757812,9.405219726587587,6.56881224038386,-70.59930357731282,1.0465857388990123
1759925962931722200,249.17172216796874,625.6676949989051,0.72614669006379,40.189107271770645,-33.44411711806273,598.7983064185828,173.08596801757812,9.372766208740016,6.9535769604607145,-70.59930379028677,1.441292298230193
1759925963931703300,250.17170336914063,625.420384824276,0.7266563050093955,41.964072995167015,-33.44413278417434,598.5509962439537,173.08596801757812,9.340473811887328,6.963221844956962,-70.59930224154918,1.3773666109742553
1759925964931685400,251.17168530273437,625.1576640307903,0.7595579679953345,33.66562997893897,-33.4441487388365,598.2882754504681,173.08596801757812,9.280620152098665,6.994904780048004,-70.59930171391046,1.6644290862528117
1759925965931666700,252.17166674804687,625.3792496742681,0.7322862148987452,26.345194152484176,-33.44416224820678,598.5098610939458,173.08596801757812,9.216589154309451,7.115526182260927,-70.59929971512047,2.190659630105535
1759925966931647700,253.17164770507813,625.6953369090334,0.7664139541376875,17.513530369938543,-33.44418903454835,598.8259483287111,173.08596801757812,9.1557597346725,7.080990310526959,-70.5992937198161,3.2071598444598775
1759925967931629000,254.17162915039063,625.9985542772338,0.7739058254048573,11.55070483776817,-33.44424286191445,599.1291656969115,173.08596801757812,9.110538252973404,6.976588246351077,-70.59928565859234,5.115801128262848
1759925968931610000,255.17161010742188,625.9925637124106,0.7437110284681862,10.4521718771612,-33.44430412477216,599.1231751320884,173.08596801757812,9.079447065847926,6.964925262526909,-70.59927612654812,5.679273784933577
1759925969931591400,256.17159130859375,624.7210291847587,0.7259052758915273,8.557677526648591,-33.44437754656191,597.8516406044364,172.6351318359375,8.935934664653892,6.902658588439279,-70.59926711478121,6.743110054477769
1759925970931572700,257.1715727539063,625.4962526028976,0.7191330130232493,8.284939541020869,-33.44443890994116,598.6268640225753,173.93356323242188,8.803045780603531,6.674892684328766,-70.59925858127438,7.025634747079691
1759925971931554300,258.17155419921875,624.7470422284678,0.7210095503732138,9.024959123811561,-33.44449259564555,597.8776536481455,173.93356323242188,8.682381729079545,6.449405300568412,-70.59925050988458,6.424409160335109
1759925972931535600,259.1715356445313,624.6952366707847,0.7210777889019068,10.503649636352069,-33.444541026394006,597.8258480904624,173.93356323242188,8.589121264209709,6.52026336861369,-70.59924955111562,5.524468653561421
1759925973931517200,260.17151708984375,624.3775504780933,1.8514751672228174,31.971263003261814,-33.44457846991945,597.5081618977711,173.93356323242188,8.515481146994508,6.659806025814761,-70.59925046589336,4.234579121348623
1759925974931498500,261.1714985351563,624.4135010791942,1.7822817152466581,41.379236440521396,-33.44460636429116,597.544112498872,173.93356323242188,8.458205486207438,6.3744722713142705,-70.59925774585186,3.3391429962329755
1759925975931479800,262.17147973632814,624.8017269140109,1.740433667604824,48.52994694018462,-33.44463107772201,597.9323383336887,173.93356323242188,8.412384921782527,6.475108715975379,-70.5992714182473,2.893247480427619
1759925976931461400,263.1714614257813,624.8950045341626,1.7582442277862498,45.88832349981411,-33.444652244450005,598.0256159538403,173.93356323242188,8.495552316550324,6.462594513453609,-70.5992648389503,3.1014993585284114
1759925977931442200,264.17144213867186,624.4779043532908,1.8660442067710892,43.0998957613091,-33.444664267197844,597.6085157729685,235.33044412748293,8.454256265234816,6.165742402003647,-70.59927024334154,3.365295793519666
1759925978931225000,265.17122509765625,624.9139553736895,1.8732305082773903,34.09146445075014,-33.44464845600829,598.0445667933673,263.25738525390625,8.419313472783598,6.459170565077828,-70.59938558949128,4.440185248563673
1759925979931047400,266.1710473632813,625.718328718096,1.868471530545351,23.958148573855894,-33.44465527396329,598.8489401377738,263.25738525390625,8.389362510302348,5.866030238726854,-70.59945437808875,6.233339193529838
1759925980931029500,267.1710295410156,626.5454236902297,2.0091976726419642,19.68202543246208,-33.44466320890164,599.6760351099074,263.25738525390625,8.358624783391157,6.431672849638276,-70.59953443634086,7.5659988422496784
1759925981930552800,268.170552734375,626.0328685911372,2.717401462764643,24.998346562474488,-33.44467284924824,599.163480010815,263.25738525390625,8.295996388341896,6.0850634005139375,-70.59963170107514,8.802877439394507
1759925982930993700,269.1709936523437,626.2617364674807,1.7465687534324263,13.820452136903523,-33.44467748038613,599.3923478871584,263.4678649902344,8.205890035929418,6.54484730909566,-70.5997431361963,10.23301234019324
1759925983930975500,270.1709755859375,625.8018619874492,0.976013302634741,7.261288005090378,-33.4446795311726,598.932473407127,263.4678649902344,9.529551485523422,8.260025896416222,-70.59986506188558,10.891326311292925
1759925984930476300,271.17047631835936,625.7741451486945,0.9818470424104859,7.359384968276446,-33.44468560672227,598.9047565683722,263.4678649902344,8.834186648454077,7.4419614025544005,-70.5999809351482,10.810218925851572
1759925985930630100,272.17063012695314,624.979038679041,1.0039476067544228,8.167135528413063,-33.44469216152909,598.1096500987187,263.4678649902344,8.4702336106574,6.822879537415206,-70.60008089552478,9.94609034062628
1759925986930611200,273.1706110839844,622.6198145654052,1.028207860222839,9.538548746181027,-33.44469951463203,595.750425985083,263.4678649902344,8.283879147202398,6.114985908724233,-70.60015708994928,8.495486064600096
1759925987930567000,274.17056689453125,623.2494441326708,1.043305286497706,11.45572540794151,-33.444704574227885,596.3800555523485,263.4678649902344,8.19824859856388,5.8119049997795384,-70.6002253079239,7.302317165838296
1759925988930512400,275.1705124511719,623.3602737877518,1.1032837826004025,15.690390287835234,-33.444705716383226,596.4908852074295,265.0010075219843,8.148686428602174,4.743391177063181,-70.60026930264016,5.661944667064916
1759925989930494000,276.1704938964844,623.3000550083816,2.79848100616139,56.04101113778591,-33.444708610426524,596.4306664280593,265.2954352326831,8.118949145668127,4.2421412989369625,-70.60029223280823,3.8711163076325277
1759925990930909700,277.1709096679688,623.6458287099376,2.816208689838787,65.76225287083567,-33.444715992687726,596.7764401296154,262.5448764645696,8.290710893459465,4.35316769026858,-70.60031774877247,3.4014180047832263
1759925991930387500,278.17038745117185,623.9918385194615,2.832219535245786,82.62402095875822,-33.44472316613961,597.1224499391392,259.4801028265394,8.540973737562824,4.099455147716816,-70.60034298961124,2.7559303541085973
1759925992930368800,279.17036865234377,624.3348951414227,2.9169178027567693,96.61603666673372,-33.44473590420983,597.4655065611005,254.35419319335966,9.02033843377951,4.0127016920116825,-70.60036618577736,2.3093531084256123
1759925993930350300,280.17035034179685,623.212467293255,1.3288476931683695,180,-33.44474572821839,596.3430787129328,248.1426038804172,8.918736595545036,3.511866186555298,-70.60037426586229,1.6547555827661107
1759925994930331600,281.17033154296877,624.8329573171213,1.2690163902627156,58.11886264686105,-33.444740925867315,597.9635687367991,263.51092529296875,8.826862939367226,3.2047097407146428,-70.60039730076105,1.5932003610275378
1759925995930312700,282.17031274414063,624.7206661114469,1.0275899329785902,180,-33.44473996808081,597.8512775311247,263.51092529296875,8.774499228422757,3.168549345600883,-70.60039088797508,0
1759925996930295000,283.170294921875,624.7206661114469,1.3471139107109282,180,-33.44473996808081,597.8512775311247,263.51092529296875,8.809871086693626,3.218391284748152,-70.60039088797508,0
1759925997930275300,284.170275390625,624.7206661114469,1.295297887123677,180,-33.44473996808081,597.8512775311247,263.51092529296875,8.818550111158656,3.2532754313647385,-70.60039088797508,0
1759925998930257200,285.1702570800781,624.6555465646088,1.2974269093559414,180,-33.444757437969145,597.7861579842865,263.51092529296875,8.760082245327325,3.2703936656999066,-70.60040028783493,0.18288501813349284
1759925999930238000,286.17023803710936,624.8370024776086,2.847281824963862,180,-33.444759338369074,597.9676138972864,263.30218505859375,8.709410094620148,3.3733145682529595,-70.60041495213588,0.5575451210915084
1759926000930219800,287.1702197265625,624.818886580877,4.104367397745672,180,-33.444760012714404,597.9494980005547,263.51092529296875,8.665071965316407,3.541976722896597,-70.60041558212694,0
1759926001930201600,288.17020166015624,624.818886580877,3.166790800080019,180,-33.444760012714404,597.9494980005547,263.51092529296875,8.646310930242189,3.5371093079744864,-70.60041558212694,0
1759926002930183000,289.1701828613281,624.818886580877,3.4262890397525925,180,-33.444760012714404,597.9494980005547,263.51092529296875,8.610404767450957,3.5288115960117215,-70.60041558212694,0
1759926003930164000,290.1701640625,626.531755647622,2.8631659765232107,42.3315022161521,-33.444763717006,599.6623670672998,263.30218505859375,8.50575551266068,3.4691093103101838,-70.600589739278,5.177021743216541
1759926004930145300,291.1701452636719,626.1890699537471,2.7904239722604043,34.573276893411126,-33.44477111840428,599.3196813734248,263.4543151855469,8.34990125691752,3.4180418376445365,-70.60068495385323,6.490844502083923
1759926005930126300,292.17012622070314,626.2464502155781,2.776468149147297,30.3631724675699,-33.44478586143781,599.3770616352558,263.4543151855469,8.515811379413666,3.455057472742888,-70.60077331610765,7.388114758657126
1759926006930107600,293.1701076660156,626.2314611738548,2.7585052794637908,25.763637588309315,-33.44477436915844,599.3620725935325,263.4543151855469,8.34948829484474,4.803145667981794,-70.60086990666082,8.66600834036942
1759926007930089000,294.1700888671875,627.549696650356,2.755498453091871,22.522236495520158,-33.444778695719286,600.6803080700338,263.4543151855469,9.024711188546528,5.563140085430323,-70.60097499952674,9.864261973957944
1759926008930070800,295.1700708007813,626.858092546463,2.742830487324084,21.765125345153674,-33.44479234794871,599.9887039661407,263.190185546875,8.60726938922776,5.654944293305214,-70.60108927878308,10.18888676389742
1759926009930052400,296.17005224609375,626.0160157866776,2.7298878033798175,21.606568630984736,-33.44480540129886,599.1466272063553,262.8560791015625,9.093995509938134,5.9871883457326796,-70.60120486600213,10.236796356305197
1759926010930032600,297.1700327148437,625.6197782987729,2.731292790793471,21.307262265673973,-33.44481285757166,598.7503897184506,262.8560791015625,8.812955317508608,5.746685559801986,-70.6013122738137,10.38612771927295
1759926011930014000,298.17001391601565,625.0018373196945,2.7239204639338497,20.422940564416056,-33.444827622795934,598.1324487393722,262.8560791015625,8.525784546456519,5.738692714176948,-70.60142440838374,10.805372887701374
1759926012929996000,299.16999609375,624.7902217805386,2.7174319020183506,19.95716462962978,-33.44484316442853,597.9208332002163,262.8560791015625,8.280363429493567,5.711834350412114,-70.60155072482115,11.028781396585304
1759926013929977300,300.16997729492186,624.1905784606934,2.725282536893739,20.151065690207126,-33.444854209637484,598.3758850097656,262.8560791015625,8.981713159458286,6.206698384988931,-70.60167343465503,10.950949001629695
1759926014929959000,301.169958984375,623.3941219905391,2.732442226795382,21.026665013027646,-33.44486600373937,597.5794285396114,262.8560791015625,8.544071746856861,5.378800855571656,-70.60178331585401,10.518161178150065
1759926015929939700,302.16993969726565,622.8019857872277,2.7371705600941865,22.410973161795383,-33.44487664756388,596.9872923363,263.0120544433594,8.303556534131712,4.639120483226977,-70.60188973320602,9.88392411514352
1759926016929921000,303.1699211425781,622.0332397921011,2.7397022752384674,24.71595669567535,-33.44489040885754,596.2185463411734,263.0120544433594,8.422271833584443,4.45264248637391,-70.60198136308847,8.953592496001717
1759926017929902600,304.16990258789065,620.986461294815,2.745051676242626,28.003153340305587,-33.44490055697528,595.1717678438872,263.0120544433594,8.437325725475644,4.14964472609383,-70.6020648974488,7.8748569636272
1759926018929883100,305.16988305664063,620.7649573702365,2.75425187944456,34.017067666730874,-33.4449113732059,594.9502639193088,263.0120544433594,8.274289582411605,3.871741181242127,-70.6021309717997,6.450277784866228
1759926019929865000,306.1698649902344,620.4188461303711,2.823976115350323,44.72251392415392,-33.44491870737452,594.6041526794434,263.0120544433594,8.205469019059384,4.00478110751505,-70.6021775329952,4.808234349600883
1759926020929846300,307.16984619140624,620.2786146709695,2.9970335246041513,55.91954455733624,-33.44492570387123,594.4639212200418,263.0120544433594,8.164375216175,4.069912659179104,-70.60221202353357,3.6675186020572514
1759926021929827300,308.1698273925781,620.4087856411934,3.2503032914662544,65.0436359791934,-33.44492651470066,594.5940921902657,263.0120544433594,8.17927454546045,4.055381861650346,-70.6022355168309,2.9428147181640716
1759926022929809200,309.16980908203124,620.5699024153873,2.2238370328319412,51.105785275333304,-33.44493242173738,594.7552089644596,263.0120544433594,8.153663898372553,3.603135825006897,-70.60226136264656,2.6692231780480604
1759926023929790500,310.16979052734376,620.7602245314047,2.2027463449419256,58.271023124285925,-33.44493257114446,594.9455310804769,263.0120544433594,8.161824453263065,3.460171047131155,-70.60228259673535,2.2494167911393608
1759926024929771800,311.1697717285156,620.6700757108629,2.7150016681118623,59.871950750660666,-33.44493493014621,594.8553822599351,263.0120544433594,8.288944027111,3.4840562498948926,-70.60230289457485,1.4328426549123932
1759926025929752800,312.1697529296875,620.8334252489731,4.109128880945462,180,-33.44494100905962,595.0187317980453,263.3117980957031,8.261119005835807,3.743212304598975,-70.60231269026315,0.6879080404372518
1759926026929735000,313.16973486328123,621.0130553944036,3.54738647265048,180,-33.4449442977281,595.1983619434759,263.3117980957031,8.24050738327916,3.8007585954262675,-70.60231110143343,0.12480184060656459
1759926027929716200,314.16971630859376,620.93229326047,3.540238293394345,180,-33.444950945354606,595.1175998095423,263.3117980957031,8.465868147925308,3.9075278948553884,-70.60230951244051,0.09492897570002794
1759926028929696500,315.16969653320314,621.0206939112395,3.5383852582678634,180,-33.44495245150935,595.2060004603118,263.3117980957031,8.694184800389278,3.991591245351698,-70.6023129786275,0.0966797446627793
1759926029929678600,316.1696787109375,621.3885175688192,3.570987887989215,180,-33.44494107490128,595.5738241178915,263.3117980957031,8.870157251737075,4.0921771264902365,-70.60231935962429,0.1355002932099213
1759926030929660000,317.16965991210935,621.4442177684978,3.577914618139544,180,-33.444941970179926,595.62952431757,263.3117980957031,8.997927178819918,4.144512517434356,-70.60232846656271,0.18251627949974356
1759926031929641200,318.1696411132813,621.1111147385091,4.0255842372911,180,-33.44494236129191,595.2964212875813,263.3117980957031,9.044587750713248,4.186524949428358,-70.60233244505285,0.38684601585230555
1759926032929622800,319.16962280273435,620.7530415477231,3.957320478052821,180,-33.44494215255137,594.9383480967954,263.3117980957031,8.983141412185981,4.205302445318482,-70.60233032169401,0.32313814315619704
1759926033929603300,320.1696032714844,620.8837044350803,3.8025963769225353,180,-33.444941821650204,595.0690109841526,263.3117980957031,9.110780635421218,4.487633040378364,-70.60232695570035,0
1759926034929585000,321.1695849609375,620.8848736640066,1.3803839123674166,180,-33.44494173133425,595.0701802130789,263.3117980957031,9.176752876769452,4.431210178519346,-70.60232603699446,0.13596248388265952
1759926035929566500,322.16956640625,621.2065891120583,1.3649546881462282,180,-33.44494169385478,595.3918956611305,263.3117980957031,9.117915233191441,4.450647147286355,-70.60232565573986,0.1198541467123031
1759926036929548300,323.16954833984374,621.0043315114453,1.3768245676677757,180,-33.44494205954296,595.1896380605176,263.3117980957031,9.13265691203617,4.476344285826404,-70.6023293755884,0.1601612257398484
1759926037929529000,324.1695290527344,621.1562893679366,1.3443991863097347,180,-33.4449415169828,595.3415959170088,263.3117980957031,9.076024065187458,4.405153171570181,-70.60232385656965,0.048116274914496195
1759926038929510100,325.16951025390625,621.1320319650695,0.9113232909643523,180,-33.444941435873645,595.3173385141417,263.3117980957031,9.119193362811274,4.091155798636767,-70.60232303151797,0
1759926039929492000,326.1694919433594,621.1430838201195,1.4179854565623997,180,-33.44494121397454,595.3283903691918,263.3117980957031,9.146629712319944,4.024365912953795,-70.6023207743266,0.0596339740470253
1759926040929473300,327.16947338867186,621.2966260220855,1.0370357110314907,180,-33.444941375090366,595.4819325711578,263.3117980957031,9.089298226546664,3.7997147685902726,-70.60232241320406,0
1759926041929454800,328.1694548339844,620.5351730482653,1.4892650643811405,180,-33.444941645629086,594.7204795973375,263.3117980957031,9.034833316700839,3.8158972406099947,-70.60232516519842,0.37452252504636446
1759926042929435600,329.169435546875,620.3596159834415,1.1985973209283582,180,-33.44494152991207,594.5449225325137,263.3117980957031,8.983091649458364,3.6202634560357034,-70.60232398809525,0
1759926043929417200,330.1694172363281,620.3596159834415,1.2704964324111683,180,-33.44494152991156,594.5449225325137,263.3117980957031,8.933937066985447,3.53263659531528,-70.6023239880953,0
1759926044929398500,331.1693984375,621.3404934788123,3.306996998420082,180,-33.44494210873135,595.5258000278845,263.3117980957031,8.948063215631622,3.492795043353899,-70.60232987592883,0
1759926045929380400,332.1693803710937,621.3404934788123,2.5117443962381545,180,-33.444942108731055,595.5258000278845,263.3117980957031,8.900660054850041,3.468214855868275,-70.60232987592889,0
1759926046929361400,333.169361328125,621.3404934788123,2.5809167305851504,180,-33.44494210872902,595.5258000278845,263.3117980957031,8.858171866641268,3.4680919866365922,-70.60232987592917,0
1759926047929342000,334.1693420410156,621.3404934788123,2.5351935576443796,180,-33.44494210873107,595.5258000278845,263.3117980957031,8.90671088207765,3.4868518364432726,-70.60232987592889,0
1759926048929323500,335.16932348632815,621.3404934788123,3.8512515493361934,180,-33.44494210872902,595.5258000278845,263.3117980957031,8.861375337973767,3.6554122484679143,-70.60232987592917,0
1759926049929304800,336.1693049316406,621.3404934788123,2.5255351425658037,180,-33.44494210873034,595.5258000278845,263.3117980957031,8.892853531164334,3.3629404039748967,-70.60232987592894,0
1759926050929287000,337.16928686523437,621.3404934788123,3.8434657390801656,180,-33.44494210873174,595.5258000278845,263.3117980957031,8.848210854606117,3.496275430206322,-70.60232987592877,0
1759926051929268000,338.16926806640623,621.3404934788123,3.834382384312773,180,-33.44494210872964,595.5258000278845,263.3117980957031,8.841079046271602,3.4540452927891065,-70.60232987592906,0
1759926052929249300,339.16924926757815,621.3404934788123,3.817912660457624,180,-33.44494210873017,595.5258000278845,263.3117980957031,9.016308333478596,3.4967364558566523,-70.602329875929,0
1759926053929230300,340.16923022460935,621.2177911289036,3.83924538915671,180,-33.444944014468135,595.4030976779759,263.3117980957031,9.037513028400983,3.5011781012611625,-70.60234926148402,0
1759926054929212700,341.16921264648437,621.2177911289036,3.8183329997827546,180,-33.44494465091273,595.4030976779759,263.0120544433594,8.985637376980934,3.45375298166249,-70.60234969591656,0
1759926055929193000,342.16919287109374,621.2177911289036,3.808671236150654,180,-33.44494465091273,595.4030976779759,263.0120544433594,9.001116056490883,3.5249627289512104,-70.60234969591656,0
1759926056929174500,343.1691745605469,621.2177911289036,3.8125891942995414,180,-33.44494465090796,595.4030976779759,263.0120544433594,8.95106025366634,3.676594797600043,-70.60234969591724,0
1759926057929155800,344.16915576171874,621.2177911289036,3.8086061518620102,180,-33.44494465090796,595.4030976779759,263.0120544433594,8.903507240983023,3.6244591356155023,-70.60234969591724,0
1759926058929136600,345.16913671875,621.2177911289036,3.818333904501278,180,-33.4449446509036,595.4030976779759,263.0120544433594,8.858331878933871,3.6192531814935758,-70.60234969591792,0
1759926059929118700,346.16911865234374,621.2177911289036,3.819099952534907,180,-33.4449446509036,595.4030976779759,263.0120544433594,8.815415284987177,3.6145303944644893,-70.60234969591792,0
1759926060929100000,347.16910009765627,621.3020597370341,7.543655295378326,180,-33.44494484443875,595.4873662861064,263.3117980957031,8.774644521816812,3.5263595062294733,-70.60235770405198,0.2748411348757507
1759926061929081300,348.16908129882813,621.4817369543016,4.089623696996862,180,-33.4449448390669,595.6670435033739,263.3117980957031,8.808342170742096,3.586372485299805,-70.60235764940424,0.17999398422186352
1759926062929062400,349.1690625,621.1309049203992,4.0765403150880095,180,-33.444945324098036,595.3162114694715,263.3117980957031,8.767925062439652,3.524958016971789,-70.60236258324389,0.33936914466766355
1759926063929043700,350.16904370117186,621.1576311327517,4.267132402904867,180,-33.44494574865489,595.342937681824,263.3117980957031,8.729528809771878,3.6034982859002738,-70.60236690193234,0.6360175168306754
1759926064929025300,351.169025390625,621.5205560354516,1.9282558138449044,90.94742495724631,-33.44494769675528,595.7058625845239,263.3117980957031,8.693052373172309,3.5724527933927255,-70.60238671834173,1.67695822474983
1759926065929006800,352.1690068359375,621.5221993038431,0.9204866109110107,180,-33.44494772587428,595.7075058529153,263.3117980957031,8.658399749739418,3.361929458173795,-70.60238701455279,0
1759926066928987400,353.1689873046875,622.0342034185305,0.957623248623874,19.460411645254275,-33.44495552108254,596.2195099676028,263.3117980957031,8.625479780029474,3.5177658352564314,-70.60246630883935,3.9394775638330524
1759926067928969500,354.16896948242186,622.1886399462819,1.0017396415071484,17.09063126669991,-33.44496120457153,596.3739464953542,263.3117980957031,8.594205794725976,3.4461368191614636,-70.60252412230905,4.724670730578746
1759926068928950800,355.1689506835938,621.6519047766924,1.0552119889283398,17.39322065360516,-33.44496680837566,595.8372113257647,263.1674499511719,8.564495507456598,3.363293862602335,-70.60257989554106,4.915885489966762
1759926069928931800,356.16893188476564,621.43684205506,1.0735800193658482,16.45544739169953,-33.44497310731671,595.6221486041322,263.1674499511719,8.536270732375963,3.356510363877002,-70.60264260353381,5.285664013738831
1759926070928913200,357.1689130859375,620.9547939617187,1.1119134067524445,16.83741659773523,-33.44497905706962,595.140100510791,263.1674499511719,8.509457184344939,3.221326943261163,-70.60270183530919,5.3391044393943945
1759926071928894500,358.16889453125,620.5092401932925,2.82584074808022,44.3837915936729,-33.44497841909284,594.6945467423648,263.1674499511719,8.486472548232442,4.064277161851339,-70.60273590211908,5.062117668230339
1759926072928876300,359.1688762207031,620.8616595454514,2.845244895048905,44.714136738941896,-33.44496078877197,595.0469660945237,263.1674499511719,8.35908143068198,4.297714834958445,-70.60279449848422,5.142331135872267
1759926073928857900,360.16885791015625,620.347235285677,2.85055275236936,51.79700687707003,-33.44496079116909,594.5325418347493,262.4353332519531,8.421993180029801,4.157747632438743,-70.60284193002597,4.451063610103749
1759926074928839000,361.1688388671875,620.1408345839009,2.8467929823117344,57.8383568047539,-33.44496449015477,594.3261411329731,262.4353332519531,8.351660968246174,4.247342889071136,-70.6028803085867,3.9229999910225244
1759926075928820200,362.1688203125,620.0696478197351,2.8164869994522537,69.39098391703982,-33.444965521875666,594.2549543688074,262.4353332519531,8.30142368999227,4.212053314664586,-70.60291155661747,3.2665366708112225
1759926076928801000,363.1688010253906,620.1907785031945,2.8104739442079465,66.9133570875891,-33.444963051439736,594.3760850522667,262.4353332519531,8.263745736366113,3.886371073093458,-70.60294938765524,3.4014415791356463
1759926077928782600,364.16878247070315,620.5564481653273,2.826871276984113,71.06447687446641,-33.44496187478556,594.7417547143996,262.4353332519531,8.234440664345824,3.884719570127542,-70.60298937366116,3.1449654859113143
1759926078928764200,365.16876416015623,620.1425985032693,2.7743418568796985,68.42307729102694,-33.44496421109547,594.3279050523415,263.3289794921875,8.210996600534585,3.9101565008317385,-70.60303966500258,3.268789365370364
1759926079928745700,366.16874584960937,620.3695735493675,2.7904137379710625,118.68450172712971,-33.44496348176704,594.5548800984398,263.3289794921875,8.191815094642951,3.7636533693413967,-70.60305911222748,1.8799126520634526
1759926080928726500,367.1687265625,620.1292212232947,4.104188931752123,180,-33.44497093461323,594.314527772367,263.3289794921875,8.175830507007094,3.570165710398177,-70.60307262484609,0.5529491590627625
1759926081928708400,368.16870825195315,620.1672213003039,4.112918846084954,180,-33.44497113876544,594.3525278493762,263.3289794921875,8.524611621626635,3.6816602527491966,-70.6030736628768,0.11986459980659614
1759926082928689700,369.1686896972656,620.1807141471654,4.069572749525209,180,-33.44497157081586,594.3660206962377,263.3289794921875,8.819435773237679,3.788426430487918,-70.60307303893043,0
1759926083928671000,370.1686708984375,620.1807141471654,4.07514042011173,180,-33.44497157081586,594.3660206962377,263.3289794921875,8.781130420705948,3.8919410841436863,-70.60307303893043,0
1759926084928652000,371.1686520996094,620.1807141471654,4.067267721288609,180,-33.44497157081586,594.3660206962377,263.3289794921875,8.906144091143897,3.969318271995272,-70.60307303893043,0
1759926085928633000,372.1686330566406,620.1807141471654,4.067895966298497,180,-33.44497157081586,594.3660206962377,263.3289794921875,8.852841497547198,3.979643022974729,-70.60307303893043,0
1759926086928614700,373.16861474609374,620.0347923180088,4.0921115353654525,180,-33.44498272802124,594.2200988670811,263.3289794921875,8.878879047037858,3.9568140494597595,-70.60307905070916,0.07945898055687124
1759926087928595500,374.1685954589844,620.1395461037755,4.052486006100595,180,-33.444982565247614,594.3248526528478,263.3289794921875,8.832622254968493,3.9786237702253504,-70.6030786051056,0
1759926088928577500,375.16857763671874,620.1395461037755,4.055808480682095,180,-33.444982565247614,594.3248526528478,263.3289794921875,8.790991142220067,4.16506028157259,-70.6030786051056,0
1759926089928559400,376.1685593261719,620.1395461037755,3.09545261935054,180,-33.444982565247614,594.3248526528478,263.3289794921875,8.80150460050533,4.21203981655372,-70.6030786051056,0
1759926090928539600,377.16853955078125,620.3005766924471,2.711879932315813,46.8084406438958,-33.445015947061556,594.4858832415193,263.3289794921875,8.725018252595955,4.040954227357814,-70.60319112263787,4.694251795556201
1759926091928521200,378.1685212402344,621.0812953934073,2.7270780755704163,32.48169887575943,-33.44502925161357,595.2666019424796,263.3126525878906,8.654376265969177,4.133163751455439,-70.60327779394792,6.7580156414367885
1759926092928502300,379.16850219726564,620.9228919101879,1.8329774416653057,17.48703446515378,-33.4450412861068,595.1081984592602,263.3126525878906,8.53285735359206,3.7220182358088567,-70.60337540084367,8.494486959772416
1759926093928484000,380.1684841308594,621.273886484094,1.8488850064892646,15.413810983092182,-33.445054841474324,595.4591930331662,263.3126525878906,8.371646962438113,3.443997019663876,-70.6034806095272,9.643890532144686
1759926094928466000,381.1684658203125,621.313803261146,1.8754249013714435,14.086304390653297,-33.445069043333426,595.4991098102182,263.3126525878906,8.421663133503195,3.2829079779713366,-70.60359928765155,10.730745459687032
1759926095928446500,382.1684465332031,621.8357697008178,1.8993848145432293,13.221783539101308,-33.445061271214115,596.02107624989,263.3008117675781,8.236496098981918,3.862579083629698,-70.60372532910282,11.58861416862585
1759926096928428000,383.16842797851564,621.8113928027451,1.8865145720650958,12.525167684337177,-33.44506763419407,595.9966993518174,263.3008117675781,9.672295196510587,4.86173965408366,-70.60386688221779,12.14730215624754
1759926097928410000,384.16841015625,621.5465919720009,1.8653944024114788,11.903936289852325,-33.44508055031202,595.7318985210732,263.3008117675781,9.205006583059237,4.584157927076018,-70.6040129459851,12.640144374018954
1759926098928390400,385.16839038085936,620.8209988921881,1.8795050880914326,11.936274595853089,-33.44509373466744,595.0063054412603,263.3008117675781,8.597903805495172,4.190573232158618,-70.60415479321863,12.745895261254814
1759926099928372200,386.1683723144531,621.2660073302686,1.8650703150978176,12.1964227537207,-33.445107739430995,595.4513138793409,264.0359191894531,8.29402966157535,3.872266017010516,-70.60429379097292,12.358523366424421
1759926100928353300,387.16835327148436,620.2995019843802,1.8800676907876197,12.26602300696675,-33.44512009101149,594.4848085334525,264.0359191894531,8.146701509416156,3.651536630760107,-70.60443318253698,12.423715100030325
1759926101928334600,388.1683344726562,620.2698043696582,2.688354190654168,16.921983453695844,-33.44514058005285,594.4551109187305,260.6140441894531,8.07384764433366,3.8033840970189994,-70.60457457147226,12.872664702974724
1759926102928316700,389.16831665039064,620.1763114249334,2.732742227913165,16.85976922190899,-33.44516438429296,594.3616179740056,260.6140441894531,8.03708010657431,3.5458603180993817,-70.60471364942627,13.133626845531422
1759926103928298000,390.1682980957031,620.1076555792242,2.7284999788372817,16.553350588318484,-33.445189259611,594.2929621282965,260.6140441894531,8.018186442259209,3.2792761895340385,-70.60485714617836,13.355609585742842
1759926104928203500,391.16820361328126,619.8369840756059,2.733509845049211,16.451752771893112,-33.44520396847362,594.0222906246781,260.6140441894531,8.008724459523423,3.30946118677946,-70.60500500444077,13.463107142197652
1759926105927553300,392.16755322265624,619.9188322070986,2.736086682078963,16.48364511021115,-33.44521644897839,594.1041387561709,260.6140441894531,8.004279849378731,3.373522190819064,-70.60514885388946,13.448595171853913
1759926106927534300,393.1675344238281,619.4850070867687,2.7238611960027463,17.13208407557339,-33.44523245312605,593.670313635841,260.6140441894531,8.00209350861514,3.3756415859590754,-70.60528626531418,12.882863303482099
1759926107928434000,394.16843383789063,618.5726170549169,2.7251108015174084,18.8053819238249,-33.44525094757463,592.7579236039892,260.6140441894531,8.00102930175992,3.4797851491744622,-70.60541716999046,11.738260769467363
1759926108928287500,395.1682875976563,618.2440463341773,2.7132454502412853,21.633303873447318,-33.44527087989559,592.4293528832495,260.6140441894531,8.000531597253758,3.9313475361686154,-70.60552947498205,10.155765740892631
1759926109928268300,396.16826831054686,617.8632302833721,2.712695740400799,25.98783618174035,-33.44528482804885,592.0485368324444,260.6140441894531,8.000299174311252,4.070607348805006,-70.60562076196356,8.448206944513245
1759926110928466400,397.1684665527344,617.3635661434382,2.720953043243527,32.14612615082327,-33.44529482009592,591.5488726925105,260.6140441894531,8.000186711616799,4.327091520408424,-70.60568616557642,6.813327785578958
1759926111927799000,398.1677990722656,616.9253386193886,2.7955079823258577,49.20702658921424,-33.44530220968869,591.1106451684609,260.6140441894531,8.000138070642114,4.355611524124551,-70.60572623366279,4.35753829354855
1759926112927780400,399.1677802734375,617.4188257129863,3.0613771526996456,113.68420688283327,-33.445305356326436,591.6041322620586,260.6140441894531,8.000110443273618,4.349267574818715,-70.60573639400027,1.773059493048112
1759926113927951600,400.16795166015623,617.0611637188122,4.114447823981612,180,-33.44530422324762,591.2464702678844,260.6140441894531,8.000092033661883,4.182163751353219,-70.6057376981197,0.5511245894805447
1759926114928339000,401.1683388671875,617.2156913792714,4.0331931690013105,180,-33.44530212863109,591.4009979283437,260.6140441894531,8.000078885088017,3.9417148947643326,-70.60573260043401,0.16506834669811615
1759926115928320300,402.1683203125,617.6670864075422,4.016916938729229,180,-33.445303556173634,591.8523929566145,260.6140441894531,8.000069024240467,3.8211948027148175,-70.60572629810763,0
1759926116927703800,403.1677038574219,617.6670864075422,4.020510346235209,180,-33.445303556173634,591.8523929566145,260.6140441894531,8.000061354880415,3.6163425117688566,-70.60572629810763,0
1759926117927595800,404.167595703125,617.6670864075422,3.934695092711917,180,-33.445303556173634,591.8523929566145,260.6140441894531,8.32488187474062,3.6112078292649747,-70.60572629810763,0
1759926118927576800,405.1675769042969,617.6670864075422,3.936907465485213,180,-33.445303556173634,591.8523929566145,260.6140441894531,8.772581877387722,3.6713865188516253,-70.60572629810763,0
1759926119927558000,406.16755786132813,617.6670864075422,3.549388462230421,180,-33.445303556173634,591.8523929566145,260.6140441894531,8.813867024689841,3.458441214490392,-70.60572629810763,0
1759926120927539700,407.1675397949219,617.6670864075422,3.5457042317784873,180,-33.445303556173634,591.8523929566145,260.6140441894531,9.09040265685273,3.4505084069409206,-70.60572629810763,0
1759926121927521300,408.16752124023435,617.6670864075422,2.688913509199457,180,-33.445303556173634,591.8523929566145,260.6140441894531,9.124899244292028,3.284605046071839,-70.60572629810763,0
1759926122927502800,409.1675029296875,617.6670864075422,4.030819788298201,180,-33.445303556173634,591.8523929566145,260.6140441894531,9.049905961339224,3.4474120266540886,-70.60572629810763,0
1759926123927483400,410.1674833984375,617.6670864075422,4.030952427038918,180,-33.445303556173634,591.8523929566145,260.6140441894531,9.33653685849594,3.62344771848585,-70.60572629810763,0
1759926124927465500,411.1674655761719,617.6670864075422,4.022025276666293,180,-33.445303556173634,591.8523929566145,260.6140441894531,9.257917043290295,3.6298735849281263,-70.60572629810763,0
1759926125927446800,412.16744677734374,617.6670864075422,2.70938887599367,180,-33.445303556173634,591.8523929566145,260.6140441894531,9.310497416440287,4.237735789335469,-70.60572629810763,0
1759926126927427300,413.1674272460937,618.2170333433896,2.9076755659179945,38.65378163630536,-33.44532667964047,592.4023398924619,260.6140441894531,9.310498156794164,4.419354250844741,-70.60583550195385,6.0950726865512435
1759926127927409200,414.1674091796875,618.567443612963,2.7109183168997477,32.99314666821577,-33.44533067519691,592.7527501620352,260.6140441894531,9.244973254972672,4.610662964756549,-70.60591424340183,6.656591325579384
1759926128927391000,415.1673908691406,618.547445088625,2.7169675052925153,32.442692712869686,-33.44534298507493,592.7327516376972,260.6140441894531,9.21157872617726,4.790218647781054,-70.60600481997677,6.780480205258609
1759926129927372000,416.1673720703125,618.5750073641539,2.7107012179742465,32.874854105259466,-33.44535090255383,592.7603139132261,261.37286376953125,9.533296987175543,5.020187322008482,-70.60608623325774,6.674911271772915
1759926130927353300,417.1673532714844,618.4989853892475,2.7020630069042126,34.200895586979925,-33.4453600064138,592.6842919383198,261.37286376953125,9.14250544534261,4.654173613811933,-70.60616104465814,6.400212017831753
1759926131927334400,418.16733447265625,618.1430005859584,2.7248533656997145,36.581736012666234,-33.44537304374164,592.3283071350306,261.37286376953125,8.874529340948033,4.489652517169491,-70.60622910747811,6.0345753061506
1759926132927315700,419.1673156738281,617.91141155269,2.7184267164020888,35.08796927143717,-33.44538654271307,592.0967181017622,261.888671875,8.67846396161513,4.398865402755615,-70.60629990120079,6.253810214789214
1759926133927297000,420.16729711914064,617.4903183849528,2.718636715911035,30.237133806355953,-33.44539779554633,591.6756249340251,261.6814270019531,8.49025274133966,4.413578108467286,-70.60639367287578,7.233243164873647
1759926134927278000,421.1672780761719,617.2497270479798,0.9670348998501236,9.380281589628751,-33.44541211294589,591.4350335970521,261.6814270019531,8.344873812043849,4.13980091654221,-70.60649387824269,8.322452444104488
1759926135927259400,422.16725927734376,617.5739465299994,0.9311686129433829,7.914073031208759,-33.44542881466889,591.7592530790716,262.23052978515625,8.213535701113601,4.0943802713017075,-70.60661007842869,9.528242966142466
1759926136927241700,423.1672416992188,617.8210112731904,0.9506123281262108,7.258926739986219,-33.44544385820951,592.0063178222626,262.23052978515625,8.122780214208742,3.973436557108703,-70.6067390497488,10.762183238975563
1759926137927222300,424.16722216796876,619.2428580736741,0.9721449586028197,7.249432237078737,-33.44546234447811,593.4281646227464,262.23052978515625,8.06302347123031,3.589772197122122,-70.60688571416573,12.154945403997655
1759926138927203300,425.1672033691406,617.8899444136769,1.0045146054058722,7.258953650072708,-33.445475654682724,592.0752509627491,262.23052978515625,8.031939979453359,3.2917985414377027,-70.60702800849492,12.894221950801239
1759926139927185400,426.16718530273437,617.4862036490813,1.0571190343076358,7.2586115814585614,-33.44549212655086,591.6715101981536,262.23052978515625,8.015703853152363,3.1524326583381255,-70.60717411551012,13.323623257243504
1759926140927166000,427.167166015625,616.6465321490541,2.514061827622777,15.31943009339181,-33.445509670003375,590.8318386981264,261.7425537109375,8.007798781771186,3.226467591230033,-70.60731306321888,13.275651829051133
1759926141927148300,428.16714819335937,615.6796426810324,2.816369813996937,17.0822769229148,-33.44553203183312,589.8649492301047,261.7425537109375,8.887296465252799,3.894970000152354,-70.60745616002865,13.310085183666896
1759926142927128800,429.16712890625,615.0384370870888,2.801256157940311,16.521430696136157,-33.44554422130206,589.2237436361611,261.7425537109375,9.348820405559902,3.8426751137233794,-70.60760872712171,13.684032224426318
1759926143927110100,430.1671101074219,614.9168280186132,2.7987910649811307,16.233170866747912,-33.44555342592848,589.1021345676854,261.7425537109375,8.635971274472913,4.501263320484036,-70.60775879128933,13.940773768781327
1759926144927091700,431.167091796875,615.4577407687902,2.78974767646551,17.237040241205257,-33.4455680088694,589.6430473178625,261.7425537109375,9.145600160841122,5.031768782366824,-70.60789085976101,13.113600466401289
1759926145927072500,432.1670725097656,615.5345623763278,2.7923632639315588,18.557447578900792,-33.44558313197377,589.7198689254001,261.7425537109375,8.614220017234516,4.656266610081763,-70.60801857587614,12.191024392605842
1759926146927054300,433.16705444335935,614.8317612372339,2.77335859557588,18.2844819876567,-33.445601788046666,589.0170677863061,261.7425537109375,8.309143964210573,4.479265644064227,-70.60815569466429,12.27975683311095
1759926147927036200,434.1670361328125,614.4974786983803,2.774537795953568,17.985370314619413,-33.44561375096222,588.6827852474526,262.0704345703125,8.158616385558098,4.543242271841478,-70.60829173587337,12.499989875885767
1759926148927016700,435.1670166015625,614.2993940627202,2.7512329996623603,17.280483707391216,-33.445628963705516,588.4847006117925,262.0704345703125,8.759574264649524,4.986289356022821,-70.60843468158005,12.899568268655393
1759926149926998000,436.166998046875,614.4192178882658,2.741403739929856,17.053670467415508,-33.445648392524745,588.6045244373381,260.6046447753906,8.3766349219036,4.802978225980982,-70.60857562805177,13.024974761803405
1759926150926980400,437.16698046875,614.7962876074016,2.737666222721282,17.09023935248872,-33.44568152297171,588.9815941564739,258.0009460449219,8.187604424630639,4.2854952422140355,-70.60871125890476,12.976721418060164
1759926151926961000,438.1669609375,613.8926898697391,2.746929246658634,18.268473761015795,-33.44571234176042,588.0779964188114,258.0009460449219,8.094011360020913,3.77084630433271,-70.60883636253152,12.18344933929458
1759926152926942700,439.16694262695313,612.9923082673922,2.75046379303203,19.606468046613923,-33.44575043059293,587.1776148164645,253.37545776367188,8.048207298659799,3.547837621126995,-70.6089538800275,11.358056736233253
1759926153926924000,440.1669240722656,612.3580542840064,2.7448878338440177,22.57538040712646,-33.445765351395465,586.5433608330786,253.37545776367188,8.026196681153428,3.4830439231679127,-70.6090565844555,9.834558149732864
1759926154926905000,441.16690502929686,612.2304737279192,2.7374363066806726,27.473083681132977,-33.44578827887575,586.4157802769914,251.75277709960938,8.015175118907349,3.4184129053307246,-70.60913770922416,8.055468910041428
1759926155926886100,442.1668862304688,611.9813454598188,2.7428264666697384,35.86339398042791,-33.445804613032436,586.1666520088911,250.09579467773438,8.009563566330963,3.418014509863363,-70.6091947885286,6.15703060875271
1759926156926867500,443.16686743164064,611.7195832468569,2.8072139654309067,61.454231346460844,-33.44580417182208,585.9048897959292,250.09579467773438,8.007172676210637,3.9286699781999355,-70.60922525417855,3.5272652731703484
1759926157926849300,444.1668493652344,611.6761394012719,3.597007165314399,180,-33.4458027484824,585.8614459503442,250.09579467773438,8.219038903111734,4.467032239148677,-70.60923307965507,1.1813398369856416
1759926158926831000,445.1668310546875,611.9919819859788,4.067677244966484,180,-33.44580542982794,586.177288535051,250.09579467773438,8.28260684845452,4.1391150503428475,-70.6092331409841,0.4004901784782096
1759926159926812200,446.1668122558594,611.9809020506218,4.022735684675035,180,-33.445805509187586,586.1662085996941,250.09579467773438,8.402374314023996,3.972884340234796,-70.60923225250185,0
1759926160926793500,447.16679345703125,611.9809020506218,4.039559686440856,180,-33.445805509187586,586.1662085996941,250.09579467773438,8.352077524770996,3.7738252015780054,-70.60923225250185,0
1759926161926774000,448.16677392578123,611.9809020506218,4.040826052836829,180,-33.445805509187586,586.1662085996941,250.09579467773438,8.312957799796441,3.715875142998277,-70.60923225250185,0
1759926162926755300,449.16675537109376,612.1261965101585,3.828630303045228,180,-33.44580625715518,586.3115030592307,250.09579467773438,8.281662019920617,3.5117203963817865,-70.60922353169684,0.053036707820831926
1759926163926737000,450.1667368164062,612.1843091743067,4.939040456105867,180,-33.44580814290965,586.369615723379,250.09579467773438,8.256056381858485,3.508288333087995,-70.60922325172933,0.24548229286734619
1759926164926719000,451.16671899414064,612.0834131836891,3.802192879279207,180,-33.44581335885562,586.2687197327614,250.09579467773438,8.327937339870513,3.5241473134535424,-70.60923927168812,1.1381783878227723
1759926165926700000,452.1666999511719,612.1919532278553,1.8435044006909118,45.32402567019376,-33.44583236326803,586.3772597769275,250.09579467773438,8.30271139414656,3.2581261106673445,-70.60926717778494,3.206431622079083
1759926166926681000,453.16668115234376,612.1429205080494,1.761683326592926,28.82673631359684,-33.44584376499216,586.3282270571217,250.09579467773438,8.281089167825492,3.506847333791623,-70.60930470274583,4.943586825287453
1759926167926662100,454.166662109375,612.6280953036621,1.7636938873117545,25.912165202877503,-33.44587377105211,586.8134018527344,250.09579467773438,8.314508864902,3.4029294845955773,-70.60935386448536,5.387313100208139
1759926168926644000,455.16664404296876,612.9506061319262,1.8087814547220913,20.706931733684907,-33.44589005633575,587.1359126809984,250.09579467773438,8.278969178534194,3.327466219484527,-70.60944088549857,6.94919010051931
1759926169926625000,456.166625,613.4163758326322,1.8370579546297048,16.881875138647843,-33.445919013429126,587.6016823817044,250.77549743652344,8.215803214796882,3.234362194800745,-70.60953912604549,8.669922544534623
1759926170926607000,457.16660717773436,613.6484526079148,1.8534281589796386,14.577027395026256,-33.44594740429411,587.8337591569871,250.77549743652344,8.141303339878766,3.6070996380494895,-70.60963607872856,9.860991335399829
1759926171926588400,458.1665883789062,613.9724971037358,1.8715362313954227,13.437660391869798,-33.44596199981691,588.1578036528081,250.77549743652344,8.08635049052271,3.8844800165868647,-70.60975366704348,10.760333759551653
1759926172926569700,459.16656982421875,614.1913773212582,1.8671755357491715,13.029295010688458,-33.44598769592196,588.3766838703305,250.77549743652344,9.465332474280642,4.519980651500476,-70.60987217906528,11.50605388509493
1759926173926550300,460.16655029296874,614.5118561014533,1.8601492405896398,12.729282629559098,-33.44602011834286,588.6971626505256,250.77549743652344,11.250667418460397,5.190990171970295,-70.60999825172065,11.741632199640184
1759926174926531800,461.16653173828126,614.8535252707079,1.8819411856407904,12.534970279939222,-33.446059224058644,589.0388318197802,250.77549743652344,10.08635642014788,4.45841042519058,-70.61013312988446,12.034819482967189
1759926175926512600,462.1665126953125,614.4813296515495,1.8901764855337733,12.970954033917263,-33.446089829295126,588.6666362006217,250.77549743652344,9.0644720982899,3.7555443510220523,-70.6102629356362,11.718540710710739
1759926176926494200,463.166494140625,613.7859906712547,1.9205167725229384,14.283643777634452,-33.44612107654007,587.971297220327,250.77549743652344,8.540755499665531,3.3509325427559413,-70.61038617389887,10.86746123360585
1759926177926476300,464.1664763183594,612.9388332245871,1.8816232385485137,14.570032458218705,-33.4461556995794,587.1241397736594,250.7471160888672,8.273660700723728,3.2157823591871173,-70.61051047954676,10.441719153162325
1759926178926456800,465.1664567871094,612.7830954408273,1.9181054837253422,15.250054322019432,-33.44618381375801,586.9684019898996,250.7471160888672,8.794847993219289,3.311341144321931,-70.6106252463236,10.055443690590721
1759926179926439000,466.16643896484373,612.5526023441926,1.8751639271088385,15.80367964498581,-33.446208339465315,586.7379088932648,250.7471160888672,8.440023873978342,3.010767437229499,-70.61073235074737,9.590452955508328
1759926180926420200,467.1664201660156,612.2076564067975,1.8662010478247486,16.77007962995621,-33.44624832031787,586.3929629558697,250.7471160888672,8.24397113300262,3.0460204574374505,-70.61083479113117,9.009223019451687
1759926181926401000,468.16640112304685,611.5737584875897,1.7977767232106985,19.392975880269407,-33.446283553050584,585.7590650366619,250.7471160888672,8.139519848046529,3.09926511681854,-70.61091441911555,7.510163761927826
1759926182926382600,469.1663825683594,611.2133789053187,1.8184808370893417,26.98220899532823,-33.44630524601049,585.3986854543909,250.7471160888672,8.087078580804553,3.0598095270333494,-70.6109700499042,5.457147273176744
1759926183926363400,470.16636328125,611.1868312014267,1.8731393317785257,61.149616835773905,-33.446314897175796,585.372137750499,250.7471160888672,8.065103372545277,3.1404631160195327,-70.61100265758778,2.3824826148334792
1759926184926345500,471.1663454589844,611.1360137769952,3.588451445627654,180,-33.446322010624066,585.3213203260675,250.7471160888672,8.052082674660706,3.3178608927144544,-70.61102720382688,0.8416481053144852
1759926185926326800,472.16632690429685,611.3011384308338,3.7660499327397314,180,-33.44632439307512,585.4864449799061,250.96327209472656,8.043402217600189,3.3432686299292604,-70.61103305815124,0.1537217250976638
1759926186926307800,473.1663078613281,611.289069599472,3.7546826602494594,180,-33.446324542265245,585.4743761485443,250.96327209472656,8.037201899850912,3.1122139182328046,-70.61102772887902,0.10323189292864805
1759926187926289200,474.1662890625,611.349353861995,4.338439889201798,180,-33.44632757721861,585.5346604110673,250.96327209472656,8.032551664603949,3.238163398827276,-70.61103642041299,0.24750015114020812
1759926188926270500,475.1662705078125,611.4221546435729,4.103905299662028,180,-33.44633370691612,585.6074611926451,250.96327209472656,8.028934814331155,3.188722798461124,-70.61103810484624,0.38008894984390973
1759926189926251800,476.16625170898436,611.2161752162501,4.099424172827453,180,-33.446334894472734,585.4014817653224,250.96327209472656,8.026041328845889,3.3328482205153827,-70.61103189227148,0.06707527578745612
1759926190926233300,477.1662333984375,611.1305279061198,1.4678019259564243,180,-33.4463377068739,585.3158344551921,250.96327209472656,8.023673935377628,3.1378470458962853,-70.61103084101374,0.056943966311949167
1759926191926214400,478.16621435546875,611.1287615867332,1.3846875834611962,180,-33.446337619841486,585.3140681358054,250.7471160888672,8.021701106949312,3.2166263233508228,-70.61103056488842,0
1759926192926195700,479.1661958007812,611.1613214351237,1.368990883185265,180,-33.44634302688884,585.346627984196,250.96327209472656,8.180731328243017,3.245088218229337,-70.6110454096561,0.3811807829257424
1759926193926177800,480.166177734375,610.9339683763683,1.2349068526606208,180,-33.446351145278875,585.1192749254405,250.96327209472656,8.281260966112196,3.226701393544254,-70.61104796913871,0.527970947770061
1759926194926158800,481.1661589355469,610.9293387671933,1.1973881174991374,180,-33.44635047954431,585.1146453162655,250.7471160888672,8.262510234484788,3.2709946956833096,-70.61104752926632,0
1759926195926140400,482.16614038085936,610.933443794027,1.103418763685381,79.94996382346758,-33.44636536084505,585.1187503430992,250.96327209472656,8.246103344160318,3.4424193787400856,-70.61107716499721,1.1143284669779256
1759926196926121700,483.1661218261719,611.1281650057063,0.9951012849495093,97.96919995579798,-33.446371145833595,585.3134715547785,250.96327209472656,8.231626675387963,3.5093973264961194,-70.61108339305976,0.7910205025457765
1759926197926102800,484.16610278320314,611.0427846843377,4.1035854303478025,180,-33.44637174122859,585.2280912334099,250.96327209472656,8.218758528383038,3.924361600711681,-70.6110727368731,0.12881265334554887
1759926198926084000,485.166083984375,610.8042425978929,4.070932406202659,180,-33.44637237258007,584.9895491469651,250.96327209472656,8.207244921711949,3.9414978993669743,-70.61107408130287,0.055124893381316965
1759926199926065400,486.1660654296875,610.9493330474943,4.078351097112304,180,-33.44638411826342,585.1346395965666,250.7471160888672,8.196882675863591,4.009396956733378,-70.61107411492301,0
1759926200926046500,487.16604638671873,611.2206682488322,4.095257214811738,180,-33.446370793876305,585.4059747979045,250.96327209472656,8.187038538775138,4.114770721661001,-70.61108445391872,0.5641333106587013
1759926201926028300,488.1660283203125,611.2438038690016,3.976838477892821,180,-33.44637086634292,585.4291104180738,250.7471160888672,8.177686614966891,3.871462213628093,-70.61108358536447,0
1759926202926009600,489.1660095214844,610.950864776969,4.023318659182653,180,-33.44638039011144,585.1361713260412,250.96327209472656,8.168802283768638,3.9109439159678057,-70.61107440780177,0.1135629222495975
1759926203925991200,490.1659912109375,610.9443191373721,3.5758596603925055,180,-33.44637952564631,585.1296256864443,250.96327209472656,8.16036217000762,3.8333939846557774,-70.61107414806675,0
1759926204925972200,491.16597216796873,610.9443191373721,2.675630318876519,180,-33.44637952564631,585.1296256864443,250.7471160888672,8.152344061507238,3.8345701680595607,-70.61107414806675,0
1759926205925953000,492.165953125,610.9443191373721,2.699617305577457,180,-33.44637952564631,585.1296256864443,250.7471160888672,8.144726858431875,3.8575965530044747,-70.61107414806675,0
1759926206925934800,493.1659348144531,610.9174610329792,4.086393111892322,180,-33.446369988398935,585.1027675820515,250.96327209472656,8.137490515278044,4.020745407162958,-70.6110816693577,0.04929534834350139
1759926207925916400,494.16591650390626,610.8544409899041,4.067449046570233,180,-33.446371291727964,585.0397475389764,250.96327209472656,8.130615989655011,4.192482332280679,-70.61108617501898,0.019212168701512267
1759926208925897200,495.16589721679685,610.8497059345245,4.04794112525035,180,-33.44637156824363,585.0350124835968,250.7471160888672,8.12408519024803,4.259951895568877,-70.61108598223699,0
1759926209925878500,496.16587841796877,610.8497059345245,4.059335566122541,180,-33.4463715682081,585.0350124835968,250.7471160888672,8.153851155397435,4.162891203338206,-70.61108598225182,0
1759926210925860000,497.16586010742185,610.8497059345245,3.960872972968424,180,-33.446371568171315,585.0350124835968,250.7471160888672,8.228293251191197,4.122534965869493,-70.61108598226711,0
1759926211925842000,498.16584204101565,610.8497059345245,3.939089079295448,180,-33.446371568169646,585.0350124835968,250.7471160888672,8.350878856944702,4.175931736316305,-70.6110859822678,0
1759926212925823200,499.1658232421875,610.8497059345245,3.569241596965917,180,-33.446371568169646,585.0350124835968,250.7471160888672,8.333334914097467,4.0944106557585185,-70.6110859822678,0
1759926213925803800,500.1658037109375,610.8497059345245,3.9562786621140797,180,-33.446371568169646,585.0350124835968,250.7471160888672,8.46136438203648,4.2891232356886295,-70.6110859822678,0
1759926214925785600,501.16578564453124,610.8497059345245,2.6819321934336924,180,-33.446371568169646,585.0350124835968,250.7471160888672,8.537426892082255,4.126303536615763,-70.6110859822678,0
1759926215925767200,502.16576708984377,610.8497059345245,4.052824586772339,180,-33.446371568169646,585.0350124835968,250.7471160888672,8.510555547478143,4.3986146294825765,-70.6110859822678,0
1759926216925748200,503.16574829101563,610.8497059345245,4.033653047640017,180,-33.446371568169646,585.0350124835968,250.7471160888672,8.485027770104235,4.406050157731121,-70.6110859822678,0
1759926217925729300,504.1657292480469,610.8497059345245,4.043997897475539,180,-33.446371568169646,585.0350124835968,250.7471160888672,8.553513830603322,4.468746324264372,-70.6110859822678,0
1759926218925710600,505.16571069335936,610.8497059345245,3.7737299505617927,180,-33.446371568169646,585.0350124835968,250.7471160888672,8.560603642535794,4.4367993782289075,-70.6110859822678,0
1759926219925692700,506.1656926269531,610.8497059345245,3.7250290719051438,180,-33.446371568169646,585.0350124835968,250.7471160888672,8.532573460409004,4.336990361789725,-70.6110859822678,0
1759926220925673000,507.1656728515625,610.8497059345245,3.716418255770957,180,-33.446371568169646,585.0350124835968,250.7471160888672,8.635401302595707,4.364368325955303,-70.6110859822678,0
1759926221925654500,508.1656545410156,610.8497059345245,3.7295360007838543,180,-33.4463715681676,585.0350124835968,250.7471160888672,8.60363123746592,4.3997162390677165,-70.6110859822687,0
1759926222925636900,509.16563696289063,610.8497059345245,3.7122605142608465,180,-33.4463715681676,585.0350124835968,250.7471160888672,8.573449675592625,4.426491400345259,-70.6110859822687,0
1759926223925617200,510.1656171875,610.8497059345245,3.7379361245527685,180,-33.4463715681676,585.0350124835968,250.7471160888672,8.544777191812994,4.405286394666843,-70.6110859822687,0
1759926224925599000,511.16559887695314,610.8497059345245,3.7016525193546577,180,-33.4463715681676,585.0350124835968,250.7471160888672,8.517538332222344,4.389616499567766,-70.6110859822687,0
1759926225925580000,512.165580078125,610.8497059345245,3.6982191425083863,180,-33.4463715681676,585.0350124835968,250.7471160888672,8.491661415611226,4.3542050521524205,-70.6110859822687,0
1759926226925561900,513.1655617675781,610.8497059345245,3.7187884203373245,180,-33.4463715681676,585.0350124835968,250.7471160888672,8.467078344830664,4.331260693213546,-70.6110859822687,0
1759926227925543000,514.16554296875,610.8497059345245,3.7163258060530056,180,-33.4463715681676,585.0350124835968,250.7471160888672,8.443724427589132,4.310972945419128,-70.6110859822687,0
1759926228925523700,515.1655236816406,611.141748198308,3.825266358375081,180,-33.4463736535348,585.3270547473803,250.96327209472656,8.421538206149757,4.274019916704411,-70.61109433988521,0.07308963407916745
1759926229925505500,516.1655056152343,611.1600603684783,3.7869300441786304,180,-33.44637398000756,585.3453669175506,250.7471160888672,8.46292351926982,4.322581579197654,-70.61109421909956,0.05542476154767954
1759926230924352800,517.1643527832031,611.2088269302621,3.722849800307431,180,-33.446373479746704,585.3941334793344,250.7471160888672,8.439777343347513,4.306265594692052,-70.61109251062392,0
1759926231924145700,518.1641457519531,611.0582930091769,3.733121154732788,180,-33.44637321503189,585.2435995582491,250.96327209472656,8.41778847615994,4.32077755338813,-70.61109282402647,0.03012378361699986
1759926232924127500,519.1641274414062,611.030449623242,3.8237456732769757,180,-33.446374168858284,585.2157561723143,250.7471160888672,8.396899052328912,4.303722744869193,-70.61109486399215,0.08089018880874538
1759926233924734700,520.1647346191406,611.0609858427197,3.738157128238713,180,-33.44637384196461,585.2462923917919,250.7471160888672,8.377054099752575,4.272440522713506,-70.61109374759482,0
1759926234924178400,521.1641784667969,611.0609858427197,3.7237182449987403,180,-33.44637384196461,585.2462923917919,250.7471160888672,8.358201394764945,4.262966736504264,-70.61109374759482,0
1759926235924160000,522.1641599121094,611.0609858427197,3.72743308643859,180,-33.44637384196461,585.2462923917919,250.7471160888672,8.340291325026698,4.2528443718188464,-70.61109374759482,0
1759926236924760300,523.1647602539063,611.0609858427197,3.741742514492077,180,-33.44637384194603,585.2462923917919,250.7471160888672,8.323276758775364,4.229752207491652,-70.61109374760255,0
1759926237923599600,524.163599609375,611.0609858427197,3.717104093705037,180,-33.44637384194603,585.2462923917919,250.7471160888672,8.307112920836595,4.179118726728163,-70.61109374760255,0
1759926238923580700,525.1635805664063,611.0609858427197,3.7258277532934643,180,-33.44637384194603,585.2462923917919,250.7471160888672,8.291757274794765,3.7718348124166003,-70.61109374760255,0
1759926239924684500,526.1646845703125,611.0609858427197,3.701222351196576,180,-33.44637384194603,585.2462923917919,250.7471160888672,8.277169411055027,3.7487747758768495,-70.61109374760255,0
1759926240924676400,527.1646762695312,611.0609858427197,3.7422288834892328,180,-33.44637384194603,585.2462923917919,250.7471160888672,8.263310940502276,3.7895558579219415,-70.61109374760255,0
1759926241924658200,528.164658203125,611.0609858427197,3.725879342447109,180,-33.44637384194603,585.2462923917919,250.7471160888672,8.250145393477162,3.8234249454460083,-70.61109374760255,0
1759926242924183300,529.1641833496094,611.0609858427197,3.7198574350048923,180,-33.44637384194603,585.2462923917919,250.7471160888672,8.290303559882046,3.850165158480275,-70.61109374760255,0
1759926243923675600,530.1636755371094,611.0609858427197,3.7127908351355434,180,-33.44637384194603,585.2462923917919,250.7471160888672,8.275788381887942,3.8561023386817546,-70.61109374760255,0
1759926244923658000,531.1636579589843,611.0609858427197,3.7151360767086343,180,-33.44637384194603,585.2462923917919,250.7471160888672,8.261998962793545,3.8742676317020983,-70.61109374760255,0
1759926245923639000,532.1636391601562,610.9483403069898,3.734742260950884,180,-33.4463718097062,585.1336468560621,250.7471160888672,8.248899014666879,3.879343619019703,-70.6110869220525,0.025980407287715727
1759926246923620000,533.1636201171875,610.9463955545798,3.706978591295901,180,-33.44637176901249,585.1317021036521,250.7471160888672,8.270757304790417,3.88898524969582,-70.61108687080879,0
1759926247923602000,534.1636018066406,610.9463955545798,3.718067588071658,180,-33.44637176901249,585.1317021036521,250.7471160888672,8.257219439550896,3.876780652415796,-70.61108687080879,0
1759926248923582200,535.1635822753906,610.9463955545798,3.7204645106288763,180,-33.44637176901249,585.1317021036521,250.7471160888672,8.28387001280244,3.8527531798328356,-70.61108687080879,0
1759926249923564300,536.1635642089843,610.9463955545798,3.7254885216352287,180,-33.44637176901249,585.1317021036521,250.7471160888672,8.278015544022924,3.9649689271915656,-70.61108687080879,0
1759926250923545900,537.1635458984375,610.9463955545798,3.720976760778969,180,-33.44637176901249,585.1317021036521,250.7471160888672,8.264114766821779,3.973873571351853,-70.61108687080879,0
1759926251923526400,538.1635263671875,610.9463955545798,3.6977237013582767,180,-33.44637176901249,585.1317021036521,250.7471160888672,8.25090902848069,3.974050529230907,-70.61108687080879,0
1759926252923508000,539.1635080566406,610.9463955545798,3.722870683854549,180,-33.44637176901249,585.1317021036521,250.7471160888672,8.238363577056655,4.0049323409782795,-70.61108687080879,0
1759926253923489500,540.1634895019531,610.9463955545798,3.72757662115861,180,-33.44637176901249,585.1317021036521,250.7471160888672,8.226445398203822,4.021572530331532,-70.61108687080879,0
1759926254923470600,541.163470703125,610.9463955545798,3.7175966600735273,180,-33.44637176901249,585.1317021036521,250.7471160888672,8.21512312829363,4.034554557343761,-70.61108687080879,0
1759926255923452000,542.1634519042968,610.8972720596939,3.9619179247806393,180,-33.44637665251492,585.0825786087662,250.96327209472656,8.204366972151542,4.0439274643288785,-70.61109552610833,0.430854830602045
1759926256923433500,543.16343359375,610.971795710735,3.765746204628342,180,-33.4463833688607,585.1571022598073,250.96327209472656,8.194148624145493,4.022988152691455,-70.61111321309389,1.6002015864761383
1759926257923415300,544.1634152832031,610.8832764076069,1.803517376344809,39.13111702621143,-33.446395652130285,585.0685829566792,250.96327209472656,8.18444121040044,3.1057549658444215,-70.61115316038709,3.7334089102207737
1759926258923395600,545.1633955078125,610.7543314769864,1.7861485512714417,24.180703583756856,-33.446419387140686,584.9396380260587,250.96327209472656,8.175219167807327,3,-70.61121399257318,5.950141229248815
1759926259923377400,546.1633774414063,610.8593191346154,1.8236793057863028,19.25461880049728,-33.44641991863198,585.0446256836876,258.6112060546875,8.164613877846877,3,-70.61129851859361,7.568289775273412
1759926260923358700,547.1633586425781,610.6521147042513,1.7694879650166204,17.49448021204807,-33.44643063373319,584.8374212533236,259.58905029296875,8.13741779717647,3,-70.61138673979787,8.19621607306108
1759926261923340300,548.1633403320312,610.5843378892168,1.8553694173578792,16.43917443236438,-33.44644605058176,584.7696444382891,259.58905029296875,8.09922247622205,3.11632726226793,-70.61148683010077,9.071286736858273
1759926262923321600,549.1633215332031,610.3393032029271,2.6493145244119667,21.99611358146768,-33.44646169079769,584.5246097519994,259.58905029296875,8.06739939359141,3.489678838317337,-70.61158837063908,9.75895941271089
1759926263923302700,550.163302734375,610.2034652167931,2.711716847831769,20.34014567034933,-33.446479295072685,584.3887717658654,259.58905029296875,8.04161081609719,3.7503841942585288,-70.61170266233503,10.800940069229574
1759926264923284000,551.1632839355469,610.135763081722,2.7142515934308467,20.595105205365364,-33.44649382897386,584.3210696307942,259.58905029296875,8.023593999735214,4.474755022373317,-70.61181354921872,10.678586961585692
1759926265923266000,552.1632661132812,609.981298783794,2.705475909594531,22.1775233389043,-33.44649448602868,584.1666053328663,259.58905029296875,8.013075264846147,4.730151630001754,-70.6119190723506,9.884073574645825
1759926266923246800,553.1632468261719,609.6807579249144,2.7196379951963783,23.940257071338696,-33.44650315786797,583.8660644739866,259.58905029296875,8.960118359287867,5.207725336083604,-70.61201682469746,9.203247680398633
1759926267923228200,554.1632282714844,609.4803555877879,2.7119215338140337,24.52603057256577,-33.44651794063645,583.6656621368602,259.58905029296875,9.275207898037651,5.471851907618102,-70.61211715798622,8.956587194395112
1759926268923209700,555.1632097167969,609.4483657358214,2.7166169548072787,24.793701688597743,-33.44653389824751,583.6336722848937,259.58905029296875,9.356993884600953,5.569994297062418,-70.61221263065221,8.875605881809943
1759926269923191000,556.1631909179688,609.2211318342015,2.7189223731829486,25.46188030107633,-33.44654851885059,583.4064383832738,259.58905029296875,10.153582368288715,5.98523546378944,-70.61230375093236,8.648343143358144
1759926270923172000,557.1631721191407,609.0641640303656,2.7126651080292064,25.733678963816505,-33.4465667754061,583.2494705794379,259.58905029296875,9.308060053594884,5.3026888139038,-70.61239153994367,8.5372950046219
1759926271923153200,558.1631530761719,608.9537511859089,2.7103619147909632,24.47991110903612,-33.44658047731923,583.1390577349812,259.58905029296875,8.896318824944462,5.0925819407184765,-70.61247835850048,8.967764727009746
1759926272923134700,559.163134765625,608.8309929640964,2.710902732997978,22.162429875674338,-33.44659606545213,583.0162995131686,259.58905029296875,8.56877722480811,4.952318392919408,-70.61258643632276,9.910143414661205
1759926273923116300,560.1631162109375,609.025282241404,2.70403876572571,20.333097303132238,-33.44661112965398,583.2105887904763,259.58905029296875,8.343332051889185,4.907604181796022,-70.61270273492585,10.775022391469939
1759926274923098000,561.1630981445312,608.8643454853445,2.7055722173568255,18.951854026349032,-33.446629519987816,583.0496520344168,259.59490966796875,8.195666814719765,4.87018999212945,-70.6128279035292,11.565095410965483
1759926275923079000,562.1630788574219,608.8897914942354,2.709897384577561,17.74398262145335,-33.446648633863454,583.0750980433077,259.59490966796875,8.104563994395006,4.731612598294877,-70.6129584392911,12.373982915486803
1759926276923060000,563.1630600585937,608.5321456668898,2.710700567113376,16.89139962662732,-33.44666938987538,582.7174522159621,259.59490966796875,8.200683843120874,4.765178763205817,-70.61309573598189,13.001665104153322
1759926277923041800,564.1630417480469,608.3874970413744,2.712136876974425,17.154492045825165,-33.44668895236467,582.5728035904467,259.59490966796875,8.098130580343975,4.710930361800308,-70.6132361439571,12.809743975055042
1759926278923022800,565.1630229492188,607.6769051328301,2.7052689244050083,18.286303164342186,-33.44670585591583,581.8622116819024,259.59490966796875,8.050558913752804,4.653145922949448,-70.61335843075852,11.982688733162515
1759926279923004700,566.1630046386719,607.6243890644982,2.710590458626607,19.99739220114222,-33.44672017041035,581.8096956135705,259.59490966796875,8.026962538329233,4.598752083529171,-70.61347127544006,10.979997757362083
1759926280922985500,567.1629853515625,607.2878473009914,2.711024929038652,23.390480475804832,-33.44673505503993,581.4731538500637,259.59490966796875,8.015352544970275,4.566987789063799,-70.61356107567369,9.385345495180319
1759926281922966800,568.162966796875,607.047110450454,2.712736864087469,25.13573740056028,-33.4467499466611,581.2324169995263,259.59490966796875,8.009167163746357,4.4951889910642695,-70.6136486899808,8.73524760655141
1759926282922948600,569.1629484863281,607.1387035408989,2.710195612519146,25.8612596314086,-33.446762914233666,581.3240100899711,259.59490966796875,8.005674114884227,4.430978259546024,-70.6137307896242,8.483347648389309
1759926283922929700,570.1629296875,607.0379234105349,2.7137102349301587,26.923879243365835,-33.44677627383349,581.2232299596071,261.3117980957031,8.00376822051107,4.464253107573923,-70.61381602895598,8.15858674574918
1759926284922911000,571.1629108886718,606.9618517169729,2.7211730214106433,27.241964005099202,-33.44678834392137,581.1471582660452,261.3117980957031,8.002591399800789,4.4292717770467265,-70.61389777071624,8.086025963783168
1759926285922892300,572.1628923339844,606.8664517672732,2.713612913726061,26.094721372902164,-33.44679625963167,581.0517583163455,262.1337585449219,8.322748845880467,4.438190723824702,-70.61398291110515,8.396895483335696
1759926286922873900,573.1628737792969,606.9119075238705,2.7227430698274064,23.65385327275979,-33.44680633805102,581.0972140729427,264.7532043457031,8.21573374747544,4.2461429116518214,-70.6140812816418,9.320026161033336
1759926287922855000,574.1628549804688,606.7891275882721,2.70923843911478,21.546915018118163,-33.44681806489653,580.9744341373444,264.7532043457031,8.137170828826529,4.095871721150363,-70.61418826855169,10.180833919609812
1759926288922836700,575.1628366699218,606.6457916321233,2.7173026182786297,19.711060021306906,-33.44682295977222,580.8310981811956,268.5433654785156,8.081087758668815,3.9468458625958007,-70.6143110010311,11.165115805461385
1759926289922818000,576.1628181152344,606.7325168866664,2.7132110121415827,18.679032142008417,-33.446816984212454,580.9178234357387,274.0066833496094,8.042378828260768,3.8391144412821614,-70.61444705618487,11.76576052605916
1759926290922799000,577.1627990722657,606.4971778113395,2.7146876373071627,18.033646617246582,-33.44679777345281,580.6824843604118,283.04736328125,8.021413850167491,3.691596639662578,-70.6145870998023,12.195175227840798
1759926291922780700,578.1627807617188,606.3595681749284,2.7131485357245984,17.772224735575936,-33.44676594127791,580.5448747240007,284.14947509765625,8.01103460353482,3.5854354854480555,-70.61471675230695,12.367882260237097
1759926292922761500,579.1627614746094,606.2515645287931,2.716348504387884,17.643014374305068,-33.44672828776094,580.4368710778654,294.0367126464844,8.005531739636123,3.5538168012890825,-70.61484866983992,12.474223528182256
1759926293922743300,580.1627434082031,606.2182770418003,2.7203212434218935,17.581518249630562,-33.446665710099104,580.4035835908726,299.97906494140625,8.002793220063344,3.5534324585223396,-70.61496693752636,12.536048115227873
1759926294922724400,581.1627243652343,605.994491760619,2.7196171486299474,17.189555558172344,-33.446595112343736,580.1797983096913,299.52374267578125,8.135587002756772,3.6476028848793414,-70.61508806090971,12.81740675517617
1759926295922706000,582.1627058105469,606.022374025546,2.716170694842817,16.88629507072851,-33.44652851688137,580.2076805746183,299.52374267578125,8.066377867613667,3.5555728013907895,-70.61521072465297,13.032024929090644
1759926296922687000,583.1626870117187,606.0568187544122,2.7177170702585842,16.786861403365812,-33.44646019221687,580.2421253034845,299.52374267578125,8.032561118855932,3.4405700569301567,-70.61533059292213,13.117159696828725
1759926297922668000,584.16266796875,606.074338182807,2.719578213614891,16.670211156742393,-33.44639313742218,580.2596447318792,302.1055908203125,8.01603587877451,3.3472231961382795,-70.6154505835828,13.217507688339678
1759926298922648800,585.1626489257812,606.2115220520645,2.724082227669894,16.6522307619692,-33.44633053295142,580.3968286011368,302.1055908203125,8.00790887089642,3.318924384234112,-70.6155736292615,13.255173761954122
1759926299922631400,586.1626313476562,606.1927642812952,2.7178456774589344,16.471870708187488,-33.446263189013784,580.3780708303675,302.1055908203125,8.003815694490937,3.2844898894670362,-70.61569880643728,13.369605857848407
1759926300922611700,587.1626118164063,606.1778228757903,2.7270468844629283,16.583682415239366,-33.446199543135975,580.3631294248626,303.69873046875,8.001886990955676,3.2541819576372424,-70.61581859210378,13.324434413672197
1759926301922593500,588.1625935058594,606.1178951198235,2.724287287508989,16.62827408505005,-33.44613961259525,580.3032016688958,303.69873046875,8.000931167063918,3.221468673188049,-70.61594106772458,13.274437163063913
1759926302922574800,589.1625749511719,606.0015537599102,2.722083709082953,16.64019001028259,-33.44607249509617,580.1868603089824,301.26275634765625,9.010383104476286,3.5099241677730775,-70.61606210934781,13.25480785792204
1759926303922556200,590.1625561523438,605.9433180624619,2.7260249753918204,16.6454805971168,-33.44600505314104,580.1286246115342,301.26275634765625,9.008277625598144,3.46542124541745,-70.61618482085242,13.268797764494352
1759926304922537500,591.1625373535156,605.8143765823916,2.7275033214431046,16.661346202427126,-33.44593954461669,579.9996831314638,301.26275634765625,8.489300345960983,3.251875252884489,-70.61630842996236,13.264136754120658
1759926305922519000,592.1625190429687,606.4023251868784,1.0826190548226586,7.258951345765563,-33.44587477656,580.5876317359507,302.3433837890625,11.448459623423846,4.081788947747505,-70.61642826147612,12.855184197465205
1759926306922500600,593.1625004882812,605.6267704898492,0.9587300276566356,7.256941787236531,-33.445815995808935,579.8120770389214,302.3433837890625,12.841542329665089,4.420335816482357,-70.61653310184356,12.017464154795691
1759926307922481700,594.1624816894531,604.5153667973354,0.9892962976235498,7.505445732656463,-33.44576149709384,578.7006733464077,305.72211502862274,13.494056150107138,4.6100663143879475,-70.61661910207232,10.598701478991178
1759926308922463500,595.1624633789063,604.0782224815339,1.0252120737797519,9.4686645025996,-33.44572105948199,578.2635290306062,305.7777938367349,13.811765074110324,4.8900129658518505,-70.6166874507458,8.660340694202228
1759926309922444800,596.1624448242187,604.1130480086431,1.0519483388486506,13.493853429596559,-33.44569957329474,578.2983545577154,305.4486967569198,13.96302335279653,5.061054137504236,-70.61672508511755,6.233554030893313
1759926310922425900,597.16242578125,604.3990507936105,1.0490613578846255,20.768634108126516,-33.44568430537332,578.5843573426828,307.6960666502444,14.033756168655556,5.242447706256484,-70.61674375977263,4.058437708386658
1759926311922407700,598.1624077148438,604.8612085944042,1.0593136659754785,34.59432331675346,-33.44567621573307,579.0465151434764,303.69311722983144,14.076195863851234,5.3188165943608325,-70.61676143401938,2.4785733424134
1759926312922388200,599.1623881835937,605.0936997290701,1.0473891840485579,119.17980137199217,-33.44568258012036,579.2790062781423,292.71197747839165,14.104489004667057,5.418673718010474,-70.61675375016402,0.6897712619016606
1759926313922369300,600.1623693847656,605.328880221583,1.3309338414858294,180,-33.44568730262225,579.5141867706552,290.9100829736844,14.124698383845812,5.8022192903637855,-70.6167464815439,0
1759926314922351400,601.1623513183594,605.328880221583,1.347641640163298,180,-33.44568730262225,579.5141867706552,290.9100829736844,14.139855409686994,5.838160187479476,-70.6167464815439,0
1759926315922332700,602.1623327636719,605.328880221583,1.3542608705367514,180,-33.44568730262225,579.5141867706552,290.9100829736844,14.15164420756347,5.800163571366249,-70.6167464815439,0
1759926316922313500,603.1623134765625,605.328880221583,1.2957683905074902,180,-33.44568730262225,579.5141867706552,290.9100829736844,14.161075245864652,5.718104617382411,-70.6167464815439,0
1759926317922295600,604.1622956542968,605.328880221583,1.2951510058823323,180,-33.44568730262225,579.5141867706552,290.9100829736844,14.16879154992925,5.672715510910455,-70.6167464815439,0
1759926318922276600,605.1622766113281,605.328880221583,1.2116912969035647,180,-33.44568730262225,579.5141867706552,290.9100829736844,14.175221803316422,5.62112820205524,-70.6167464815439,0
1759926319922257200,606.1622570800781,605.328880221583,1.2131221302724262,180,-33.44568730262225,579.5141867706552,290.9100829736844,14.180662786951716,5.589127631063027,-70.6167464815439,0
1759926320922238700,607.1622387695312,605.328880221583,1.2107045613563034,180,-33.44568730262225,579.5141867706552,290.9100829736844,14.185326487210542,5.5839439763784435,-70.6167464815439,0
1759926321922220300,608.1622202148437,605.328880221583,1.21073936891756,180,-33.44568730262225,579.5141867706552,290.9100829736844,14.18936836076819,5.526897621290614,-70.6167464815439,0
1759926322922202000,609.1622021484375,606.5397285763174,1.4601429279939928,180,-33.44567250988611,580.7250351253897,290.91009036533313,14.192904998668128,5.682326336546239,-70.61676080057173,0.08946154997124005
1759926323922183000,610.1621828613281,606.3418766623363,1.464984657241489,180,-33.44567337581823,580.5271832114086,290.9100923794058,14.196025562304241,5.650811876754223,-70.61676427964156,0.11762955031151258
1759926324922164000,611.1621640625,606.525746720843,1.481891768352432,180,-33.44567173532481,580.7110532699153,290.91009509370247,14.19879939540229,5.56507079179512,-70.6167692105458,0.24175402743192945
1759926325922145800,612.1621457519532,606.50451716315,1.4092739986246405,180,-33.445665413855615,580.6898237122223,290.91009513967435,14.201281249401108,5.376258176676311,-70.61676983719632,0.1836456288105305
1759926326922127400,613.1621274414063,606.5097811641172,1.3586166980532681,180,-33.445665054902065,580.6950877131894,290.9100947661227,14.203514918219959,5.321901096302076,-70.61676920904767,0
1759926327922108200,614.1621081542969,606.5718325860798,1.1999950948510174,180,-33.445671946329426,580.7571391351521,290.9100996508527,14.205636901837725,5.379352814431347,-70.61677723335323,0
1759926328922089200,615.1620891113281,606.5718325860798,1.1961275006742789,180,-33.445671946329426,580.7571391351521,290.9100996508527,14.207652786274602,5.36939039197433,-70.61677723335323,0
1759926329922071000,616.1620710449218,606.5437719514593,0.9812511707903244,180,-33.44567038052431,580.7290785005316,290.9101006944753,14.209567876489636,5.4126602411794735,-70.61677920993516,0
1759926330922051800,617.1620517578125,606.46198521927,1.4452664796134156,180,-33.445671222280446,580.6472917683423,290.910099829964,14.211387211951894,5.7307629692264195,-70.61677761187666,0.024169625009233857
1759926331922033400,618.1620334472656,606.4615081157535,1.4265955756603643,180,-33.44567125160067,580.6468146648258,290.91009977951796,14.213115581112985,5.790306943094164,-70.61677752033509,0
1759926332922014700,619.1620146484375,606.7189717395231,1.419208959614412,180,-33.44567287942189,580.9042782885954,290.91010536433373,14.214757529300538,5.798302296084006,-70.6167872341711,0.19494718244141038
1759926333921996000,620.16199609375,606.745189932175,1.3717613786383784,180,-33.44567326372161,580.9304964812472,290.91010532383086,14.216317384535557,5.789371811237814,-70.61678712953987,0
1759926334921978000,621.1619780273437,606.6067234743387,0.9750659945520321,180,-33.445669659446935,580.7920300234109,290.9101078023177,14.217799244837543,5.644025177735096,-70.61679181383398,0
1759926335921959400,622.1619594726562,606.6067234743387,1.4421662632744823,180,-33.445669659446935,580.7920300234109,290.9101078023177,14.219207012124432,5.907459614501388,-70.61679181383398,0
1759926336921940500,623.1619404296875,606.6067234743387,1.410921405692543,180,-33.445669659446935,580.7920300234109,290.9101078023177,14.220544391046975,5.9009303748122885,-70.61679181383398,0
1759926337921921800,624.161921875,606.6067234743387,1.4233197471385837,180,-33.445669659446935,580.7920300234109,290.9101078023177,14.221814901023388,5.976766212919961,-70.61679181383398,0
1759926338921903000,625.1619030761718,606.6067234743387,1.444169452156405,180,-33.445669659446935,580.7920300234109,290.9101078023177,14.223021885500984,5.782701312559763,-70.61679181383398,0
1759926339921884400,626.1618845214844,606.6067234743387,1.4671225225452105,180,-33.445669659446935,580.7920300234109,290.9101078023177,14.224168520754699,5.963187881042277,-70.61679181383398,0
1759926340921866200,627.1618662109375,606.6067234743387,1.463162170389683,180,-33.445669659446935,580.7920300234109,290.9101078023177,14.225257824245727,5.903814624564787,-70.61679181383398,0
1759926341921847300,628.1618474121094,606.6067234743387,1.4584261416759146,180,-33.445669659446935,580.7920300234109,290.9101078023177,14.226292662562203,5.8334545295491775,-70.61679181383398,0
1759926342921828400,629.1618283691406,606.6607581116259,1.4654188532897605,180,-33.445655976910395,580.8460646606982,290.91011466589885,14.227275756217642,5.867201154965857,-70.61680510530333,0.15788490858276436
1759926343921810000,630.1618098144531,606.6576164681464,1.4221344840119134,180,-33.445656169977006,580.8429230172187,290.910114333724,14.228209700543477,5.868910271533796,-70.61680450252457,0
1759926344921791000,631.161791015625,606.6576164681464,1.4204742072037584,180,-33.445656169977006,580.8429230172187,290.910114333724,14.229096945045066,5.90799349965256,-70.61680450252457,0
1759926345921773000,632.1617729492187,606.6576164681464,1.4275616795196648,180,-33.445656169977006,580.8429230172187,290.910114333724,14.229939827321576,5.894304818115313,-70.61680450252457,0
1759926346921753900,633.16175390625,606.6576164681464,1.4092898694941474,180,-33.445656169977006,580.8429230172187,290.910114333724,14.230740565484261,5.857070292543331,-70.61680450252457,0
1759926347921735400,634.1617353515625,606.6576164681464,1.3689109341259624,180,-33.445656169977006,580.8429230172187,290.910114333724,14.231501266738812,5.85928178072278,-70.61680450252457,0
1759926348921717200,635.1617172851562,606.6576164681464,1.3323855052207192,180,-33.445656169977006,580.8429230172187,290.910114333724,14.232223932930635,5.842879361431379,-70.61680450252457,0
1759926349921698300,636.1616982421875,606.5703928759322,1.433017136003304,180,-33.44566172980491,580.7556994250044,290.91013146426326,14.232910465812866,6.084241647225791,-70.61683424926578,0
1759926350921679600,637.1616796875,606.5703928759322,1.4144651933546741,180,-33.44566172980491,580.7556994250044,290.91013146426326,14.233562672050988,6.085307930903087,-70.61683424926578,0
1759926351921660400,638.1616604003906,606.5604592133313,1.3996556764028876,180,-33.44566693096579,580.7457657624036,290.9101357240641,14.23418226670774,6.064300502537406,-70.61684131675119,0.09424343766880651
1759926352921642200,639.1616423339843,606.4494720641524,1.4165983177282078,180,-33.44567290598074,580.6347786132246,290.91013790171274,14.234770884107105,6.302222186225055,-70.61684464352976,0
1759926353921623300,640.1616232910156,606.5402800766751,1.4273728060402917,180,-33.44567196187194,580.7255866257474,290.91014180257457,14.235330066959593,6.352552667719574,-70.61685160800916,0.2173043215381412
1759926354921604600,641.1616044921875,606.461529539898,1.4389756660913908,180,-33.44567013471858,580.6468360889703,290.9101427928144,14.235861295487751,6.259483809069803,-70.61685351295395,0
1759926355921585700,642.1615856933594,606.4421355659142,1.4290947190015162,180,-33.44566564218065,580.6274421149865,290.91014604834754,14.236365957961118,6.190412912794562,-70.61685964499368,0.31754710366161676
1759926356920038400,643.1600383300781,606.3599044987932,1.39694085567629,180,-33.44566236873159,580.5452110478655,290.9101461958436,14.236845391758782,6.126116384421877,-70.6168601877485,0
1759926357920839000,644.1608388671875,606.3599044987932,1.1472951225638863,180,-33.44566236873159,580.5452110478655,290.9101461958436,14.237300851699606,6.143642242151186,-70.6168601877485,0
1759926358920820000,645.1608200683594,606.3599044987932,0.9503418109043328,180,-33.44566236873159,580.5452110478655,290.9101461958436,14.237733538643392,6.068496575610478,-70.6168601877485,0
1759926359920343300,646.1603432617187,606.3599044987932,1.4112660066441753,180,-33.44566236873159,580.5452110478655,290.9101461958436,14.238144591239987,6.078340825995296,-70.6168601877485,0
1759926360920546000,647.1605461425781,606.3202446354553,0.8200467111401988,180,-33.44566046302284,580.5055511845276,294.013951879497,14.23853509120675,5.8612251215495865,-70.61688334402704,0
1759926361920528000,648.1605278320312,606.5532016381621,0.9752553633870251,31.890147141047752,-33.44564519504895,580.7385081872344,293.90774478614026,14.238906049308586,6.0851811821937725,-70.61692769660301,2.4638815064699626
1759926362919925800,649.15992578125,607.4477896401659,1.0095462658689278,18.084431621069786,-33.44562344510571,581.6330961892381,297.42481750509637,14.239258490108298,6.096619540147244,-70.616985468471,4.4272389179277525
1759926363920082200,650.1600822753907,607.9278967678547,1.0163961258583945,13.708680905845107,-33.44559173431292,582.113203316927,300.73341521849153,14.239593328582801,6.579280035975485,-70.61704984133337,5.885042937646939
1759926364920064000,651.1600639648437,608.7780812354758,1.0163906648262742,10.219964234084925,-33.44554001159573,582.9633877845481,302.2849774933301,14.240833580752922,6.326909798880504,-70.6171400597058,7.9276393653867485
1759926365919900400,652.159900390625,608.9186251303181,1.0221264235653909,9.113399667854338,-33.44549372583174,583.1039316793904,301.8188781738281,14.242434145079162,6.719127194692781,-70.61723250140402,9.00768353090581
1759926366919616000,653.1596159667969,608.3182387724519,1.0432844228823304,8.387047625198147,-33.44543795522249,582.5035453215241,301.8188781738281,14.24381098793449,6.9559331901893575,-70.61733021105339,10.06873512110471
1759926367919597000,654.1595971679687,607.9648349545896,1.0542733949946788,8.121521647271182,-33.44538268031301,582.1501415036619,301.8188781738281,14.24469392437589,6.663397430263452,-70.61742631002083,10.514443855413653
1759926368920192800,655.1601928710937,608.3629316231236,1.1079597108151162,8.053185266709534,-33.445325334403165,582.5482381721959,301.8188781738281,14.24527615725525,6.006460283065385,-70.61753561648497,11.132102687146913
1759926369919842300,656.1598422851563,607.8070263089612,1.099334203892256,7.462597933502099,-33.445263067978,581.9923328580335,304.5934753417969,14.245608737030746,5.82357590149867,-70.6176581913724,11.935556320241368
1759926370919824100,657.15982421875,607.5789255322888,1.1003711704132817,7.258958629039444,-33.445208680567404,581.7642320813611,304.5934753417969,14.245781665797756,5.979145784209492,-70.61779164603543,12.641077733289091
1759926371919805000,658.1598049316407,606.9717209544033,1.1302795660367546,7.258611800402274,-33.44514899833637,581.1570275034755,304.5934753417969,14.245868611889263,5.799896345763189,-70.61791705947984,12.947833338716245
1759926372919787000,659.159787109375,606.7760181296617,1.173077792047519,7.321080944704935,-33.4450816369142,580.961324678734,304.5934753417969,14.245911909370681,5.13130078587097,-70.61803405097886,12.982065658335488
1759926373919767800,660.1597678222656,605.7874866575003,1.1184422520643755,7.25736128412552,-33.44500418605657,579.9727932065725,297.6904296875,14.245933342811812,5.002483980447142,-70.61814198658523,12.748511706654776
1759926374919749400,661.1597492675781,605.3285010987893,1.0846664192218098,7.257183841491764,-33.444948747678914,579.5138076478615,293.0006408691406,14.245944209870963,5.194987541707097,-70.61827485195123,12.862217723022919
1759926375919731000,662.1597309570312,605.0382047463208,1.082231299825232,7.257526277916365,-33.44492429040818,579.2235112953931,287.7085876464844,14.24594917411168,4.907022677458432,-70.61839891953652,12.347103541683243
1759926376919712500,663.1597124023438,605.4224509270862,1.0525815145580915,7.258951671259675,-33.44488414336683,579.6077574761584,282.07977294921875,14.24595166312511,4.788830001665473,-70.61851735840521,11.784347933254926
1759926377919693300,664.159693359375,605.3098388584331,1.0346484569294874,7.258936237073692,-33.44486801650043,579.4951454075053,277.0068054199219,14.245952938306587,4.806164940083201,-70.61864575110742,11.565520589021073
1759926378919675000,665.1596748046875,605.5894578797743,1.0319611575303338,7.383644339654576,-33.44487840013508,579.7747644288465,272.11151123046875,14.245953580459952,5.001544383057429,-70.6187713014289,11.326808785361644
1759926379919656200,666.15965625,604.4330364549533,1.0118189678170821,7.782809247466204,-33.44486873347049,578.6183430040255,265.7911376953125,14.24595395953608,5.093316514504475,-70.6188787176061,10.505807020344397
1759926380919637800,667.1596376953125,604.362967569381,1.0327890077297788,8.262198062471274,-33.444881435815894,578.5482741184533,261.56561279296875,14.24595419593095,4.9609596093997155,-70.61898562282086,10.112494320954822
1759926381919618300,668.1596184082031,604.6547378841788,1.045522226296032,8.931177767531782,-33.4448992083163,578.840044433251,257.101806640625,14.245954338917176,4.895847533436279,-70.61908262686481,9.483672119725089
1759926382919599600,669.159599609375,603.285459369421,2.796680042519976,27.70349475971255,-33.444886407285075,577.4707659184933,256.0818176269531,11.645684838112079,6.009785427257938,-70.61915435883925,8.060010923924795
1759926383919581400,670.1595815429688,602.7452367981896,2.805853187461935,30.446575112857225,-33.4449031529596,576.9305433472618,256.0818176269531,10.275772078352155,5.530040414186008,-70.61922881350357,7.247046056237651
1759926384919562200,671.1595622558593,602.6287900581956,2.873580051362514,39.34003451115793,-33.44491318148896,576.8140966072679,256.0818176269531,9.65087752906372,5.10914545103068,-70.61928163096485,5.576376734024201
1759926385919543800,672.1595437011719,603.0538964029402,2.923130912991295,60.76113701695615,-33.44492138549187,577.2392029520124,256.0818176269531,9.424651330846448,4.902194108481071,-70.6193120234766,3.583643947811366
1759926386919525400,673.159525390625,603.0449243150651,3.4480934603038382,109.74901455993746,-33.44492168612379,577.2302308641374,256.0818176269531,9.785843219795211,5.220153688069551,-70.61932278203008,1.6897480130018676
1759926387919507000,674.1595068359375,603.4429323878139,3.9925497447204505,180,-33.44492326597434,577.6282389368862,256.0818176269531,9.530722769563678,5.45110804020407,-70.61931665603366,0.11064815635971423
1759926388919488500,675.1594885253907,603.7192257419229,4.026337708831609,180,-33.44492596377148,577.9045322909951,256.0818176269531,9.865291185701087,5.963328447721252,-70.61931808300339,0.12328089231740211
1759926389919469300,676.1594692382813,603.9107639864087,4.016308679036441,180,-33.444927240071685,578.096070535481,256.0818176269531,9.658036609923148,5.821095675236999,-70.61932004970626,0.07751176604264194
1759926390919450400,677.1594504394532,603.9658019943163,4.006277767298161,180,-33.44492724033693,578.1511085433885,256.0818176269531,9.649225474442979,5.646163303549617,-70.6193196687737,0
1759926391919432200,678.1594321289062,603.9658019943163,3.986841309475307,180,-33.44492724033693,578.1511085433885,256.0818176269531,9.612600763651386,5.51600405897446,-70.6193196687737,0
1759926392919413800,679.1594138183593,603.9658019943163,3.9870202294976815,180,-33.44492724033693,578.1511085433885,256.0818176269531,9.62100100238651,5.3397286131924275,-70.6193196687737,0
1759926393919394800,680.1593947753906,604.5404819166288,2.913067434015361,61.169917033303186,-33.44494582709453,578.725788465701,256.0818176269531,9.496308611004368,5.528137799620505,-70.61936979436236,3.813311209935318
1759926394919376400,681.1593764648437,605.6682743746787,2.8227194408688248,41.57988632031974,-33.44496274176422,579.853580923751,255.05934143066406,9.389429429746228,5.586691874720081,-70.6194241741517,5.1589997818192455
1759926395919357000,682.1593569335937,606.3675070405006,2.734620676211204,31.47100711190666,-33.444984550955716,580.5528135895729,255.05934143066406,9.323474626183025,5.427534146036406,-70.61950609283839,6.912421018275777
1759926396919338800,683.1593388671874,606.5596180353314,2.7257730183858064,25.733516183060516,-33.445010638540964,580.7449245844036,255.62432861328125,9.331176695981721,5.35841604557376,-70.61960215717511,8.501180388252765
1759926397919320300,684.1593203125,606.7599533144385,2.7195117380512,21.817001944441927,-33.44503898703837,580.9452598635107,255.62432861328125,9.112015101924948,5.149722401580467,-70.61971396157331,10.047065436161716
1759926398919301600,685.1593015136718,606.9081350434572,2.726944860821881,19.8072521976114,-33.44506654332475,581.0934415925294,255.62432861328125,8.648665286232694,4.631415328918634,-70.61983546561396,11.113318712413326
1759926399919283000,686.1592829589844,607.6649537608027,2.7261987419964324,17.96549753526557,-33.445099469670346,581.850260309875,254.56372271435828,8.339719350558003,4.399514149408072,-70.61997067580644,12.234159083019174
1759926400919264300,687.1592641601562,607.7239960869774,2.717924785729844,16.991159689469967,-33.44513762870235,581.9093026360497,254.11444170865968,8.170082815271957,4.178779471053464,-70.62011000247293,12.899175471245725
1759926401919245300,688.1592453613281,607.4194858418778,2.7121712542573135,16.717238347577894,-33.445173087318416,581.60479239095,253.89121155341445,8.084369521801221,4.053875219928569,-70.6202474022937,13.105384743848138
1759926402919227100,689.1592270507813,606.9207371296361,2.7166020081488558,16.657900297996846,-33.44520267164006,581.1060436787084,254.3729184314503,9.042932948000216,4.3717328225120164,-70.62038862330807,13.186328439800842
1759926403919208000,690.1592080078125,606.0799954896793,2.7283275390634882,16.690229688287406,-33.44523151734125,580.2653020387515,255.05990169870202,8.510892997458827,3.942791683156467,-70.62052938109662,13.23392822913371
1759926404919189800,691.1591896972657,605.7158634988591,2.7267166733221972,16.56944518663036,-33.44524067970057,579.9011700479314,255.51141357421875,10.267609066163649,4.5862685387459585,-70.62067828105494,13.325667963410725
1759926405919171000,692.1591711425781,605.4893755810335,2.727124318593025,16.722244058932702,-33.445271873425355,579.6746821301058,255.51141357421875,11.21865430367572,4.911693608792949,-70.62082227595897,13.207275950064139
1759926406919151900,693.1591518554687,604.776284349151,2.720035171344193,17.85473002730928,-33.44529525083827,578.9615908982232,255.51141357421875,9.555185243938645,4.752764544179969,-70.62094889322631,12.341282253139656
1759926407919133700,694.1591337890625,603.9387397523969,2.71883668705905,19.797341166098906,-33.4453050601675,578.1240463014692,255.51141357421875,8.816164773467152,4.562719094854741,-70.62106356671443,11.12789762563946
1759926408919115000,695.1591149902343,603.8333639167249,2.715072851536752,21.49688731693137,-33.4453197462513,578.0186704657972,255.51141357421875,8.442125431767952,4.453272817588276,-70.62117454099834,10.232237178712476
1759926409919096000,696.1590959472657,603.5767504908144,2.717403450642768,21.911424998312135,-33.445343729618095,577.7620570398867,255.51141357421875,8.25247032513931,4.142246536547425,-70.6212768671008,10.047383735404974
1759926410919078000,697.1590778808594,603.6129498677328,2.7189212540777827,22.197168948388843,-33.44536331262043,577.7982564168051,256.1748046875,8.148625675566803,4.126062445895862,-70.62137278779193,9.9247556409066
1759926411919058700,698.15905859375,603.58940607775,2.7111631426446756,20.315307137727014,-33.44539206433488,577.7747126268223,256.1748046875,8.082008358024094,4.284922687826852,-70.62149405337712,10.81344121833042
1759926412919040500,699.1590405273438,603.847837632522,2.707448781166817,18.63755593654888,-33.44542219536838,578.0331441815943,255.8828582763672,8.043599827943401,4.151874986472167,-70.6216251757509,11.770735285347786
1759926413919021600,700.159021484375,603.7583330310881,2.7087137716541596,17.319496218013885,-33.44545173172265,577.9436395801604,255.8828582763672,8.02228255216573,4.260693221511026,-70.6217627919568,12.67258857482124
1759926414919002600,701.1590026855469,603.66709104646,2.7148759083179597,17.05140601488797,-33.44547811792091,577.8523975955322,255.8828582763672,8.011037389197677,4.368177747141415,-70.62190493828962,12.901055171400762
1759926415918984400,702.158984375,603.436127351597,2.711793045442254,17.5105666171214,-33.44550563042132,577.6214339006692,255.8828582763672,8.005420660525385,4.33214872685864,-70.62204085663717,12.54818361737449
1759926416918965000,703.1589650878906,603.3375737462193,2.710965423604546,18.068636041177992,-33.445532457880404,577.5228802952915,255.8828582763672,8.002706467162245,4.632589466062292,-70.62217302591588,12.157132169699135
1759926417918947000,704.1589470214843,603.0491866152734,2.7107304669663126,19.007687132966236,-33.44555495046175,577.2344931643456,255.8828582763672,8.001404729745897,4.654092950031619,-70.62229528009185,11.555621327233606
1759926418918928100,705.1589282226563,602.699604569003,2.7116376154124975,19.484938683141454,-33.44557666686218,576.8849111180753,255.8828582763672,8.23004155809415,4.752500658476637,-70.62241620663042,11.27610654906068
1759926419918909400,706.1589094238282,602.5205752467737,2.715050078800838,19.14825436053445,-33.44559942361903,576.7058817958459,255.8828582763672,8.12570556307341,4.490105160807564,-70.62253468159618,11.488594764731005
1759926420918890500,707.1588903808594,602.5299633517861,2.7038415007281866,19.070144310260392,-33.44562719749628,576.7152699008584,256.020751953125,8.068455252462774,4.340650974837742,-70.62265001523977,11.487560816675604
1759926421918872300,708.1588723144531,602.3867204450071,2.712976763500575,19.85159471811915,-33.44565120621034,576.5720269940794,256.020751953125,8.036820333447297,4.130451115951296,-70.6227640604644,11.073369558497191
1759926422918853600,709.158853515625,602.2381041012704,2.709854815693311,20.87188458137228,-33.44567518126382,576.4234106503427,255.67640686035156,8.020284742307547,3.9611591607577026,-70.62287163446686,10.519342443621591
1759926423918834400,710.1588344726563,602.1361245885491,2.7093624940095236,20.794958490723264,-33.445702777200225,576.3214311376214,255.67640686035156,8.011401204976467,3.8787502194544166,-70.62297913589092,10.55581266845486
1759926424918815700,711.1588156738281,602.0182498171926,2.7165060930910574,19.691500131804624,-33.44572703565103,576.2035563662648,255.8835906982422,8.00638780147961,3.9556390762930858,-70.62309494016618,11.177560569008149
1759926425918797600,712.1587976074219,602.0798207288608,2.7156569237305224,18.383903056129483,-33.445753955993794,576.2651272779331,255.8835906982422,8.003479211447441,3.873292202912872,-70.62321885448662,11.969363820835904
1759926426918779100,713.1587790527344,601.9011532468721,2.648965192657254,16.695897951784573,-33.44578704426837,576.0864597959444,255.8835906982422,8.001779288049862,3.641216392640136,-70.62335734452202,12.854505310854725
1759926427918760000,714.1587600097656,601.90957979206,2.716875048224516,16.99400175030874,-33.445812970377034,576.0948863411322,255.8835906982422,8.000896072730006,3.9300928757506917,-70.6234916497198,12.951250355955342
1759926428918741800,715.1587416992187,601.6313313087448,1.1390761030313727,7.258487625430795,-33.44584351273155,575.8166378578171,255.8835906982422,8.000434001695284,3.8907822563166006,-70.62363529669494,13.086405756707045
1759926429918722600,716.15872265625,601.5659178160131,0.9543991139206921,7.2586873252427955,-33.44587123574433,575.7512243650854,255.8835906982422,8.000211631183355,3.963952687800831,-70.62377771977175,13.13645130572063
1759926430918704000,717.1587041015625,601.3045475231484,0.9490297836333677,7.257970821731777,-33.44589858782971,575.4898540722206,255.8835906982422,8.000102724571425,4.170481458567141,-70.62392172715903,13.266379458210693
1759926431918685400,718.158685546875,601.6173111936077,0.9702074797010911,7.2589740777015805,-33.44592865746057,575.80261774268,255.97531127929688,8.000049074064968,4.183071334989757,-70.62407295756886,13.692669943024262
1759926432918666800,719.1586667480469,600.7930294852704,0.9826401099621608,7.257210642548912,-33.4459585665673,574.9783360343426,255.97531127929688,8.000023286874837,4.020860534851001,-70.6242106629184,13.487007262744767
1759926433918648300,720.1586484375,599.7943794177845,1.007220808677115,7.252217529280646,-33.44599335928304,573.9796859668568,255.2510223388672,8.0000112166858,3.8630976590562547,-70.62434123073216,12.931555461349602
1759926434918629000,721.1586291503907,599.4287882708013,0.9540070405074884,7.249354457346985,-33.446016698716974,573.6140948198736,255.849609375,8.000005608542113,4.029788707332239,-70.62445970384978,11.84173740363083
1759926435918611200,722.1586110839844,599.784175587818,2.723748045754138,21.623264564269057,-33.44603496654176,573.9694821368903,255.849609375,8.000003148330505,4.339210323600978,-70.62455908289638,10.202384527256294
1759926436918592300,723.1585922851563,599.0260533299297,2.7323084293690525,22.329832977240606,-33.44605304668636,573.211359879002,255.849609375,8.000001822511758,4.27254082743277,-70.62466687374216,9.843794559052526
1759926437918573300,724.1585732421875,599.2493717214093,2.731279921877527,26.38877583888926,-33.446062861284176,573.4346782704815,255.849609375,8.00000104305836,4.155786683564955,-70.62475644456804,8.356625913899345
1759926438918554600,725.1585546875,598.6567417057231,2.7731498787522044,35.24443782288532,-33.446084257808714,572.8420482547954,255.849609375,8.000000615076877,4.6221940829660495,-70.62481342989778,6.161363689344471
1759926439918535700,726.1585356445313,598.8069048793986,2.889080061464048,55.73982952940374,-33.44609147946321,572.9922114284709,255.849609375,8.000000447636317,5.194854422535954,-70.62484844088358,3.7864434081112717
1759926440918517800,727.1585178222656,598.8246063003317,3.7252362201766447,180,-33.44609296947219,573.0099128494039,255.849609375,8.000000385790164,5.070908996228492,-70.62485419890275,1.1971700612985097
1759926441918498600,728.1584985351562,599.1442819572985,4.019126150409433,180,-33.44609384405072,573.3295885063708,255.849609375,8.000000329483694,4.827823202034978,-70.62484709346614,0.206437653844415
1759926442918480600,729.1584807128907,599.4398904060945,3.9903011570917553,180,-33.44609418612494,573.6251969551668,255.849609375,8.000000282920851,4.673710184847289,-70.62484827032951,0
1759926443918461400,730.1584614257813,599.4398904060945,3.983732927001412,180,-33.44609418612494,573.6251969551668,255.849609375,8.000000247555745,4.52986019603991,-70.62484827032951,0
1759926444918442200,731.1584421386718,599.4398904060945,3.980630911302791,180,-33.44609418612494,573.6251969551668,255.849609375,8.070878370916287,4.313732112277582,-70.62484827032951,0
1759926445918424000,732.1584240722656,599.4398904060945,3.979936512703036,180,-33.44609418612494,573.6251969551668,255.849609375,8.063790533824658,4.158822893242922,-70.62484827032951,0
1759926446918405000,733.1584050292969,599.4398904060945,3.9727335125359873,180,-33.44609418612494,573.6251969551668,255.849609375,8.057991394386052,4.124985448733229,-70.62484827032951,0
1759926447918387200,734.1583872070313,599.4398904060945,3.964272264045031,180,-33.44609418612494,573.6251969551668,255.849609375,8.053158778187214,3.943960388847699,-70.62484827032951,0
1759926448918368300,735.1583681640625,599.4398904060945,3.9893075571855046,180,-33.44609418612494,573.6251969551668,255.849609375,8.049069641403582,3.9744425155924055,-70.62484827032951,0
1759926449918349800,736.1583498535156,599.4398904060945,3.9847113845417987,180,-33.44609418612494,573.6251969551668,255.849609375,8.045564667017612,3.864884949349275,-70.62484827032951,0
1759926450918330600,737.1583305664062,599.4398904060945,3.9780282107665834,180,-33.44609418612494,573.6251969551668,255.849609375,8.04252702254977,3.7446110502648593,-70.62484827032951,0
1759926451918311700,738.1583117675781,600.7572698555887,2.854319905423019,124.0273797037634,-33.44611013857398,574.9425764046609,255.849609375,8.039869099314487,5.12930664730078,-70.62492378055667,1.7158237463585029
1759926452918293500,739.1582934570313,600.9076649770141,3.8803831912391704,180,-33.44610994780238,575.0929715260863,255.849609375,8.037523860262366,5.442489492981571,-70.62493309034427,1.1642562841606667
1759926453918274800,740.1582749023438,600.9870614167303,4.055631178356912,180,-33.44611016660318,575.1723679658026,255.849609375,8.035439187778655,4.88118970501944,-70.62493214846621,0.24454212807836007
1759926454918255600,741.1582556152343,600.9540042709559,4.049698866699053,180,-33.44611276735885,575.1393108200282,255.849609375,8.033573965584813,4.543126920193519,-70.62492843708195,0.09204721383209793
1759926455918237200,742.1582373046875,601.0402811449021,4.051574451399762,180,-33.44611337528404,575.2255876939744,255.849609375,8.031895267379172,4.318624497539986,-70.6249282501245,0.12304128812501161
1759926456918218500,743.1582185058594,601.0581927457824,4.040739513387424,180,-33.44611330479288,575.2434992948547,255.849609375,8.03030050356671,4.168774757148381,-70.62492763292848,0
1759926457918200600,744.1582006835938,601.0581927457824,4.035247292879991,180,-33.44611330479288,575.2434992948547,255.849609375,8.028785478388375,4.077405010549026,-70.62492763292848,0
1759926458918181400,745.1581813964843,601.0581927457824,3.7231201271667036,180,-33.44611330479288,575.2434992948547,255.849609375,8.027346204468957,3.929076695331909,-70.62492763292848,0
1759926459918163000,746.1581628417969,601.0581927457824,3.747773696888458,180,-33.44611330479288,575.2434992948547,255.849609375,8.02597889424551,3.839710148614092,-70.62492763292848,0
1759926460918144300,747.1581442871094,600.9407182941213,3.726046005246773,180,-33.446126728526444,575.1260248431936,255.849609375,8.024679949700303,3.725075735546084,-70.62492576591505,0.13604213056363312
1759926461918125300,748.1581252441406,600.9155567511916,3.704466175618881,180,-33.44612810361078,575.1008633002639,255.849609375,8.023445952056573,3.7295023717464866,-70.6249282238422,0
1759926462918106400,749.1581064453125,600.9155567511916,3.72015625364071,180,-33.44612810361078,575.1008633002639,255.849609375,8.022273654453745,3.761438005659905,-70.6249282238422,0
1759926463918088700,750.1580886230469,600.9155567511916,3.7300743973166224,180,-33.44612810361078,575.1008633002639,255.849609375,8.021159971731057,3.6990282471755562,-70.6249282238422,0
1759926464918069500,751.1580695800782,600.9155567511916,3.7184748651365456,180,-33.44612810361078,575.1008633002639,255.849609375,8.020101973144506,3.5680319530054163,-70.6249282238422,0
1759926465918051300,752.1580512695313,600.9155567511916,3.74157394769584,180,-33.44612810361078,575.1008633002639,255.849609375,8.019096874487278,3.6566463809373526,-70.6249282238422,0
1759926466918032600,753.1580327148438,600.9155567511916,3.7212703219816423,180,-33.44612810361078,575.1008633002639,255.849609375,8.018142030762915,3.7778843684966326,-70.6249282238422,0
1759926467918013700,754.158013671875,600.9155567511916,3.7308111413278744,180,-33.44612810361078,575.1008633002639,255.849609375,8.017234929224768,3.8622602753836084,-70.6249282238422,0
1759926468917995000,755.1579951171875,600.9155567511916,3.7196602300378108,180,-33.44612810361078,575.1008633002639,255.849609375,8.01637318276353,3.9029403300820533,-70.6249282238422,0
1759926469917975800,756.1579758300782,600.9155567511916,3.7291667057413154,180,-33.44612810361078,575.1008633002639,255.849609375,8.175439009438515,4.003592592573442,-70.6249282238422,0
1759926470917958000,757.1579580078125,600.678648927249,3.7903429536097315,180,-33.4461231569866,574.8639554763213,255.849609375,8.166667059484846,4.006865745657624,-70.62492813250317,0.2897319191896077
1759926471917939500,758.157939453125,600.7620355263352,3.762544362904597,180,-33.446123715652966,574.9473420754075,255.849609375,8.15833370822653,3.9957718867884533,-70.6249412191405,1.2294590829278733
1759926472917920000,759.157919921875,600.8049403680488,1.8149469565514653,46.58451785512562,-33.446129907794834,574.9902469171211,255.849609375,8.150417028755152,3.3684453025910566,-70.62497358637208,3.098627924105793
1759926473917901600,760.1579016113282,600.8361349478364,1.8528517672154892,28.199628191609555,-33.44613199064937,575.0214414969087,255.849609375,8.142896218088978,3.757065430350077,-70.62502703555889,5.245285336186957
1759926474917883000,761.1578828125,601.0839376365766,1.8485602110042771,20.591721694855202,-33.44614441678121,575.2692441856489,255.67640686035156,8.135751443808529,4.008023378803771,-70.62509727730809,6.96409097123193
1759926475917864400,762.1578645019531,601.0134406276047,1.838264437029526,18.360760175781614,-33.44616383306741,575.198747176677,255.67640686035156,8.121856834826728,4.205491544741097,-70.62518068623768,8.105276846784003
1759926476917845200,763.1578452148437,601.143831496127,1.90213997024381,15.565425930628773,-33.446184440218104,575.3291380451992,255.20046997070312,8.089552365555422,4.256497975179924,-70.62528983023363,9.610720136490361
1759926477917826600,764.1578266601563,601.175035180524,1.864367325559585,14.10125782442283,-33.44623655175412,575.3603417295963,267.3936767578125,8.05593252676754,4.280589444084055,-70.62540559963425,10.696401154273955
1759926478917808600,765.15780859375,601.1816717181355,1.7681041777093327,12.99661104709786,-33.44623624948268,575.3669782672077,272.1531066894531,8.032586603551797,4.214618573063743,-70.62552537332657,11.02086271946211
1759926479917789400,766.1577895507812,601.275661624968,1.8244610635626461,13.68472224452613,-33.44622096182052,575.4609681740403,281.568359375,8.01810815596841,4.183998019538841,-70.62564183550755,10.803032671080652
1759926480917771300,767.1577712402344,601.1890899511054,1.8511518496542423,14.179838880567182,-33.446184618877076,575.3743965001777,287.7408142089844,8.00986642756401,4.16150062137847,-70.62575402121938,10.563487573681913
1759926481917752300,768.1577524414063,601.0757543649524,1.7693725236523943,13.815080890738496,-33.44615124329891,575.2610609140247,292.4128723144531,8.005429215439136,4.124420199200057,-70.6258600116908,10.374372563467112
1759926482916613000,769.1566130371094,600.8684967765585,1.7117726620357545,14.220256554786436,-33.44610263534331,575.0538033256307,305.3276672363281,8.003078700345313,4.075423655887895,-70.62594647486239,9.698736924574924
1759926483915778800,770.1557788085937,600.9839155003428,1.7533105548481032,15.421929684111786,-33.44604563766636,575.1692220494151,312.8125,8.001801527871503,4.025268033943535,-70.6260161318739,9.21053981018914
1759926484915760600,771.1557607421875,601.3439617976546,1.7011182694734048,14.713529545855282,-33.44599579376712,575.5292683467269,317.1399841308594,8.00107900915821,4.005163644535787,-70.62609284035905,9.355310299603431
1759926485916054300,772.1560541992187,601.4884971883148,1.6898804664185847,14.217371614130832,-33.44593815733844,575.6738037373871,316.6116027832031,8.00064312000652,4.2400791847470956,-70.62615709336492,9.65436194908352
1759926486916680700,773.1566806640625,601.3029468134046,1.6611624113630707,13.149269856459737,-33.44582753674143,575.4882533624768,346.437744140625,8.00037075281147,4.378174876768923,-70.62620200129129,10.219545694404646
1759926487916662800,774.1566628417969,601.5285257371143,1.6602881907908322,11.928535886639766,-33.44572358768735,575.7138322861865,346.437744140625,8.051592958975792,4.50965959168587,-70.62623191217028,11.275122909476977
1759926488915805000,775.1558049316407,602.0665798569098,2.975606076498758,20.86101511151784,-33.44562071847146,576.2518864059821,346.437744140625,8.027794145451269,4.781164808895193,-70.62626151230697,11.427659241587815
1759926489916191000,776.1561909179687,601.9732355531305,2.760693283097812,18.340831037392146,-33.44550833678051,576.1585421022028,346.437744140625,8.014458557452773,4.681647169840688,-70.62629384961227,12.176053227322816
1759926490916172500,777.1561726074219,601.7753861676902,2.7631695347205167,17.51708796459045,-33.4453917699852,575.9606927167624,346.4825134277344,8.007319480176967,4.771599322493628,-70.62632730258382,12.775482210360154
1759926491916133000,778.1561330566407,601.710381959565,2.7639097363795124,17.49095956158231,-33.44528128411826,575.8956885086372,346.4825134277344,8.003730672054658,4.888327119306246,-70.62635898546013,12.802052048693076
1759926492916252200,779.1562521972656,601.7325864816085,2.7531924482392434,17.37007524652852,-33.44516621467483,575.9178930306807,346.4825134277344,8.001857890691092,4.965286696804219,-70.62639198271296,12.841153339595275
1759926493916233500,780.1562333984375,601.7157114315778,2.7421759820249068,17.93970297971001,-33.44505547432012,575.9010179806501,346.4825134277344,8.000925139653397,4.92763429214626,-70.62642373856875,12.384625667592895
1759926494916038100,781.1560380859376,601.9498517252505,2.7430374620012827,19.39759362586386,-33.44495715295203,576.1351582743227,346.4825134277344,8.000483826748702,5.186568563039778,-70.62644093137956,11.457705567180936
1759926495915313200,782.1553132324219,601.6518804812804,2.735619500349997,20.991001587950247,-33.44486946322388,575.8371870303527,346.4825134277344,8.00026135551991,5.303219439365188,-70.62647437654815,10.55935168073666
1759926496915294700,783.1552946777343,601.8597679100931,2.731871631132617,21.161793237051526,-33.44477566168369,576.0450744591653,346.4825134277344,8.000144744055557,5.278373547928236,-70.62650112745268,10.45977292818044
1759926497915275500,784.1552756347656,602.0129383131862,2.7257639956039914,20.964399209291432,-33.444684840323916,576.1982448622584,346.4178161621094,8.000081432012108,5.136108779084743,-70.62653041500602,10.534982958128348
1759926498915257000,785.1552570800782,602.4334471421316,2.728552805912312,20.537141952793608,-33.44458947762133,576.6187536912039,346.4178161621094,8.000045095320878,4.986615143206015,-70.62656156130198,10.758216306260568
1759926499915239000,786.1552390136719,602.6369996629655,2.722784264705018,19.580421216634445,-33.44448755348792,576.8223062120378,346.4178161621094,8.000024588149778,4.984788942794808,-70.62659119609812,11.263957201579984
1759926500915219700,787.1552197265624,602.9292341032997,2.7245476051898145,18.76970550706347,-33.44437640494877,577.1145406523719,346.4178161621094,8.000012731334557,5.01673157711576,-70.62662427961365,11.75141671582835
1759926501915201500,788.1552014160156,602.7293757991865,2.721847547670892,19.28626859694413,-33.44427345113675,576.9146823482588,345.900634765625,8.000006645916846,4.998605111896589,-70.62665288582872,11.430116547968812
1759926502915182600,789.1551826171875,602.617646667175,2.726692402642519,19.546672265246695,-33.44416593439714,576.8029532162473,345.900634765625,8.000003391053454,4.948816925561368,-70.62668314141848,11.301599356334743
1759926503915164400,790.1551643066406,602.7235784810036,2.7244892889702697,19.437065930255773,-33.444061136229834,576.9088850300759,346.9031677246094,8.000001776923437,4.914329951270351,-70.62671321658975,11.352262366349153
1759926504915145500,791.1551455078124,602.7822702918202,2.717745149593018,18.776125945487617,-33.44395699937558,576.9675768408924,347.2467956542969,8.000000970855723,4.949610649826929,-70.62674660307418,11.727174057955496
1759926505915126800,792.1551267089844,602.7015738124028,2.7202712769163986,18.2715271909622,-33.44384988571089,576.886880361475,346.6084289550781,8.000000523755984,4.948542899961186,-70.626782347892,12.063546777720184
1759926506915107800,793.1551079101563,603.1593543356284,2.7265308930391696,17.896131063748285,-33.44373990803001,577.3446608847007,346.6084289550781,8.000000300550607,4.897093183980502,-70.62681643622024,12.343447902120628
1759926507915089200,794.1550891113282,603.5031950064003,2.7231995376954186,17.687891261715812,-33.443630658678934,577.6885015554726,346.6084289550781,8.000000184810432,4.815699902416672,-70.62684467032501,12.469918267436269
1759926508915070000,795.1550700683594,603.8770184041932,2.7232046775842873,17.42922944779632,-33.44351592045858,578.0623249532655,346.4562072753906,8.000000122062188,4.686673583455484,-70.62687885691773,12.653786410415433
1759926509915052000,796.1550520019531,604.0989491930231,2.7200201509411426,17.045622312801648,-33.44339799120563,578.2842557420954,346.4562072753906,8.000000052022008,4.722812867208628,-70.62691909902479,12.923611470603348
1759926510915033000,797.155033203125,603.9880591901019,2.7176451002175845,17.011723850174562,-33.44328336022917,578.1733657391742,346.4562072753906,8.00000001574755,4.6760743776069775,-70.62695247836005,12.940817367307288
1759926511915014700,798.1550146484375,604.2144431900233,2.715124774246767,17.025325531310735,-33.44316934417655,578.3997497390956,346.4562072753906,7.999999985282624,5.010714511141258,-70.62698033014253,12.917435286762945
1759926512914996500,799.1549965820312,604.3598276181147,2.7111697177398297,16.919395670714927,-33.44305044886488,578.5451341671869,346.4562072753906,7.9999999690684875,5.127530217501675,-70.62701379486155,12.973049630211028
1759926513914977500,800.1549775390625,604.2854222152382,2.714234111754351,17.03467181558661,-33.44293815622359,578.4707287643105,346.50909423828125,7.999999994214834,5.129425669931869,-70.6270470986826,12.905340814277942
1759926514914959400,801.1549594726563,604.3386215651408,2.7152087098885067,16.988868320746427,-33.442820819666665,578.523928114213,346.50909423828125,8.00000001395627,5.109465224581824,-70.62708014966138,12.945928562562342
1759926515914941000,802.1549409179687,604.4932739753276,2.7137978976842025,17.341990429341983,-33.44270811255147,578.6785805243999,346.50909423828125,8.000000036958177,5.003808445892313,-70.62710963083255,12.679154683713346
1759926516914921500,803.1549213867188,604.5997097156942,2.7204960663129736,18.156337775438782,-33.44259667102066,578.7850162647665,346.50909423828125,8.000000045209601,4.894751958883566,-70.62714036340326,12.14002695393085
1759926517914902500,804.1549025878907,604.4483568975702,2.719081124286613,18.99260345365182,-33.442490344774605,578.6336634466425,346.50909423828125,8.000000059574399,4.799278515134387,-70.62716937662722,11.60001528737308
1759926518914883600,805.1548835449219,604.7394564142451,1.6912979374080475,12.802671572375612,-33.44238776234259,578.9247629633173,346.49078369140625,7.999999990845395,4.698455989826542,-70.62719748320538,10.721033354253121
1759926519914865700,806.1548657226563,604.8591760415584,1.5765934582305376,13.870369266265131,-33.442303113773,579.0444825906307,346.49078369140625,7.999999969482988,4.505789191375793,-70.62722450919955,9.210626974064848
1759926520914846500,807.1548464355469,604.7707038596272,1.5531262691382224,18.288932362038402,-33.44223525654339,578.9560104086995,346.49078369140625,7.999999959292752,4.4797903600069375,-70.62724655102784,6.878732368184981
1759926521914828300,808.1548283691407,604.7426237743348,1.614273355434576,26.10556005666263,-33.44217750046131,578.927930323407,346.49078369140625,7.999999973966132,4.448286761207331,-70.62725630694968,4.99967344528871
1759926522914809300,809.1548093261719,604.8829457657412,1.6872748172492948,48.860045469845616,-33.442148588597355,579.0682523148134,346.49078369140625,7.999999988941308,4.385003116884634,-70.62726991613312,2.6574420057381265
1759926523914791000,810.154791015625,605.0503409551457,2.436121398620525,122.64487225948956,-33.44214129904468,579.2356475042179,346.49078369140625,7.999999994791709,4.282937849021763,-70.62727566987783,0.7687729534988456
1759926524914772000,811.1547719726562,605.0099057741463,3.763400435949197,180,-33.44213515148095,579.1952123232186,346.49078369140625,8.00000000073466,4.413852141369369,-70.62727586489933,0.42371002754675474
1759926525914753300,812.1547531738281,604.9191499426961,4.085774565153335,180,-33.44213106982642,579.1044564917684,346.49078369140625,8.00000000214437,4.475898414639916,-70.62727565690112,0.46924889905535433
1759926526914734800,813.1547348632813,604.8110217228532,4.040058039960519,180,-33.44213182282058,578.9963282719254,346.49078369140625,8.00000000118761,4.387671767788174,-70.62727473222158,0.2460060152044942
1759926527914716200,814.1547160644532,604.8002151660621,4.039923180562011,180,-33.442131222324036,578.9855217151344,346.49078369140625,8.000000000976877,4.363739882571575,-70.62727616701046,0.11605979627233363
1759926528914697200,815.154697265625,604.8972685914487,1.5171644777496878,180,-33.442135630585724,579.0825751405209,346.49078369140625,8.000000000271232,4.126354162667529,-70.62727638732223,0.03212281573173363
1759926529914679300,816.1546791992188,604.8023992907256,1.4010020822754867,180,-33.44213309231066,578.9877058397979,346.49078369140625,8.00000000027228,3.9196457974025343,-70.62727683656748,0.027894115095595914
1759926530914660400,817.1546604003906,604.9540182547644,1.0839280796605013,180,-33.442132455998006,579.1393248038366,346.49078369140625,8.000000000003098,3.6314947227520062,-70.62727779736514,0
1759926531914642000,818.1546418457032,604.92255597841,1.3861023221083981,180,-33.44213035823487,579.1078625274822,346.49078369140625,8.000000000123023,3.8446938163730535,-70.627275583135,0.01579178204088028
1759926532914622500,819.1546225585937,605.097511773929,1.2586490424554304,180,-33.442128783266014,579.2828183230013,346.49078369140625,8.000000000002654,3.7279684473773504,-70.62727551459736,0
1759926533914604000,820.1546040039062,605.097511773929,1.315477613958783,180,-33.442128783266014,579.2828183230013,346.49078369140625,8.000000000002478,3.7819656063740372,-70.62727551459736,0
1759926534914585300,821.1545854492188,605.097511773929,1.3233504440375923,180,-33.442128783266014,579.2828183230013,346.49078369140625,8.000000000002323,3.760966808243822,-70.62727551459736,0
1759926535914567200,822.1545671386718,605.1115565728396,0.9637395320215825,180,-33.442121987617874,579.2968631219119,346.49078369140625,8.000000000002187,3.660194960073656,-70.62727552833726,0
1759926536914548700,823.154548828125,605.1146609066054,4.085710374113948,180,-33.442121122300605,579.2999674556777,346.49078369140625,8.000000000261025,3.793722188021633,-70.62727813350784,0.052416363600863915
1759926537914530000,824.1545300292969,605.1720299860463,4.114377433876456,180,-33.442122746735556,579.3573365351185,346.49078369140625,8.000000000001958,3.571651933285518,-70.6272774656287,0
1759926538914511000,825.1545109863281,605.1768165640533,4.170732494925101,180,-33.442124092628106,579.3621231131256,346.49078369140625,8.005921931135259,3.583818331939427,-70.62728611221804,0.2179555284740711
1759926539914492700,826.1544926757813,605.1645984211937,4.1033110942530975,180,-33.44212412350493,579.3499049702659,346.49078369140625,8.005625833700105,3.4453474069936085,-70.6272834263879,0.041498709827970874
1759926540914473500,827.1544733886719,605.1622079350054,4.098167551507349,180,-33.442124309596814,579.3475144840777,346.49078369140625,8.122262432895885,3.3752953210545,-70.62728344211497,0
1759926541914454800,828.1544548339843,605.1622079350054,4.088829781591902,180,-33.442124309596814,579.3475144840777,346.49078369140625,8.340942991904214,3.396561782870494,-70.62728344211497,0
1759926542914436400,829.1544362792969,605.1622079350054,4.073134398652471,180,-33.442124309596814,579.3475144840777,346.49078369140625,8.749794001950482,3.651851863589708,-70.62728344211497,0
1759926543914417400,830.1544174804687,605.1855189260095,4.073334221510034,180,-33.4421254277951,579.3708254750818,346.49078369140625,8.852016862368119,3.372622005643551,-70.62728026869792,0
1759926544914399200,831.1543991699219,605.1952992323786,4.143657790653716,180,-33.44211824954543,579.3806057814509,346.49078369140625,8.97831914270974,3.5477877549841197,-70.62728258023172,0.3967050988550668
1759926545914380000,832.1543801269531,605.1612660167739,4.182907984765818,180,-33.44211006277422,579.3465725658461,346.49078369140625,8.929403188777686,3.4156480636583053,-70.62728108770301,0.6452711962349128
1759926546914362000,833.1543620605469,605.1077645607293,4.05978287363936,180,-33.44211191543425,579.2930711098015,346.49078369140625,8.88293302321038,3.3566364111981053,-70.62727980107685,0
1759926547914343700,834.15434375,605.1077645607293,4.055028933121901,180,-33.44211191543425,579.2930711098015,346.49078369140625,9.131209322283866,3.399507521935267,-70.62727980107685,0
1759926548914324700,835.1543247070313,605.1077645607293,4.023952140239672,180,-33.44211191543425,579.2930711098015,346.49078369140625,9.209940443622752,3.4659818183980367,-70.62727980107685,0
1759926549914306000,836.1543061523438,605.1077645607293,4.025058435608107,180,-33.44211191543425,579.2930711098015,346.49078369140625,9.149443421441614,3.6292485579060787,-70.62727980107685,0
1759926550914287600,837.1542875976562,605.1077645607293,3.9935123065475393,180,-33.44211191543425,579.2930711098015,346.49078369140625,9.091971250369532,3.7759339711267876,-70.62727980107685,0
1759926551914269000,838.1542690429687,605.1077645607293,3.997964387096407,180,-33.44211191543425,579.2930711098015,346.49078369140625,9.037372687851056,3.875175812028761,-70.62727980107685,0
1759926552914249500,839.1542495117187,605.1077645607293,3.9094771036961635,180,-33.44211191543425,579.2930711098015,346.49078369140625,8.991204383384078,3.7972242680019135,-70.62727980107685,0
1759926553914231300,840.1542312011719,605.1077645607293,3.549819797938982,180,-33.44211191543425,579.2930711098015,346.49078369140625,8.941644164214875,3.7898777323273016,-70.62727980107685,0
1759926554914212600,841.1542126464843,605.1077645607293,3.9237325977864494,180,-33.44211191543425,579.2930711098015,346.49078369140625,8.89456195600413,3.959950877404118,-70.62727980107685,0
1759926555914194200,842.1541940917969,605.1077645607293,3.5113858339343147,180,-33.44211191543425,579.2930711098015,346.49078369140625,8.849833858203924,3.915594152801029,-70.62727980107685,0
1759926556914175000,843.1541750488282,605.1077645607293,3.9210006346694066,180,-33.44211191543425,579.2930711098015,346.49078369140625,8.807342165293727,4.066890380966714,-70.62727980107685,0
1759926557914156500,844.1541564941406,605.1077645607293,2.7229996245698604,180,-33.44211191543425,579.2930711098015,346.49078369140625,8.895126806314654,3.9462286528754245,-70.62727980107685,0
1759926558914137900,845.1541379394531,605.1077645607293,2.699971431605452,180,-33.44211191543425,579.2930711098015,346.49078369140625,8.850370465998923,3.91042986942878,-70.62727980107685,0
1759926559914119200,846.154119140625,605.1077645607293,2.6579140411379787,180,-33.44211191543425,579.2930711098015,346.49078369140625,8.919686367615379,3.9461129706745015,-70.62727980107685,0
1759926560914100200,847.1541003417968,605.1077645607293,4.022710204696897,180,-33.44211191543425,579.2930711098015,346.49078369140625,9.06970240485627,4.343931692527219,-70.62727980107685,0
1759926561914082000,848.15408203125,605.1077645607293,4.009204331851248,180,-33.44211191543425,579.2930711098015,346.49078369140625,9.201460676847418,4.449401037740551,-70.62727980107685,0
1759926562914063000,849.1540629882812,605.1077645607293,4.010606240071658,180,-33.44211191543425,579.2930711098015,346.49078369140625,9.141447156299376,4.442967281328351,-70.62727980107685,0
1759926563914044200,850.1540441894531,605.1077645607293,4.014355421537756,180,-33.44211191543425,579.2930711098015,346.49078369140625,9.084374798484408,4.45115716505215,-70.62727980107685,0
1759926564914025700,851.1540256347656,605.1077645607293,4.003955149692516,180,-33.44211191543425,579.2930711098015,346.49078369140625,9.03015605856019,4.472668681442756,-70.62727980107685,0
1759926565914007600,852.1540075683594,605.1077645607293,3.9920983859535117,180,-33.44211191543425,579.2930711098015,346.49078369140625,9.135972534825674,4.521822384671927,-70.62727980107685,0
1759926566913988600,853.1539885253907,605.082700974308,4.491024323870828,180,-33.442112419695725,579.2680075233802,346.49078369140625,9.306054489241637,4.517242476174307,-70.6272805787586,0.05486428865399914
1759926567913969400,854.1539694824219,605.0860122805461,3.9997377514138828,180,-33.44211256600352,579.2713188296184,346.49078369140625,9.240751764196624,4.473361805426811,-70.62728049462883,0
1759926568913950700,855.1539506835937,605.0860122805461,3.9995034050141527,180,-33.44211256600352,579.2713188296184,346.49078369140625,9.342049638108108,4.487689228560071,-70.62728049462883,0
1759926569913933300,856.1539333496094,605.0860122805461,3.9798073945532697,180,-33.44211256600352,579.2713188296184,346.49078369140625,9.479171678836229,4.495987747900183,-70.62728049462883,0
1759926570913914000,857.1539140625,605.0860122805461,4.002967242255648,180,-33.44211256600352,579.2713188296184,346.49078369140625,9.405213094894417,4.528861433984509,-70.62728049462883,0
1759926571913894700,858.1538947753907,605.0860122805461,4.002007389874963,180,-33.44211256600352,579.2713188296184,346.49078369140625,9.472655477232184,4.590806156477111,-70.62728049462883,0
1759926572913876700,859.1538767089844,605.0860122805461,3.9174064557737425,180,-33.44211256600352,579.2713188296184,346.49078369140625,9.399022703370575,4.469351334555906,-70.62728049462883,0
1759926573913858300,860.1538583984375,605.0860122805461,3.904487961345702,180,-33.44211256600352,579.2713188296184,346.49078369140625,9.329071568202046,4.481269714732887,-70.62728049462883,0
1759926574913839000,861.1538391113281,605.0860122805461,3.9299599760864496,180,-33.44211256600352,579.2713188296184,346.49078369140625,9.375075570039542,4.584321194318939,-70.62728049462883,0
1759926575913820200,862.1538200683593,605.1592779206112,3.7910814509666526,180,-33.44210708484004,579.3445844696835,346.49078369140625,9.380344814017352,4.672593400320273,-70.62728524355892,0.027452006762930414
1759926576913801700,863.1538017578125,605.2671918068081,4.006113156209509,180,-33.44210627273951,579.4524983558804,346.49078369140625,9.312329765013368,4.681476342884823,-70.62728367251381,0.04687398676765094
1759926577913783600,864.1537834472656,605.2539961533621,4.3600675563428295,180,-33.44210977584821,579.4393027024344,346.49078369140625,9.246713277052423,4.565925462295443,-70.62727960933711,0.0744155417730292
1759926578913764600,865.1537646484375,605.0757062332705,4.257489010601166,180,-33.442112032026124,579.2610127823427,346.49078369140625,9.184377613168472,4.4658089062285935,-70.62727929395896,0.07374077084895497
1759926579913746400,866.1537463378907,605.0066356575117,4.157216539972292,180,-33.442110895739205,579.1919422065839,346.49078369140625,9.149875053470367,4.484861161047955,-70.62728147283246,0.06660284833577919
1759926580913726700,867.1537268066406,605.0306030344218,4.093135662657012,180,-33.44210868641385,579.2159095834941,346.49078369140625,9.429142626030078,4.6919218747002525,-70.62727882409408,0.06592799394962097
1759926581913708800,868.1537087402344,605.0103423399851,3.846093532665552,180,-33.44210570862732,579.1956488890573,346.49078369140625,9.479389392903316,4.776811059922894,-70.62728294472299,0.039687328981103866
1759926582913690000,869.1536901855469,604.9768628487363,3.7776024117623264,180,-33.44210488365019,579.1621693978086,346.49078369140625,9.531678058707332,4.86936054037205,-70.62728581143752,0.029797927426660882
1759926583913671000,870.1536708984376,604.9540330031887,3.861696478256404,180,-33.44210239107195,579.1393395522609,346.49078369140625,9.4550941559118,4.838998299702564,-70.62728674689005,0.04434388629735112
1759926584913653000,871.1536530761718,605.0281845089048,3.700167256851551,180,-33.44210498612268,579.2134910579771,346.49078369140625,9.570443024562403,4.90198710949203,-70.62729061606575,0.009197289060858168
1759926585913633800,872.1536337890625,605.0349279716611,3.763931065222172,180,-33.44210466316506,579.2202345207334,346.49078369140625,9.510157770645804,4.848874721975171,-70.62729344779132,0.03009782803615623
1759926586913615600,873.1536157226562,604.9627194870263,3.6867604781775998,180,-33.442103746101076,579.1480260360986,346.49078369140625,9.484914852504337,4.814608871816936,-70.62729584680714,0
1759926587913596700,874.1535966796876,604.947028009221,3.73139154331033,180,-33.44210671812378,579.1323345582932,346.49078369140625,9.41066910998318,4.805548436592587,-70.62729651816466,0.012807275590092686
1759926588913578000,875.1535778808594,604.9978901734576,3.8418214388745247,180,-33.44210548936907,579.1831967225298,346.49078369140625,9.340135654719871,4.768883362113099,-70.62729376452926,0.04201981458407948
1759926589913559000,876.1535590820313,604.9934372082353,3.9891165036783165,180,-33.44210277370222,579.1787437573075,346.49078369140625,9.27312887216726,4.727716199631949,-70.6272938440906,0.06363360752499587
1759926590913540900,877.1535407714844,605.0320921475068,3.702953233468719,180,-33.442105614082536,579.217398696579,346.49078369140625,9.330449911577947,4.745614326551123,-70.62729359495957,0
1759926591913521400,878.153521484375,605.0689507806674,3.7697781563170376,180,-33.44210639100062,579.2542573297396,346.49078369140625,9.301286871396133,4.698447066497899,-70.6272951924104,0.03156632102541732
1759926592913503200,879.1535031738281,605.1121287113056,3.71411286535185,180,-33.442105891365436,579.2974352603778,346.49078369140625,9.236222527653016,4.727524855136836,-70.62729934379257,0.016007248407319367
1759926593913484300,880.153484375,605.1330747855827,3.69144483958824,180,-33.44210407026723,579.318381334655,346.49078369140625,9.174411401232211,4.74265034154757,-70.62730071702919,0.010410839846536268
1759926594913466400,881.1534663085938,605.1421001870185,3.7177716639901193,180,-33.44210116348554,579.3274067360908,346.49078369140625,9.115690831265326,4.727891803179056,-70.62729955067974,0.0188890619328149
1759926595913447400,882.1534475097657,605.1394670587033,3.683239545222388,180,-33.44210158153202,579.3247736077756,346.49078369140625,9.059906289616956,4.7736846313853105,-70.62730079387701,0.009152866200193453
1759926596913429000,883.1534289550781,605.2032575504854,3.7611955310176666,180,-33.44210165569443,579.3885640995577,346.49078369140625,9.007680767063675,4.708477217404165,-70.62729907862233,0.029738304173792713
1759926597913410000,884.15341015625,605.1589118912816,3.691412201996109,180,-33.442103214731375,579.3442184403539,346.49078369140625,9.047455053813321,4.734567231971898,-70.62729999542407,0.015642185525770288
1759926598913391600,885.1533916015625,605.18883003667,3.6755993330733823,180,-33.44210401813551,579.3741365857422,346.49078369140625,8.995082300923274,4.735773317560786,-70.62730249646287,0
1759926599913373000,886.153373046875,605.18883003667,3.699794562929259,180,-33.44210401813551,579.3741365857422,346.49078369140625,8.945328185877111,4.707964317068991,-70.62730249646287,0
1759926600913354200,887.1533542480469,605.0800010878593,3.981805108162896,180,-33.442100044354234,579.2653076369315,346.49078369140625,8.898061777536718,4.665924635640486,-70.62730368384823,0.06531213447913796
1759926601913335000,888.1533349609375,605.1580265723169,3.9176824915350856,180,-33.4420979491863,579.3433331213892,346.49078369140625,8.872382301332696,4.660003986305138,-70.62730372783153,0.06060457721803361
1759926602913317000,889.1533171386719,605.1822069697082,3.8567233688018723,180,-33.442097792990076,579.3675135187805,346.49078369140625,8.908334238030719,4.65387928095915,-70.62730216936622,0.047245772635957806
1759926603913298000,890.1532978515625,605.2293272037059,4.153784662719164,180,-33.4420952471216,579.4146337527782,346.49078369140625,8.940354671940746,4.552353956640114,-70.62730052233907,0.0972419734470337
1759926604913279500,891.1532795410156,605.2469550576061,3.7951362346164044,180,-33.44209823630179,579.4322616066784,346.49078369140625,9.021950597374193,4.4947890995293625,-70.62730001086102,0.04521186749900542
1759926605913260500,892.1532604980468,605.2013549655676,3.9675314788133926,180,-33.442097205817866,579.3866615146399,346.49078369140625,9.042852537408663,4.42359788013971,-70.62729838028316,0.07972579339413112
1759926606913242400,893.1532424316406,605.2047462332994,3.6796621393440074,180,-33.44209925691939,579.3900527823716,346.49078369140625,9.014587045852357,4.352112196007529,-70.62729941609666,0
1759926607913223200,894.1532231445312,605.2047462332994,3.691635745494596,180,-33.44209925691939,579.3900527823716,346.49078369140625,8.9909728196049,4.246002478359755,-70.62729941609666,0
1759926608912568000,895.1525681152344,605.1753121446818,4.074584356486796,180,-33.442099872363094,579.3606186937541,346.49078369140625,8.972431446333776,4.162555885341265,-70.62730500188604,0.11626684294905731
1759926609912328200,896.152328125,605.1840104358271,3.8762803674981505,180,-33.442099814797146,579.3693169848993,346.49078369140625,9.019025063445909,4.143393355594973,-70.62730334995594,0.09965535985321634
1759926610912309800,897.1523098144531,605.1477148989215,3.846506446330743,180,-33.44209901011155,579.3330214479938,346.49078369140625,9.265315290595158,4.15995371918932,-70.6273014902224,0.10464616296341794
1759926611912866000,898.1528659667969,605.0838853819296,3.913811267663752,180,-33.442096508544346,579.2691919310018,346.49078369140625,9.247304048153612,4.081377527385932,-70.62730159536491,0.5270865323076123
1759926612912966000,899.1529658203125,605.1745777837932,3.785759999827838,180,-33.44208217868693,579.3598843328655,346.49078369140625,9.184938857525527,3.9961474716298966,-70.62730452524015,1.6315622131105045
1759926613912947200,900.152947265625,605.1084236120805,1.655468735521338,52.06791124187391,-33.44206221845072,579.2937301611528,345.9294128417969,9.29720068607588,3.6717676871088525,-70.62731120181387,2.5517526940310002
1759926614912755200,901.1527551269531,605.207741882652,1.6582755452198235,67.43083315574299,-33.44204701773738,579.3930484317243,345.9294128417969,9.297171061897643,3.7967488933278712,-70.62731390861371,1.9794899985618206
1759926615912707300,902.1527072753906,605.3069150280207,1.8271599887521326,107.88348210276331,-33.44203406100601,579.492221577093,345.9294128417969,9.232312504491272,3.8649399536476055,-70.62732281096152,1.2284445583002812
1759926616912688400,903.1526884765625,605.2270922884345,1.919424837663131,137.24087918194834,-33.44202805246884,579.4123988375068,345.9294128417969,9.170696878169469,3.9640789927989157,-70.62733124506624,0.9152997084407619
1759926617911961900,904.1519619140626,605.1020938213915,3.7349676624576964,180,-33.44201920358749,579.2874003704637,345.9294128417969,9.112162037313807,4.235275357157584,-70.62731574137742,0.7816904616320631
1759926618912189000,905.1521889648437,605.106954222545,3.770935778682043,180,-33.44201777111739,579.2922607716173,345.9294128417969,9.05655393130122,4.256495537891781,-70.62731616964457,0.30564997651892384
1759926619912170500,906.1521704101563,605.070892480202,3.72329078958407,180,-33.442017388213024,579.2561990292743,345.9294128417969,9.003726233076344,4.444824882954531,-70.62731628412305,0.07440557082730767
1759926620912055000,907.1520549316406,605.1037924652919,3.7421969070403125,180,-33.442015454689326,579.2890990143642,345.9294128417969,8.953539921168485,4.515740017851841,-70.62731686218567,0.026363892585370682
1759926621912118800,908.1521188964844,605.121899546124,3.766549486280669,180,-33.44201706586402,579.3072060951963,345.9294128417969,8.905862925134912,4.674307524925678,-70.6273163804881,0.022630810580839985
1759926622912100400,909.1521003417969,605.0936106136069,3.7194021525648644,180,-33.44201892409186,579.2789171626791,345.9294128417969,8.860569779612414,4.823453159844501,-70.62731582494271,0.1137757607095696
1759926623912081000,910.1520808105469,605.0802892930806,3.73956433009443,180,-33.442018442640126,579.2655958421528,345.9294128417969,8.817541293621257,4.9521581332306,-70.6273159688732,0.3812278418895484
1759926624912062500,911.1520625,605.0355909764767,3.7726496126762923,180,-33.442015392212724,579.2208975255489,345.9294128417969,8.776664236882004,4.8389005445028275,-70.62731688086384,0.9200480599246714
1759926625912044000,912.1520439453125,604.9644811768085,3.738742708830899,180,-33.44201010930467,579.1497877258807,345.9294128417969,8.746745672539706,4.641259546314924,-70.62731846027235,1.1296360894408215
1759926626912025300,913.152025390625,604.8948148079216,3.7735377437632973,180,-33.4420093762111,579.0801213569939,346.8582763671875,8.709408388765645,4.436444171028369,-70.62731858968696,1.4621346351440168
1759926627912007000,914.1520068359375,604.8203335897997,3.8029693459916594,170.43448849276902,-33.442006039174935,579.005640138872,346.8582763671875,8.673937973134326,4.204154644535128,-70.62731951903459,1.794533684895442
1759926628911988500,915.1519885253906,604.916836864315,1.8787592820341341,32.9662185338073,-33.442047725359565,579.1021434133872,255.11264038085938,8.673597958830559,3.647179567408994,-70.62750494659313,4.582429174168602
1759926629911969000,916.1519689941406,605.1970784328878,1.8675018677148454,23.1535360937049,-33.44206404639533,579.3823849819601,254.83175659179688,8.63991803696276,3.675884540729356,-70.62756913621679,6.43821883575818
1759926630911951000,917.151951171875,605.4926011776552,1.8978654431801145,18.30827317087132,-33.44209040420428,579.6779077267274,254.83175659179688,8.588956484003976,3.8258638455657454,-70.62764902269929,7.9754174737634616
1759926631911932400,918.1519323730469,605.4187902808189,1.8196519068349872,15.642767723615668,-33.4421144815425,579.6040968298912,254.83175659179688,8.449653566414833,3.7815055708666483,-70.62775405699495,9.370207466591236
1759926632911913500,919.1519135742187,605.1986080547795,1.810797739211281,13.308736323166748,-33.4421433113015,579.3839146038517,254.82736206054688,8.275529911395827,4.60247855337382,-70.62787585378138,10.870659842419816
1759926633911894800,920.1518947753906,605.1214409060776,1.8140801227282317,12.319891538970799,-33.44217140872024,579.3067474551499,254.82736206054688,8.159291581693514,4.893997861318708,-70.62799876082325,11.861380246220152
1759926634911876600,921.1518767089843,604.2011493509635,1.8332320085871736,13.269295323982531,-33.44219901477678,578.3864559000358,254.843505859375,8.084601231259931,5.080060971573155,-70.6281141862048,11.206927914129913
1759926635911857200,922.1518571777344,604.206446829252,1.8319600659949071,14.155380016922983,-33.44222721867134,578.3917533783242,254.843505859375,8.045666445714446,5.046403028272471,-70.62822460447266,10.488918694571288
1759926636911839000,923.1518388671875,603.7260163910687,1.7715150365067953,15.72183592247147,-33.44225051334776,577.911322940141,254.843505859375,8.02555829135955,4.78652830510321,-70.62832015730422,9.144548530265345
1759926637911819800,924.1518198242187,603.5696697132662,2.538774997993294,25.086759250312646,-33.44227303750021,577.7549762623385,254.843505859375,8.015183466023347,4.581332628622523,-70.62840104030835,8.199334560807019
1759926638911801900,925.1518017578124,603.2134515140206,2.7094408554080225,33.96947957017132,-33.44228200574052,577.3987580630928,254.32943725585938,8.009577807935017,4.745855477930737,-70.62846180468621,6.449730504961233
1759926639911782100,926.1517822265625,602.934870894067,2.749126474756709,52.41208396828418,-33.44229047743532,577.1201774431393,254.32943725585938,8.007183376882756,4.777312550147778,-70.62849381872867,4.128146747731055
1759926640911763700,927.151763671875,602.8991942359135,2.979495913848399,76.66125113410624,-33.4422919707877,577.0845007849857,254.32943725585938,8.005746703067105,4.810893406339385,-70.62851028020131,2.6872148813879067
1759926641911745500,928.1517456054687,602.833377703093,1.0081232861403056,30.01297077242163,-33.44229718404916,577.0186842521653,254.32943725585938,8.00478891757891,4.597281781889999,-70.62853438517286,2.570385374522263
1759926642911726600,929.1517265625,602.7623345274478,0.9481698475386637,31.831601010473857,-33.44229972612502,576.9476410765201,254.6189727783203,8.00410478345069,4.569548790857205,-70.62855347824284,2.2660510044481312
1759926643911708400,930.1517084960938,603.045537465252,0.9245811890645178,33.31415528047056,-33.442308493541816,577.2308440143242,254.6189727783203,8.003591681326636,4.636136756908183,-70.62857407719021,2.2452926638282413
1759926644911689700,931.1516896972656,602.8484450113028,0.9522111885789448,37.687437601127066,-33.4423088502911,577.0337515603751,254.85443115234375,8.00319259063375,4.924645919982211,-70.62859374118577,1.9928546078636498
1759926645911671000,932.1516711425782,603.0740423724055,0.9580553476251716,56.34372299453346,-33.44231331288953,577.2593489214778,254.85443115234375,8.121341209987689,4.681832828464502,-70.62860298607751,1.375281291490936
1759926646911652000,933.1516520996094,603.286579027772,0.9911195849166654,68.48841836182216,-33.44231881643052,577.4718855768442,254.85443115234375,8.110310190414156,4.748208475701477,-70.62861064324188,1.1080068192855776
1759926647911634000,934.1516340332031,603.3455540630966,3.2365774903751015,180,-33.44232825201742,577.5308606121689,254.85443115234375,8.101117673272677,4.721921237282374,-70.62861940785149,1.117972038357029
1759926648911615000,935.1516149902344,602.9764752890915,4.112825448168907,180,-33.44233096058465,577.1617818381637,254.85443115234375,8.093339390596302,4.490847871483751,-70.62863350542361,1.1716397493802653
1759926649911596300,936.1515961914063,603.4401984019205,4.110218620114316,180,-33.44233918153495,577.6255049509928,254.85443115234375,8.086672289279214,4.419697339065005,-70.62863977813899,0.9571213839253393
1759926650910741800,937.1507416992188,603.337495024316,4.111002617395338,180,-33.442339692010805,577.5228015733883,254.85443115234375,8.18930349090992,4.421985730571563,-70.62865061265867,0.8524556206656382
1759926651908073200,938.1480732421875,603.6403487203643,4.109881470327898,180,-33.44233845731807,577.8256552694365,254.85443115234375,8.177472021299632,4.27633275512332,-70.62866352898219,0.8891373656498028
1759926652905566000,939.1455659179687,603.6110152881593,4.100216357763007,180,-33.4423357729164,577.7963218372315,254.85443115234375,8.167032491934556,4.16795504331238,-70.62867099947003,0.6878273169126349
1759926653903207000,940.14320703125,603.60097282473,4.102970141157251,180,-33.44234149051496,577.7862793738022,254.85443115234375,8.157752911739255,3.9605352168117203,-70.62867959127087,0.5884669446386229
1759926654901007000,941.1410070800781,603.4969923021272,4.090340058296263,180,-33.44234341480968,577.6822988511994,254.85443115234375,8.14945012929646,3.9895800174456943,-70.62868134810397,0.15013738926856324
1759926655898933800,942.1389338378906,603.6516603399068,4.089055059842817,180,-33.442349556894264,577.8369668889791,254.85443115234375,8.14197762366851,3.9496857411879303,-70.62868289874801,0.05263042031666086
1759926656897001700,943.1370017089844,603.4950952846557,4.088748964047997,180,-33.44234137610238,577.680401833728,254.85443115234375,8.134878741924933,3.8804884275124363,-70.62868079537236,0.12760315851969636
1759926657895172000,944.1351721191406,603.4934064941481,4.066451764748901,180,-33.44234116024222,577.6787130432203,254.85443115234375,8.128134805683544,3.819438377575953,-70.6286803561719,0
1759926658893470500,945.1334704589843,603.4934064941481,4.0649886757149405,180,-33.44234116024222,577.6787130432203,254.85443115234375,8.121728065399365,3.7875635440802977,-70.6286803561719,0
1759926659891860700,946.1318608398437,603.4934064941481,4.063625681694505,180,-33.44234116024222,577.6787130432203,254.85443115234375,8.115641662129397,3.70872183463836,-70.6286803561719,0
1759926660890360800,947.1303608398438,603.4934064941481,4.06142062077864,180,-33.44234116024222,577.6787130432203,254.85443115234375,8.109859579022928,3.6596499487039673,-70.6286803561719,0
1759926661888942600,948.1289426269532,603.4934064941481,4.066921515841596,180,-33.44234116024222,577.6787130432203,254.85443115234375,8.104366600071781,3.559205969007162,-70.6286803561719,0
1759926662887620600,949.1276206054688,603.4934064941481,4.057655846289954,180,-33.44234116024222,577.6787130432203,254.85443115234375,8.169606414793053,3.5780458975754152,-70.6286803561719,0
1759926663886371000,950.12637109375,603.4934064941481,4.072052501525312,180,-33.44234116024222,577.6787130432203,254.85443115234375,8.161126094053401,3.5544132144686826,-70.6286803561719,0
1759926664885207300,951.1252072753906,603.7895657056943,3.5871027559759168,180,-33.44235996733924,577.9748722547665,254.85443115234375,8.153069788841098,3.362858163578042,-70.62868701761947,0.049380189734881896
1759926665884110000,952.1241101074219,603.7827115645632,4.057973575235953,180,-33.44236065152891,577.9680181136355,254.85443115234375,8.279861643632653,3.571727304022394,-70.62868716144611,0
1759926666883080700,953.1230808105469,603.7827115645632,3.5848630959002894,180,-33.44236065152891,577.9680181136355,254.85443115234375,8.265868561451018,3.4094215605027878,-70.62868716144611,0
1759926667882108400,954.1221083984375,603.9130393741652,4.0939853676308156,180,-33.44235920771405,578.0983459232375,254.85443115234375,8.267260012387839,3.5287514818312964,-70.62869156757402,0.1558320982289808
1759926668881203200,955.121203125,603.9104207474738,4.066663809803732,180,-33.442358873005546,578.0957272965461,254.85443115234375,8.253897013002986,3.476657328619881,-70.62869088655815,0
1759926669880345900,956.1203459472656,603.9104207474738,4.068804650918818,180,-33.442358873005546,578.0957272965461,254.85443115234375,8.241232670882864,3.418927633279671,-70.62869088655815,0
1759926670879547400,957.1195473632813,603.9104207474738,3.7514731885530135,180,-33.442358873005546,578.0957272965461,254.85443115234375,8.229171037338721,3.3136292077659415,-70.62869088655815,0
1759926671878791000,958.118791015625,603.9104207474738,3.7411358292053962,180,-33.442358873005546,578.0957272965461,254.85443115234375,8.217712485471786,3.2967206917210157,-70.62869088655815,0
1759926672878085400,959.1180854492187,603.8715121923015,3.755439550135742,180,-33.44235638166588,578.0568187413737,254.85443115234375,8.33844194729095,3.328344080429102,-70.62868513765845,0
1759926673877417200,960.1174172363282,604.0004566637799,3.7608000748717,180,-33.44234886211124,578.1857632128522,254.85443115234375,8.406961811933558,3.313575259247238,-70.62868439354271,0.23175110367498053
1759926674876794400,961.1167944335938,603.9967313846573,3.72931115034298,180,-33.44234591868439,578.1820379337296,254.85443115234375,8.40280353057502,3.2822907986225025,-70.62869550588485,0.8966826356797368
1759926675876204300,962.1162043457032,603.8254513144493,1.9439330604265543,56.78966616553245,-33.44235508523789,578.0107578635216,254.85443115234375,8.38266333198983,3.053691795895185,-70.62872558406116,2.653073567581387
1759926676875653400,963.1156533203125,604.0159803107381,1.8504335031616173,31.612147487351567,-33.442360945673606,578.2012868598104,254.85443115234375,8.36353014950036,3,-70.62877667643066,4.74410428422626
1759926677875131600,964.1151315917969,604.1530484305695,1.8435249902696857,25.047427253696846,-33.44238200659605,578.3383549796417,254.85443115234375,8.345353643411652,3,-70.62883748092655,5.952811432360126
1759926678874644200,965.1146442871094,604.0689433617517,1.8150833109929092,24.43076070421889,-33.44239592391492,578.254249910824,254.85443115234375,8.328085975898905,3,-70.62889965710745,6.0121136000317135
1759926679874182000,966.1141818847656,603.9959985399619,1.8402178040891206,25.260593599863576,-33.44239261958739,578.1813050890341,254.85443115234375,8.311681630115482,4.324833516802987,-70.62895929855097,5.90320971968564
1759926680873750800,967.1137507324219,603.936312513426,1.8612254756639102,26.753864124869175,-33.44240272626631,578.1216190624982,254.85443115234375,8.29609753756906,5.104920993883863,-70.6290193045947,5.636614838085484
1759926681873342700,968.1133427734375,603.6487425127998,1.8531236151649524,29.356865988486536,-33.442415384014005,577.8340490618721,254.85443115234375,8.281292652498891,5.354756537758274,-70.62907630104664,5.040045470982474
1759926682872958700,969.1129587402344,603.6161237545311,1.8230498219135194,39.963085356448,-33.44242472260643,577.8014303036034,254.82766723632812,8.26722804047306,5.452894063737429,-70.62911822929043,3.666346990304362
1759926683872597800,970.11259765625,603.5995626775548,1.8502535006450378,68.03691598529105,-33.44242954970859,577.784869226627,254.82766723632812,8.363413550029483,5.49791788211615,-70.62914153091067,2.1853630963234805
1759926684872256300,971.1122563476563,603.6797813475132,3.735728884950382,180,-33.44242920209316,577.8650878965855,254.82766723632812,8.345242896699757,5.6071317109534835,-70.62914225044432,0.6465366889681162
1759926685871934700,972.1119348144531,603.5740489950404,3.7598905609251405,180,-33.44242765907347,577.7593555441126,254.82766723632812,8.327980761553073,5.3412335483643005,-70.6291384086942,0.07642361424565472
1759926686871633400,973.1116333007812,603.651285726577,3.75044446436372,180,-33.442428903831335,577.8365922756493,254.82766723632812,8.311581723279282,5.089198630739574,-70.62913827830077,0.08745663429748561
1759926687871346400,974.1113464355469,603.7374381478876,3.7755306165092204,180,-33.44242935300079,577.9227446969599,254.82766723632812,8.296002636616725,4.797762969900922,-70.62913841660645,0.12049352926821183
1759926688871079700,975.1110795898437,603.7703954037279,3.7658226423138843,180,-33.44243042901622,577.9557019528002,254.82766723632812,8.281202506374502,4.601143163781592,-70.62913991441559,0
1759926689870823400,976.1108234863282,603.7703954037279,3.751999653328961,180,-33.44243042901622,577.9557019528002,254.82766723632812,8.37060611274643,4.4556258569377984,-70.62913991441559,0
1759926690870585600,977.1105856933593,603.7703954037279,3.750470280281427,180,-33.44243042901622,577.9557019528002,254.82766723632812,8.443727752226936,4.410756579542339,-70.62913991441559,0
1759926691870359300,978.110359375,603.7703954037279,3.7433307787791446,180,-33.44243042901622,577.9557019528002,254.82766723632812,8.498030829014372,4.440701543150355,-70.62913991441559,0
1759926692870144800,979.1101447753906,603.7703954037279,3.7576543476142654,180,-33.44243042901622,577.9557019528002,254.82766723632812,8.496938140054073,4.458574430650891,-70.62913991441559,0
1759926693869942800,980.1099428710937,603.7601812100038,3.7358972785132347,180,-33.44242683171712,577.9454877590761,254.82766723632812,8.732341271201719,4.571832974629293,-70.62914373436546,0.2770253901867163
1759926694869751600,981.1097514648437,603.7604046911001,3.746147556392444,180,-33.44243003197676,577.9457112401724,254.82766723632812,8.695724202128334,4.661835532874528,-70.62915775635017,1.2414636347439587
1759926695869570300,982.1095703125,603.8444532286376,1.8177392193974258,45.34258171834371,-33.442440237921346,578.0297597777098,254.82766723632812,8.660937981106501,4.472629445577402,-70.62919290852535,3.2233414276002876
1759926696869399000,983.1093989257813,603.9377744104713,1.825206315861368,26.878124232184895,-33.442454394750186,578.1230809595436,254.82766723632812,8.627891086007466,4.445193759250458,-70.62924805436182,5.444087930166761
1759926697869237000,984.1092370605469,603.988574359566,1.8178320872132872,20.49845100949592,-33.44247248315051,578.1738809086382,254.82766723632812,8.596496539169006,4.362002437655927,-70.62932381120612,7.183449790351279
1759926698869084000,985.109083984375,604.1315172789618,1.83381261200527,16.888577649897076,-33.442493505504615,578.3168238280341,254.82766723632812,8.52048545852397,4.301387108782715,-70.6294134677023,8.720188790561846
1759926699868937700,986.1089377441406,604.2643294129521,1.8491094416276321,15.418978358816483,-33.442513830428624,578.4496359620243,259.813720703125,8.382550522873052,4.29809925586724,-70.62951533290632,9.583160998790337
1759926700868799700,987.1087998046875,604.2718531955034,1.8353991063102886,15.549393032554832,-33.442533974422325,578.4571597445756,259.813720703125,8.24724479998809,4.191684021714787,-70.62961606958633,9.560423702731008
1759926701868668700,988.1086687011718,604.1519783595577,1.8519358531364547,15.245823753565539,-33.44255386797593,578.33728490863,259.5240173339844,8.154145697541228,4.257547727857879,-70.62971820788476,9.823715042968907
1759926702868544500,989.1085444335938,604.184515456669,1.8234542178369153,13.600305960995504,-33.44257108378659,578.3698220057413,259.5240173339844,8.095398604090793,4.163704195492814,-70.62983050190853,10.864073401684003
1759926703868425000,990.1084250488282,604.3054879242554,1.8608570445991848,12.952467174999843,-33.4425883791964,578.4907944733277,259.091064453125,8.05539571498641,4.029470005838014,-70.62995272652995,11.637752070488181
1759926704868313300,991.1083132324219,604.1418456295505,1.850165917762458,13.3183351580534,-33.44260373270721,578.3271521786228,259.091064453125,9.224718515895065,4.55431423491065,-70.6300772267539,11.26163871055475
1759926705868205000,992.108205078125,604.0163832511753,1.8427780666092328,13.16783139813238,-33.442616142193565,578.2016898002476,259.091064453125,8.665823777834687,4.150302145442367,-70.63019652927267,11.339980497273382
1759926706868103000,993.1081030273438,604.0716550145298,1.8600153925991831,12.613071338093578,-33.4426327520665,578.2569615636021,259.091064453125,8.359925812803347,3.8411003484118096,-70.63032199880844,11.926481798399989
1759926707868006100,994.1080061035157,603.8199232602492,1.859462743612824,12.429517935978264,-33.44265177717364,578.0052298093215,262.49863965138616,8.371939106814521,3.673055814463163,-70.63045254683128,12.12103789250855
1759926708867913200,995.1079133300781,603.7580094290897,1.8408412930981433,13.24582230453994,-33.44266747175893,577.943315978162,263.49582338936534,8.192391329898925,3.5342545898588322,-70.63057458531077,11.25304819889607
1759926709867823600,996.1078237304688,603.5214460035786,1.8409554279856513,14.996959580082295,-33.44268140404858,577.7067525526509,264.01613354087186,8.103332888759628,3.488006559228058,-70.6306819843485,9.908519970589753
1759926710867739000,997.1077387695312,603.1312959343195,1.8362502833027823,17.14847655919063,-33.44269558772392,577.3166024833918,263.8073376887051,8.060208614390488,3.398332937346544,-70.63077026737146,8.6672454710559
1759926711867658200,998.107658203125,602.7462586592883,1.845953352707334,20.41114312967327,-33.44271390165096,576.9315652083606,262.600055761207,8.03625296199665,3.3090994803591753,-70.6308472089552,7.286382238111919
1759926712867580400,999.1075803222657,602.4080715626478,1.8134286510557869,24.477109365123777,-33.4427200346199,576.5933781117201,263.57838633806506,8.025328103383512,3.181840808859273,-70.6309128447719,5.951512502734714
1759926713867505700,1000.1075056152343,601.8076409427449,1.8930273563522424,30.50064784101518,-33.442726307691025,575.9929474918172,263.7408229120722,8.018996076161793,3.131953949822535,-70.63096269424867,4.784629150457909
1759926714867433200,1001.1074331054688,601.7403214229271,1.8705892318098236,34.81933424401475,-33.44273730455581,575.9256279719993,261.8509270468189,8.015196857205009,3.1703026972684016,-70.63100696198437,4.140804917708108
1759926715867365000,1002.107365234375,601.6540384115651,2.0075358357923614,37.855167155978954,-33.44274823431652,575.8393449606374,260.44366867207907,8.012664046606297,3.408599528062482,-70.63104645611608,3.7478652636157426
1759926716867299000,1003.1072990722656,601.5791505938396,2.10562316363256,42.215822538647906,-33.44275652616366,575.7644571429119,260.13581626922036,8.010854898178213,3.5651448449505097,-70.63108025854503,3.140999663925978
1759926717867234800,1004.1072348632813,601.5418136641383,2.17983321926525,50.84211055418165,-33.442761073713605,575.7271202132106,259.5933732003765,8.009498037021828,3.570166903185771,-70.63110762689139,2.639605251833348
1759926718867173600,1005.1071735839844,601.3744290322065,2.73450915450332,49.07470734191889,-33.4427637734694,575.5597355812788,258.4100994275116,8.008442702398241,3.657626582108513,-70.63112759635351,2.011339455919021
1759926719867115300,1006.107115234375,601.4817937193438,2.230400049040658,76.75651488587569,-33.44276880826542,575.6671002684161,264.31488037109375,8.007598433153726,3.6620634938435868,-70.6311464647436,1.7050150608462058
1759926720867058000,1007.1070578613281,601.4216845342889,2.2564597535253363,90.74972061335862,-33.44277328593678,575.6069910833612,264.31488037109375,8.006907666713127,3.6783373212431703,-70.6311626890502,1.4107927395005728
1759926721867002600,1008.1070026855468,601.5871548075229,2.4610656147230627,95.71056355970329,-33.44277345171031,575.7724613565952,267.1483154296875,8.006332028619486,3.752562219622078,-70.63118128645623,1.2223607348281555
1759926722866949400,1009.1069494628906,601.5210960637778,2.1241753004538912,107.34906997500897,-33.44277551084472,575.7064026128501,267.1483154296875,8.005844949579846,3.7780450227301485,-70.63119519728285,1.2253839926392225
1759926723866897200,1010.1068972167968,601.556014617905,2.4429722039727935,77.0975994309811,-33.44277920283809,575.7413211669773,267.1483154296875,8.005427453416521,3.750252441800377,-70.6312114096603,1.5233068024866345
1759926724866847700,1011.10684765625,601.5611621020362,1.8435221369572579,58.319869367568714,-33.44278571634832,575.7464686511084,267.1483154296875,8.005065620386706,3.774333411665142,-70.63123999391249,2.5352659511580016
1759926725866798800,1012.106798828125,601.3716606376693,1.902305069203037,34.89813103039231,-33.44279589151089,575.5569671867415,267.1483154296875,8.004749020500029,3.738728707046797,-70.63128210043263,4.19355691196226
1759926726866752000,1013.106751953125,601.6187440622598,1.8890251526512831,27.80015526772694,-33.44280574946081,575.8040506113321,269.5083312988281,8.004469671964127,3.7337880175924907,-70.63133836030404,5.114105709545623
1759926727866706400,1014.1067065429687,601.7945354897529,2.021405173576452,33.15520500697643,-33.44280827397133,575.9798420388252,269.5083312988281,8.00422136107367,3.7776691293756706,-70.63138949216948,4.2883113340184424
1759926728866661400,1015.1066613769531,601.8476092517376,1.8502188116539755,47.45186869780363,-33.442796534657894,576.0329158008099,269.5083312988281,8.003999186406237,4.5280179510401295,-70.63142494166229,3.155816120951476
1759926729866617900,1016.1066179199219,601.9115674132481,1.8557330546047217,60.48295867154344,-33.44279177784074,576.0968739623204,269.5083312988281,8.003799225297627,5.225025453048335,-70.63145543047996,2.473843063616219
1759926730866575600,1017.1065756835937,601.8801252348348,2.2590417081924805,63.92321541964774,-33.44279047390129,576.0654317839071,269.5083312988281,8.003609260806138,5.5466251447567405,-70.63147535089118,2.116011418862449
1759926731866533400,1018.1065334472656,601.7136291470379,2.7964094731172593,53.48876530059856,-33.44278925306904,575.8989356961101,274.40789794921875,8.003428792775583,5.6364341290737014,-70.63149663718457,1.7699658397503037
1759926732866493200,1019.1064931640625,601.664728840813,2.818690918741888,50.07231170355664,-33.44278724033293,575.8500353898853,274.40789794921875,8.003257348783217,5.702485349695554,-70.63151386792715,1.6512664535464932
1759926733865451800,1020.1054516601563,601.7115439064801,2.835338382299434,46.721192248929746,-33.44278341180016,575.8968504555523,274.40789794921875,8.003094474608053,5.657718313745664,-70.63153571439801,1.9662876089848789
1759926734865466000,1021.1054660644531,601.7992418678477,2.018167041345541,59.1714698902986,-33.44277921870106,575.98454841692,274.40789794921875,8.002939746335414,5.69591826175267,-70.63156396689217,2.4413422996327165
1759926735865428000,1022.1054279785156,601.9737663613632,1.88912643871251,52.14297321213842,-33.442774811729265,576.1590729104355,274.40789794921875,8.002792760613593,5.612805374987599,-70.63159397107592,2.728166242898865
1759926736865463800,1023.1054638671875,602.00468429178,1.885759245948639,48.57995884573421,-33.442772131889164,576.1899908408523,274.40789794921875,8.002653123743958,5.625034522557145,-70.63162888150138,2.971508348461498
1759926737865951000,1024.1059509277343,602.2076990874484,1.9270832255791839,43.60054468408135,-33.44276976240673,576.3930056365207,274.40789794921875,8.00252048197482,5.631573739028038,-70.63166537791297,3.2893486916495456
1759926738865915100,1025.1059150390624,602.3466483028606,2.108991053683238,51.92593585256363,-33.44276785219853,576.5319548519328,274.40789794921875,8.035788951253643,5.663819575911625,-70.6316922408693,2.602163968384089
1759926739865549600,1026.105549560547,602.4440252957866,2.5821873490388563,50.36491361037129,-33.4427654630568,576.6293318448588,272.9745788574219,8.033999503117418,5.733508972246676,-70.63171863795984,2.0175567476357417
1759926740864908000,1027.1049079589843,602.5475707408041,2.92956947140608,46.32917688644192,-33.442764191236904,576.7328772898763,272.9745788574219,8.032299530919797,5.759875746459314,-70.63173553829849,1.5028796535782774
1759926741864874200,1028.1048742675782,602.5950179249048,3.0278157268534307,45.390731588137776,-33.44276385836924,576.7803244739771,272.9745788574219,8.03068455007037,5.779172090203997,-70.63174615437197,0.9782654497797348
1759926742865927700,1029.105927734375,602.432217313908,3.863657429200897,180,-33.442766204203025,576.6175238629803,272.9745788574219,8.029150319110983,5.636001160471184,-70.63175543854041,0.5165487037345218
1759926743865026000,1030.1050261230469,602.2882821857929,3.598130778483274,180,-33.442767889757334,576.4735887348652,272.9745788574219,8.080700028541681,5.498124144542299,-70.63175908119845,0.16648439740825305
1759926744864993500,1031.1049936523436,602.3749567903578,3.6024895592163055,180,-33.4427695860958,576.5602633394301,272.9745788574219,8.076665027123092,5.3904222080641055,-70.63176069546446,0.1719830033990291
1759926745865271600,1032.105271484375,602.3386368444189,3.5934706549618673,180,-33.44277086871556,576.5239433934912,272.9745788574219,8.07283177530999,5.162865244432742,-70.63176042297675,0.1541912377322875
1759926746865324500,1033.1053244628906,602.4294945346192,3.5909534366713163,180,-33.442771961545226,576.6148010836914,272.9745788574219,8.06919018649173,4.986857006681465,-70.63175939267306,0.14672374671310326
1759926747865293300,1034.1052932128907,602.4135748324916,3.602404736951076,180,-33.442775792757494,576.5988813815638,272.9745788574219,8.065730677435722,4.894033994477225,-70.63176109766391,0.15932976668733925
1759926748865261300,1035.1052612304688,602.3615091443062,3.5897517839531563,180,-33.44277675033185,576.5468156933784,272.9745788574219,8.141665912981559,4.833261814477621,-70.63176236360997,0.1388419352678106
1759926749865231400,1036.1052314453125,602.333009830676,3.5862886481662257,180,-33.4427791186093,576.5183163797483,272.9745788574219,8.177509699932756,4.790854729427043,-70.63176576025575,0.1477120610580564
1759926750865200400,1037.105200439453,602.3223434463143,3.5523671222312996,180,-33.4427792845403,576.5076499953866,272.9745788574219,8.206277848005122,4.879919278209897,-70.63176508975126,0
1759926751865170000,1038.105169921875,602.3223434463143,3.5881546323304496,180,-33.4427792845403,576.5076499953866,272.9745788574219,8.195963955604865,4.798686888856769,-70.63176508975126,0
1759926752865139000,1039.1051389160157,602.1380896503106,3.5708002410675688,180,-33.442784588183926,576.3233961993828,272.9745788574219,8.478511492169758,4.917781007167788,-70.63176310648002,0.05228327875963295
1759926753865109000,1040.1051088867187,602.124573723413,3.5693973865581494,180,-33.44278471156461,576.3098802724853,272.9745788574219,8.69349209473809,4.879692791163986,-70.63176291685274,0
1759926754865079300,1041.1050793457032,602.124573723413,3.5694836627688074,180,-33.44278471156461,576.3098802724853,272.9745788574219,8.936340516523744,4.971769381928151,-70.63176291685274,0
1759926755865049900,1042.1050498046875,602.1706809820607,3.5694544743218724,180,-33.44279529615874,576.355987531133,272.9745788574219,9.056956888320874,5.1407453342065335,-70.63176681401082,0.07559953235503888
1759926756865021400,1043.105021484375,602.1587189948186,3.5815130565923825,180,-33.44279884407337,576.3440255438909,272.9745788574219,9.004109043893445,5.174279703996209,-70.63176874648563,0.0762269468517019
1759926757864991700,1044.1049916992188,602.1205617412925,3.556331763317853,180,-33.44278257061756,576.3058682903647,272.9745788574219,8.95390359166813,5.105528621981353,-70.63176971728511,0.04227316320624385
1759926758864962600,1045.1049626464844,602.2479371028021,3.550874099280974,180,-33.44278245521648,576.4332436518744,272.9745788574219,8.906208412123565,5.038875243939986,-70.63177236634772,0.04248565398272229
1759926759864934400,1046.1049343261718,602.252318425104,3.548219736020935,180,-33.442782459425416,576.4376249741763,272.9745788574219,8.860897991362814,4.8891499085116115,-70.63177226974986,0
1759926760864905500,1047.1049055175781,602.252318425104,3.576217319133099,180,-33.442782459425246,576.4376249741763,272.9745788574219,8.878938734063107,4.877541237344414,-70.6317722697498,0
1759926761864876800,1048.1048767089844,602.3111595902592,3.65097866052953,180,-33.4427819814619,576.4964661393315,272.9745788574219,8.834991797831114,4.830418214584597,-70.63178324163876,0.09661609392640692
1759926762864848600,1049.1048486328125,602.2861848743632,3.7822753155808835,180,-33.442781852404984,576.4714914234355,272.9745788574219,8.793242208699628,5.064324883472416,-70.63178620423128,0.12558942478994686
1759926763864820200,1050.1048203125,602.2700787251815,3.332662775694784,180,-33.442781785387034,576.4553852742538,272.9745788574219,8.839407162496085,5.001241635161935,-70.6317877426669,0.12742659883663443
1759926764864792300,1051.1047922363282,602.1461172513664,1.3332571442093784,180,-33.442781985464585,576.3314238004386,272.9745788574219,8.797436803706741,4.204899075414973,-70.63178314978832,0.013362742935432352
1759926765864764400,1052.104764404297,602.1285799229518,1.342769426037615,180,-33.44278229363938,576.313886472024,272.9745788574219,8.757564963235513,4.281660317268248,-70.63177607546787,0.05697689426983927
1759926766864737300,1053.1047373046874,601.9668005267158,1.315416468780118,180,-33.44278214139623,576.1521070757881,272.9745788574219,8.71968671529253,4.597968220192931,-70.63177957029862,0.06533904617561562
1759926767864708900,1054.104708984375,601.8949578162283,1.322174126912281,180,-33.44278214726618,576.0802643653005,272.9745788574219,8.683702379483309,4.459367322530369,-70.63177943557103,0.032524270285454154
1759926768864681200,1055.1046811523438,601.9475264018402,1.3812312753019902,180,-33.44278207227421,576.1328329509124,272.9745788574219,8.649517259529862,4.325251437377871,-70.63178115703938,0.11337785490690214
1759926769864653600,1056.1046535644532,601.9425946967676,1.3082717025682888,180,-33.442782077043475,576.1279012458399,272.9745788574219,8.617041397663694,4.387495239606216,-70.63178104757138,0
1759926770864626400,1057.1046264648437,601.8157644523308,3.8599081533466086,180,-33.44278226050975,576.001071001403,272.9745788574219,8.58618932687265,4.575768210027319,-70.63177683600622,0.10670238566170563
1759926771864598500,1058.1045986328124,601.838112696074,3.8016273982818056,180,-33.44278207916899,576.0234192451462,272.9745788574219,8.556879861391485,4.810090852479468,-70.63178099878463,0
1759926772864571600,1059.1045715332032,602.3336083525792,4.449588813426737,156.79381004991177,-33.44278093159003,576.5189149016514,270.73699951171875,8.646665781777832,4.765832548308354,-70.63181972918967,2.4476256315381875
1759926773864544000,1060.1045439453126,602.2876310646534,2.8111429208728227,58.307558054507496,-33.442766833283656,576.4729376137257,270.73699951171875,8.6553161743896,6.026662613293787,-70.63186213147856,3.743514848747481
1759926774864516600,1061.1045166015624,602.0577395791188,2.8008913470622736,56.74856814691871,-33.44276197182378,576.243046128191,270.73699951171875,8.62255036219757,6.060223602029197,-70.6319109107728,3.864468898164488
1759926775864490000,1062.1044899902345,601.8827441064641,2.7634459966392093,61.0305634726778,-33.442762689658494,576.0680506555364,267.1970520019531,8.663893804812522,6.768504663151725,-70.63195133619986,3.6166782458482163
1759926776864462300,1063.1044624023436,601.428481255658,2.7809115415932544,75.20803321113077,-33.442773683052565,575.6137878047302,263.37152099609375,8.631208916948946,6.492360530071261,-70.63198353924359,2.9310398515873324
1759926777864435200,1064.1044353027344,601.509748200886,2.806429847383294,106.09797263270555,-33.44278196406491,575.6950547499582,263.37152099609375,8.5996484478012,6.115036175632236,-70.6320013562936,2.069308081261592
1759926778864408800,1065.1044089355469,601.2805381678045,3.109615314461177,98.05136279759647,-33.44279772010985,575.4658447168767,261.149658203125,8.570420388242123,6.139315812246185,-70.63202268948126,2.0613311271309085
1759926779864381700,1066.104381591797,601.1735191270709,3.257670145452458,90.81050223626217,-33.44279025988602,575.3588256761432,261.149658203125,8.547426541601036,5.914568378488038,-70.63204442800654,2.144117540714352
1759926780864354300,1067.1043542480468,601.3850954268128,3.019853360202501,97.89765125760425,-33.44279187238622,575.570401975885,261.149658203125,8.548221768829132,5.7391581037062185,-70.63205678088048,2.1139499085046
1759926781864328400,1068.1043283691406,601.450658461079,2.9364851210020353,87.52761430122186,-33.442799792618736,575.6359650101513,207.30689201988454,8.520810695855149,5.727046533870943,-70.63205905279335,2.4007415720677945
1759926782864301300,1069.1043012695313,601.6721782265231,2.7585335285837544,69.48439090672849,-33.4428022573386,575.8574847755954,190.5175510558691,8.494770170484712,5.435818450946432,-70.63205339167449,3.1558936774782764
1759926783864274400,1070.1042744140625,602.6771315075457,2.7669842889181533,48.72739014492929,-33.442945531180236,576.862438056618,168.3804931640625,8.470031674857353,4.982913605997507,-70.63204274694458,4.51919891126076
1759926784864247800,1071.1042478027343,603.1717967269942,2.754447890531182,36.1649437708766,-33.44301304087632,577.3571032760665,168.3804931640625,8.509846472752253,4.510488943705268,-70.6320261883618,6.109450509500265
1759926785864220400,1072.1042204589844,603.8497844152153,2.7476477029191178,27.882718620902896,-33.44309680837112,578.0350909642875,168.3804931640625,8.418295743911091,4.079108940790735,-70.6320056420926,7.94068373127161
1759926786864194000,1073.104194091797,603.6346799908206,2.741909787584102,23.3382947423134,-33.44320077534217,577.8199865398929,168.60305786132812,8.419275851196275,4.778155475079651,-70.63198266854303,9.5032753480325
1759926787864167700,1074.1041677246094,603.5836514728144,2.746528987405665,19.962320868693794,-33.443314779707244,577.7689580218866,168.60305786132812,8.210875250504085,4.77815604830046,-70.63197317428136,11.138459374794847
1759926788864141300,1075.104141357422,603.6021579923108,2.7338633964214325,18.204466610244953,-33.44342776632831,577.7874645413831,168.91546630859375,8.111697219307244,4.817222076673709,-70.63195532892256,12.161055048492527
1759926789864113400,1076.1041135253906,602.9954328909516,2.74245008516151,17.707227394016346,-33.44354215549523,577.1807394400239,168.91546630859375,8.05713562649356,4.73299622518543,-70.6319339447053,12.548431059989731
1759926790864087600,1077.1040876464845,602.7691658409312,2.7539389165401054,17.327043497673948,-33.44366500916453,576.9544723900035,168.6324920654297,8.027919049613025,4.513981340761197,-70.63191268410938,12.878093292262314
1759926791864061000,1078.1040610351563,602.4431101400405,2.754260569429536,17.962148663423022,-33.443776592438255,576.6284166891128,168.6324920654297,8.013949183970958,4.2789214826809046,-70.63189502828564,12.42463436091496
1759926792864033800,1079.1040336914064,602.3348166905344,2.7631340036290792,20.62923934360486,-33.443865525301455,576.5201232396066,168.6324920654297,8.0073940223353,4.07832797400405,-70.63186839662869,10.852259696971888
1759926793864007400,1080.1040073242189,602.2128417789936,2.749625187236823,22.819752680700425,-33.443940135136934,576.3981483280659,168.9375457763672,8.004345300378493,3.798808601529335,-70.63184804959793,9.76278530209927
1759926794863981600,1081.1039816894531,602.0375597476959,2.745159749280675,25.454695874056792,-33.44401183598394,576.2228662967682,168.9375457763672,9.30682355283085,3.9512080911298977,-70.63181800460075,8.737957466889641
1759926795863954200,1082.1039541015625,602.1854652846232,2.768279886810148,27.7023721037975,-33.444080518930626,576.3707718336955,156.68580627441406,8.951809501662906,3.531430727829238,-70.63176272609866,8.095029889922994
1759926796863928300,1083.1039282226564,602.2415927359834,2.783503733804137,30.204827730205057,-33.44415518899569,576.4268992850557,143.76998901367188,9.838248824563232,3.606360206769508,-70.63172608649755,7.461662026027002
1759926797863901200,1084.1039011230469,601.9328086683527,2.807515113588157,32.916247595798865,-33.44421397788775,576.1181152174249,134.87928771972656,10.092475794451829,3.375524348963629,-70.63167131126374,6.909722750083951
1759926798863874800,1085.1038747558594,601.7319654291496,2.8196757060595132,36.81918420540774,-33.4442600568312,575.9172719782218,134.87928771972656,10.862324113394468,3.4307234027426854,-70.63161611475105,6.202884601451295
1759926799863848700,1086.1038486328125,601.2791138021275,2.753225217399848,37.642956570881104,-33.44431083912251,575.4644203511998,115.39921569824219,9.783030495313062,3.269568796226093,-70.63151213641333,5.926456581242372
1759926800863822300,1087.103822265625,600.9290076335892,2.734833100326283,40.41204343027035,-33.44434158888193,575.1143141826615,115.39921569824219,9.77586128106876,3.4172012551195143,-70.63143488778387,5.480667554773255
1759926801863795200,1088.1037951660155,600.4672849932685,2.7384169427027016,46.39039661163517,-33.44436081299391,574.6525915423408,115.39921569824219,9.331895974564983,3.4337613140495833,-70.63138659357432,4.745272386432841
1759926802863769000,1089.1037690429687,600.0755178127438,2.771848875655202,59.423588634092944,-33.44437234173315,574.260824361816,115.39921569824219,9.06576129703055,3.433506951247246,-70.63135763143727,3.6768395127002433
1759926803863742500,1090.1037424316405,599.9103748574853,2.983818919071183,85.12962541131073,-33.4443398449844,574.0956814065576,87.15106201171875,8.888134405434183,3.433084652779869,-70.63131672569564,2.426179709528094
1759926804863715600,1091.103715576172,599.8896937565878,3.356707814903009,129.28702149349277,-33.444352021244434,574.0750003056601,87.15106201171875,8.99814986561197,3.5110229093098493,-70.63131576913555,1.441186824964126
1759926805863690200,1092.1036901855468,599.8729592198506,4.12912619475216,180,-33.44436399762696,574.0582657689229,87.15106201171875,8.873381130527447,3.4842087878895422,-70.63131546206125,0.9863685900512736
1759926806863663600,1093.1036635742187,599.9793279320002,4.1008044142951565,180,-33.44435178285077,574.1646344810724,87.15106201171875,8.77633878184392,3.468279677225917,-70.63129908643528,1.0328807798758848
1759926807863636700,1094.10363671875,600.0504616890103,4.0219997912487875,180,-33.444351559806954,574.2357682380825,87.15106201171875,8.717653005825806,3.3945383381521927,-70.6312937401664,0
1759926808863610600,1095.1036105957032,599.8928646240383,4.081595528825725,180,-33.44435112224433,574.0781711731106,87.15106201171875,8.851354231515247,3.6000401645907902,-70.63128325190272,0.47452615301222284
1759926809863584300,1096.1035842285157,599.9081485504285,4.031382855641574,180,-33.444351176449054,574.0934550995007,87.15106201171875,8.82705087413511,3.7501470013745735,-70.63128455119322,0
1759926810863558000,1097.1035578613282,599.9081485504285,4.007973565136355,180,-33.44435117645006,574.0934550995007,87.15106201171875,8.763431576124718,3.817564272001785,-70.63128455119316,0
1759926811863531000,1098.1035310058594,599.9081485504285,4.0121707201082355,180,-33.44435117645082,574.0934550995007,87.15106201171875,8.708900749258667,3.8601121569750125,-70.6312845511931,0
1759926812863505000,1099.1035048828126,599.9081485504285,4.0161449675458,180,-33.44435117645045,574.0934550995007,87.15106201171875,8.704096055287506,3.877247554012349,-70.63128455119316,0
1759926813863478800,1100.1034787597657,599.9081485504285,4.0116411980757825,180,-33.44435117645106,574.0934550995007,87.15106201171875,8.676309281281013,3.8763690319169055,-70.6312845511931,0
1759926814863453000,1101.1034528808593,599.9081485504285,4.015811765897552,180,-33.44435117645106,574.0934550995007,87.15106201171875,8.63652638238213,3.85723304959451,-70.6312845511931,0
1759926815863426300,1102.1034262695312,599.9081485504285,3.9386795019738887,180,-33.44435117645025,574.0934550995007,87.15106201171875,8.601163805583122,3.743684224550194,-70.63128455119316,0
1759926816863400000,1103.1033999023437,599.9081485504285,3.558132316649285,180,-33.44435117645078,574.0934550995007,87.15106201171875,8.569523605289273,3.6492446776573453,-70.6312845511931,0
1759926817863372800,1104.1033728027344,599.9081485504285,2.6802242845235646,180,-33.44435117645106,574.0934550995007,87.15106201171875,8.541047425024809,3.579848261599133,-70.6312845511931,0
1759926818863346700,1105.1033466796875,599.9081485504285,4.031137702445432,180,-33.44435117645106,574.0934550995007,87.15106201171875,8.669839500442254,3.9049122696429226,-70.6312845511931,0
1759926819863320800,1106.1033208007811,600.337376804091,3.571528457952664,180,-33.444346562392354,574.5226833531633,83.21471405029297,8.846830308856287,3.7359436309129888,-70.6312334520045,0.045786732124240115
1759926820863294200,1107.1032941894532,600.346129283309,3.827653584632594,180,-33.44434633481392,574.5314358323812,83.21471405029297,9.147630320322792,3.9359763434152604,-70.63123117047628,0.10644411303968584
1759926821863268400,1108.1032683105468,600.3342185756192,3.836561046801775,180,-33.444346342719946,574.5195251246914,83.21471405029297,9.090248804258684,3.8652950663592547,-70.63123124971176,0.11322578639317754
1759926822863241700,1109.1032416992186,600.3302031932399,3.762629786733954,180,-33.44434586263072,574.5155097423121,83.21471405029297,9.111620438912352,3.8113615925637196,-70.63122643668888,0.09216986630218688
1759926823863215400,1110.1032153320311,600.3562442269176,3.757282577625251,180,-33.44434575945877,574.5415507759899,83.21471405029297,9.056039416958889,3.7278893238383306,-70.63122540236328,0.08327403221638859
1759926824863189200,1111.1031892089843,600.4322419622913,3.7473770822766292,180,-33.444345601462885,574.6175485113636,83.21471405029297,9.043220560332681,3.74525096799093,-70.63122381838843,0.09490145760286518
1759926825863163000,1112.1031628417968,600.491097449325,3.7262721946531574,180,-33.4443453208186,574.6764039983973,83.21471405029297,9.180482518420693,3.834187866286974,-70.6312210048594,0.0748396668318819
1759926826863136300,1113.1031362304689,600.5056160297245,3.7495634601146404,180,-33.44434488858641,574.6909225787967,83.21471405029297,9.41954228798679,3.943558328725982,-70.63121667159088,0.07289428877700271
1759926827863110100,1114.1031101074218,600.4985905326903,3.7565630075706893,180,-33.44434427972951,574.6838970817626,83.21471405029297,9.516316054071092,3.986667772371887,-70.6312105676149,0.0816257765874036
1759926828863084300,1115.1030842285156,600.4797492874786,3.7287992855779732,180,-33.44434508307256,574.6650558365509,83.21471405029297,9.440500251432548,3.9230920819466397,-70.63121862137632,0.06294570322068241
1759926829863058200,1116.1030581054688,600.4767524097115,3.7173652692157972,180,-33.44434504026147,574.6620589587837,83.21471405029297,9.414768657585638,3.852760893399039,-70.63121819219496,0.05730546119195824
1759926830863031300,1117.10303125,600.4870706638321,3.7627672188576518,180,-33.44434531258258,574.6723772129044,83.21471405029297,9.456895735980206,3.7958006925156647,-70.63122092230114,0.0758236446298382
1759926831863004700,1118.1030046386718,600.4327797601,3.718324431022928,180,-33.4443454188111,574.6180863091722,83.21471405029297,9.631043040856294,3.7909092018329957,-70.63122198722432,0
1759926832862978600,1119.102978515625,600.5695898514241,3.750018618385209,180,-33.44434476374194,574.7548964004964,83.21471405029297,9.549490888641866,3.6914289033343253,-70.63121541999057,0.0801586492598066
1759926833862952700,1120.1029526367188,600.5092602446675,3.7637302275391944,180,-33.44434515383234,574.6945667937398,83.21471405029297,9.472016344171658,3.6128934333231313,-70.63121933077936,0.08525906664980845
1759926834862926000,1121.1029260253906,600.4618177600205,3.7907249827207345,180,-33.44434941146063,574.6471243090928,77.31468963623047,9.398415526449266,3.5756451731380974,-70.63123023829462,0.42874396064443987
1759926835862899700,1122.1028996582031,600.5071976808831,3.8039424182694153,180,-33.4443502892277,574.6925042299554,77.31468963623047,9.32849474860673,3.4496390009440865,-70.6312348898535,0.986420056813292
1759926836862873600,1123.1028735351563,600.4768446888775,3.773294223244494,180,-33.44435067900569,574.6621512379497,77.31468963623047,9.262070010174227,3.293231480908618,-70.6312369554067,1.557419299850964
1759926837862847000,1124.102846923828,600.6090105362236,2.081160304381957,180,-33.444349903182875,574.7943170852959,77.31468963623047,9.240979639213126,3,-70.63123284408451,2.2989985474708132
1759926838862821000,1125.102821044922,600.6241891151294,1.6535529811074763,50.90672592678328,-33.444361053633926,574.8094956642017,166.15559278710327,9.201609930744866,3,-70.63122566142304,2.631691852310608
1759926839862794800,1126.1027946777344,600.7271442906931,1.6513184572165216,41.297170890551484,-33.44450158238489,574.9124508397654,165.55174255371094,9.141529434697393,3,-70.63121681091647,3.1588646497760036
1759926840862768400,1127.102768310547,600.8682974185795,1.661185989258135,40.30708435194672,-33.44453297687941,575.0536039676517,165.55174255371094,9.084452968080392,3,-70.63120716215862,3.276703336091021
1759926841862742000,1128.1027419433594,600.7602658867836,1.6129387720395536,43.68025739971487,-33.444556634235994,574.9455724358559,169.4112091064453,9.035208516412522,3,-70.63120197059847,2.98148314109233
1759926842862715600,1129.102715576172,600.7854855488986,1.636163909074226,40.56646086499542,-33.44458917450436,574.9707920979708,169.4112091064453,8.9834480876932,3,-70.63119471438934,3.1785147376362066
1759926843862689500,1130.102689453125,600.8338564066216,1.6407880751127912,36.6116042002756,-33.44462577638821,575.0191629556939,169.4112091064453,8.934275688156253,3,-70.63118655247375,3.579296200655142
1759926844862663000,1131.102662841797,600.7991505712271,1.6481093129442548,36.745563054112964,-33.44466790053522,574.9844571202993,169.4112091064453,8.887561943360792,4.045118895061252,-70.6311851860095,3.6061092912459847
1759926845862636500,1132.1026364746094,600.868959903717,1.6967415565270838,36.66788513043395,-33.44469831181069,575.0542664527893,168.60328674316406,8.777874041366465,4.333312144665989,-70.63118640092354,3.5265660587732093
1759926846862610700,1133.102610595703,600.9973709862679,1.6244726344471843,32.43518037191645,-33.44473942343625,575.1826775353402,168.60328674316406,8.848335981215444,4.367704043221688,-70.63118290248238,4.017827264427177
1759926847862584000,1134.102583984375,601.1091967113316,1.6795761743794484,30.5861115799416,-33.44478814894348,575.2945032604039,168.60328674316406,8.763502401430577,4.336862640740105,-70.63117407971053,4.40185379105659
1759926848862558000,1135.102557861328,600.9359306627885,1.639494462938647,31.636131178468567,-33.44483892850732,575.1212372118607,168.60328674316406,8.732884638198943,4.46784669136511,-70.6311613820231,4.19998774731494
1759926849862531800,1136.1025317382812,600.738941308111,1.6166175242893777,30.166009412622405,-33.44489988509989,574.9242478571832,168.60328674316406,8.857901295240964,4.703316486546153,-70.6311381558622,4.332586108766246
1759926850862505200,1137.102505126953,600.8424156429246,1.7013190840329748,28.934288573094875,-33.44494957245664,575.0277221919969,168.60328674316406,8.92984331044998,4.818472190950878,-70.63112481281898,4.283401517076043
1759926851862478800,1138.1024787597655,600.6501454012468,1.57568747884812,27.618499572136965,-33.44500113719278,574.8354519503191,168.60328674316406,8.869874645245991,4.801763315774635,-70.63111247528025,4.619374739407167
1759926852862452500,1139.102452392578,600.5428565125912,1.6475553932293219,24.3528741933416,-33.44505718568561,574.7281630616635,166.37034606933594,8.877020570795493,5.0084257193745545,-70.63109684518648,5.221702233709736
1759926853862426400,1140.1024262695312,600.7423081556335,1.6463901599771058,21.910443923632855,-33.445124529188305,574.9276147047058,167.5858917236328,8.77773218609618,5.197090690909216,-70.63107826727044,5.994790456150381
1759926854862400000,1141.1023999023437,600.5591634558514,1.631550029346594,19.882536632421445,-33.44519130284451,574.7444700049236,167.0283660888672,8.64544931362048,5.1556514272956795,-70.63106481334611,6.62895639519793
1759926855862373400,1142.1023732910157,600.6991811627522,1.6390124481408892,17.866450431816354,-33.44526187156534,574.8844877118245,167.0283660888672,8.588982182785388,5.162519725425093,-70.63104444684798,7.3438082106998746
1759926856862347300,1143.1023471679687,600.447968843393,1.6265979423206054,16.46144960785255,-33.44533766521602,574.6332753924653,167.0283660888672,8.4352616800537,4.913988543833161,-70.6310235702992,8.011706801735
1759926857862322000,1144.1023220214843,600.4626871496439,1.6532570530038109,15.368760733197151,-33.44541975825934,574.6479936987162,167.0283660888672,8.364682970148216,4.7128365148422064,-70.63100063417855,8.6672915312339
1759926858862295000,1145.102294921875,600.1090333713219,1.5755989056870878,13.676942164851273,-33.44550677889861,574.2943399203941,167.0283660888672,8.231335422479404,4.838718587746447,-70.63097703197964,9.309998280963233
1759926859860442600,1146.100442626953,600.0672630527988,1.6266318094178358,13.716294674131314,-33.44559551937107,574.2525696018711,167.0283660888672,8.295627880637468,5.107083930056858,-70.63095561301917,9.327992147313966
1759926860859914800,1147.099914794922,599.8190096737817,1.599216040502115,14.231421715406942,-33.44568086231839,574.004316222854,167.0283660888672,9.232925056685042,5.719309623598648,-70.6309297483656,9.075592674117242
1759926861859887600,1148.0998876953124,599.4883883427829,1.5451983200353157,14.265792046897642,-33.445762534220535,573.6736948918551,166.90785217285156,8.762025724458672,5.429664840496002,-70.63090386550498,8.777265816783393
1759926862860719600,1149.1007197265626,599.6315541630611,1.6373317731167856,14.813822516081226,-33.44584307994951,573.8168607121333,166.90785217285156,8.483226490148242,5.291392713506226,-70.63087982181104,8.75971327259064
1759926863860554000,1150.100553955078,599.4076625844464,2.6083377240590875,24.08303340716152,-33.445924624881805,573.5929691335186,166.90785217285156,8.306479112768857,5.474206761916302,-70.63086052965058,8.76302430633964
1759926864860527900,1151.1005278320313,599.2636074628681,2.7116227107223896,26.082701144014937,-33.446001801168094,573.4489140119404,166.90785217285156,8.19520922709207,5.505821395982484,-70.63083896977923,8.422655659932355
1759926865860163600,1152.1001635742186,598.7851302903146,2.7091735266237964,26.678766264838263,-33.44607724649909,572.9704368393868,166.90785217285156,8.12676247144457,5.535288578050098,-70.63081523754927,8.227040663931259
1759926866859634400,1153.0996345214844,598.5094323270023,2.7079654789703396,28.507052009419542,-33.4461478090097,572.6947388760746,166.90785217285156,8.50713992370237,5.734613697726035,-70.63079294774745,7.694481997552769
1759926867859608800,1154.0996088867187,598.0826396998018,2.7047778074013324,30.48790020193956,-33.44621168411473,572.2679462488741,166.90785217285156,8.349103568401667,5.610613926978544,-70.63077649426235,7.185532638392972
1759926868860221400,1155.100221435547,597.6295222220942,2.7182703505156427,33.953089711865154,-33.44626455331916,571.8148287711665,166.90785217285156,8.252771880290327,5.482280037175558,-70.63076250252719,6.462143079538951
1759926869859551200,1156.0995512695313,597.5761964181438,2.7166189550114996,37.668091579227536,-33.44631320103651,571.7615029672161,166.90785217285156,8.20017535615848,5.497664281592575,-70.6307480978036,5.826798399343471
1759926870859524600,1157.099524658203,597.4588414598256,2.7182182157563552,39.20012228797987,-33.44636202958774,571.6441480088979,166.90785217285156,8.618149194690394,5.809039684714941,-70.6307352005181,5.584967286261118
1759926871859553500,1158.0995534667968,597.398349554278,2.7175250825056154,41.255461847647915,-33.44640874916578,571.5836561033502,166.90785217285156,8.529842163419591,5.8046516017131955,-70.63072421426362,5.306278436967361
1759926872860210000,1159.1002099609375,597.322458284907,2.720520886843299,44.171746583485756,-33.446453534952106,571.5077648339793,166.90785217285156,8.463611904495545,5.755425816440089,-70.6307125266293,4.962939252558057
1759926873860183300,1160.1001833496093,597.1049473909661,2.742959884573108,50.71121158682373,-33.446488979086524,571.2902539400384,167.02207946777344,8.412099460521796,5.686824421801036,-70.63069974588667,4.298843174611417
1759926874860157000,1161.1001569824218,597.091004146263,2.7726887578405908,62.428885160617725,-33.446517054275375,571.2763106953353,167.02207946777344,8.37088949669386,5.671809061757056,-70.63069372864622,3.470065376059101
1759926875860131300,1162.1001313476563,596.8421277301386,2.938993956677872,72.52760557158398,-33.44654528470335,571.0274342792109,167.02207946777344,8.527173314496498,5.8439206206333,-70.63068428227758,2.8788644859894057
1759926876860104400,1163.1001044921875,596.7006379924715,3.2978268366128196,82.25079449718616,-33.44656655604447,570.8859445415437,167.02207946777344,8.592371823140091,5.791072436303182,-70.6306782551179,2.28262904372104
1759926877860079000,1164.1000791015624,596.3312840294093,4.097300945858679,74.26768855633352,-33.44657862137045,570.5165905784816,167.02207946777344,8.574204886495657,5.776520103699437,-70.63067436027127,1.650690543266077
1759926878860052200,1165.1000522460938,595.9945777337998,4.289384565456554,180,-33.44658655444657,570.1798842828721,167.02207946777344,8.533190248948623,5.622534142250634,-70.63067322298248,1.2770968397900742
1759926879860026400,1166.1000263671874,595.4137200284749,1.244391212341612,78.88512887091527,-33.44659552254989,569.5990265775472,167.02207946777344,8.497644232982367,5.008213668653678,-70.63067444120536,0.9957024143254405
1759926880860000300,1167.1000002441406,595.9195670001209,1.2178258431435047,70.74263694767916,-33.44660218400966,570.1048735491931,167.02207946777344,8.466541472232183,5.129186306214883,-70.6306750233618,0.7068229259987704
1759926881859973000,1168.0999731445313,596.3643743917346,1.342306314928535,171.54677721367034,-33.44660914656753,570.5496809408069,167.02207946777344,8.439097854885208,5.455529296671423,-70.6306736186652,0.36915507067000974
1759926882859946800,1169.0999467773438,596.4274497283623,1.418311232294464,180,-33.44661381454447,570.6127562774345,167.02207946777344,8.519889919604898,5.195076794866842,-70.6306699937606,0.14584267620581415
1759926883859921000,1170.0999208984374,596.459966480732,1.4674570751239644,180,-33.44661648058991,570.6452730298042,167.02207946777344,8.492527296014769,5.074081298947386,-70.63067124949586,0.20804016731887157
1759926884859894800,1171.0998947753906,596.6224666824564,1.478658169304758,180,-33.446622494291596,570.8077732315287,167.02207946777344,8.46790093440567,4.8900185947573105,-70.63067115543407,0.4068587812778549
1759926885859869000,1172.0998688964844,597.0219780541956,1.3391936587131001,180,-33.44661384948302,571.2072846032679,167.02207946777344,8.444505881275006,4.864776750351735,-70.63066533074239,0.10156322432148579
1759926886859842300,1173.0998422851562,596.7984416410327,1.3139864509935093,180,-33.44661820874908,570.983748190105,167.02207946777344,8.42228058501495,5.300770615406343,-70.6306605964242,0.046089139590878916
1759926887859815700,1174.099815673828,596.9369284687564,1.3073811004419291,180,-33.446620861904776,571.1222350178286,167.02207946777344,8.401166555358774,5.355807692207151,-70.63065334512277,0.015106637500661607
1759926888859789300,1175.0997893066406,597.4618807230145,1.4790404149592202,137.40311599295958,-33.44662830931277,571.6471872720867,167.02207946777344,8.381108234447836,5.607076637193843,-70.6306567217367,0.7473151575287637
1759926889859763200,1176.0997631835937,597.4899057717994,1.0656349599132113,104.47594147600795,-33.4466243896515,571.6752123208717,167.02207946777344,8.362052821195265,6.2446019027067345,-70.63066820939802,0.7170275260224318
1759926890859736800,1177.0997368164062,598.0427420223132,1.165593855861348,180,-33.44662349023008,572.2280485713854,167.02207946777344,8.343950179028033,6.9270060605750245,-70.63067740031903,0.5482290330558438
1759926891859710700,1178.0997106933594,597.9335593627766,1.0550782888957113,180,-33.44662173129319,572.1188659118488,167.02207946777344,8.326752668049762,6.835829650206798,-70.63069054377233,0.7752448184345514
1759926892859684000,1179.0996840820312,597.4755412060767,0.9639136462906069,180,-33.44662657816961,571.660847755149,167.02207946777344,8.310415042473696,7.384204503119515,-70.63069366831144,1.0089314967633445
1759926893859657700,1180.0996577148437,597.8145185671747,3.9875810720163742,180,-33.44662592433737,571.9998251162469,167.02207946777344,8.29489429428521,6.903773486889794,-70.63069649661,0.8111218736446395
1759926894859631400,1181.0996313476562,598.1736647039652,1.2392561147425023,120.90216294855516,-33.446632327841726,572.3589712530375,167.02207946777344,8.59244731725762,6.998327035559738,-70.63069744840865,0.763960144013141
1759926895859604700,1182.099604736328,598.2890132563189,0.9818090016583781,76.78724873341783,-33.446641691118785,572.4743198053911,167.02207946777344,8.875122692918154,7.3667216194795495,-70.63070131173174,0.9399278703814261
1759926896859579600,1183.0995795898436,597.8500102125108,0.9491966429230575,71.89003449307484,-33.44665596688008,572.0353167615831,181.60012276483081,9.143664281807329,7.399503106960667,-70.63069660457592,1.0411554284294453
1759926897859552500,1184.0995524902344,597.6500353189185,0.974996650824879,73.85561710207693,-33.4466674071572,571.8353418679908,175.49605531459636,9.39877878319214,7.307841729758378,-70.63069494125614,0.9856954049797544
1759926898859527000,1185.0995268554686,597.5371856847778,0.9986866202087176,86.45349394312588,-33.44667547597545,571.7224922338501,173.19764247787583,9.641137563339864,7.27759931425533,-70.63069547241724,0.7928062828539587
1759926899859500800,1186.0995007324218,597.6757574900985,1.0468508022810288,119.27193884511354,-33.44668237325305,571.8610640391707,166.630066816568,9.87137840922183,7.187302330798203,-70.63069250470927,0.6077226405490218
1759926900859473400,1187.0994733886719,597.5884642293677,0.9220871410264648,81.81016382806172,-33.44669437612806,571.7737707784399,160.52443138363216,10.090107206492878,7.332096935920686,-70.6306864227839,0.8763608377522571
1759926901859448000,1188.0994479980468,597.4725634185597,0.9880752554932841,53.71668642339053,-33.446711699654685,571.657869967632,160.0774657421841,10.29789956951803,7.365386078218399,-70.63067962663123,1.3484234855967054
1759926902859421700,1189.0994216308593,597.567556370981,0.9367935666430947,58.761360297700875,-33.44672309236377,571.7528629200533,159.12789685040892,10.495302331415362,7.773473063850513,-70.63067450303829,1.2694471109132102
1759926903859394800,1190.0993947753907,597.6293523302302,0.9290934395611814,67.37391864942101,-33.446733190168835,571.8146588793024,161.9261707399092,10.68283493434076,7.570933211959056,-70.63067199201389,1.1160315725263454
1759926904859368700,1191.0993686523439,597.765858316794,1.0026219772447977,85.59657627548054,-33.44674330763632,571.9511648658663,166.92047842981606,10.86099091514726,7.177757881669471,-70.6306709855883,0.9369578459667525
1759926905859342300,1192.0993422851564,597.7101866789162,1.0296393184809636,122.10877786033626,-33.44674721496437,571.8954932279885,169.64169251494283,11.030239112610698,6.805831005188373,-70.63067109620296,0.6763514879105005
1759926906859316500,1193.09931640625,597.875495467335,0.9858699059435545,105.38986310357623,-33.446757380330595,572.0608020164073,168.32547728501385,11.191024888738555,6.941497947427316,-70.6306679472348,0.7234469345432207
1759926907859290400,1194.0992902832031,597.8371769916266,0.9724392389464022,81.71331963811534,-33.44677151082973,572.0224835406989,168.6540579062554,11.343771369594283,6.867215720479245,-70.63066661189828,0.9420574219976923
1759926908859264300,1195.0992641601563,597.6296870540828,0.982939501687916,87.55272752853885,-33.446782081606486,571.814993603155,169.23408552873252,11.488880527366849,6.664128700970563,-70.63066452990664,0.9055609046319436
1759926909859237000,1196.0992370605468,598.2604159936309,1.053899490553852,79.20580001557308,-33.446791446560475,572.4457225427032,169.19548397487398,11.626734230344047,6.63972882730228,-70.63066129313594,0.915659036539554
1759926910859211500,1197.0992114257813,597.6987606668845,0.9735127128460641,96.75378422515568,-33.44680269871437,571.8840672159567,166.35476073671995,11.75769524651969,6.803315528958241,-70.63065465359212,0.7831279530977732
1759926911859184600,1198.0991845703124,597.1566306296736,1.0497079327306305,83.27223332756758,-33.446816258005384,571.3419371787459,165.1780849494486,11.882108211579006,7.040244989126034,-70.63065105842813,0.8462883510461664
1759926912859158300,1199.099158203125,596.6643733065575,1.09703893177169,50.914206023152545,-33.4468362593407,570.8496798556298,165.8780245357439,12.000300513160797,7.37753992547837,-70.63064865059617,1.1976265795297283
1759926913859132700,1200.0991325683594,596.5421535372734,0.936290988905883,51.46166954342659,-33.44684904779016,570.7274600863457,168.92060060014526,12.112583228637464,7.965187439068051,-70.63065338937578,1.074204095153722
1759926914859105800,1201.0991057128906,596.4916381044313,0.9315993799980715,52.85473801676635,-33.44686596679406,570.6769446535036,168.84773589536965,12.21925178702038,8.200246726555473,-70.63065460017272,1.2335033380210194
1759926915859080200,1202.099080078125,596.7562241954729,0.8086673178049347,63.85451545582337,-33.4468782089548,570.9415307445452,175.51757870093786,12.320586931780285,8.547981385808079,-70.6306609355381,1.0154289415072155
1759926916859053000,1203.0990529785156,596.686946099624,0.8793870791651618,57.788552704917485,-33.44689475791584,570.8722526486963,177.704676875285,12.416855307693298,8.74144804666308,-70.63066389052051,1.2027549224585479
1759926917859027500,1204.09902734375,596.3039825409651,0.8899037289144446,49.17736502852698,-33.446907780288,570.4892890900373,173.41794856340238,12.508310260126201,8.758906453504755,-70.63066374188895,1.255919194629062
1759926918859001000,1205.0990009765626,595.8915606187657,1.029408280097335,45.33258992175815,-33.44692341059972,570.0768671678379,171.292668102999,12.595192478861755,8.820584441187703,-70.63066224657203,1.4091604217837206
1759926919858975500,1206.0989755859375,596.3812482180074,0.7766033797552879,44.785715904052516,-33.44693762336838,570.5665547670797,172.6373058472515,12.677730582180178,8.99009286290756,-70.63066171780189,1.395382565947982
1759926920858948000,1207.098947998047,596.7447885097936,0.8168164398533351,49.71019886920527,-33.44695219822669,570.9300950588658,172.59356261977476,12.756141783085507,9.023485091229922,-70.63065955913414,1.2550545733042149
1759926921858921700,1208.0989216308594,596.5322010954842,0.8029572541050568,44.35408395677863,-33.44697038739572,570.7175076445565,174.9478238329168,12.830632412926558,8.956466302160864,-70.63065820919074,1.4666340084318361
1759926922858895600,1209.0988955078126,596.3615252142772,0.8219843761017248,51.36666927183534,-33.4469844443341,570.5468317633495,172.27128527860035,12.901398526859364,8.877641278593108,-70.63065440076747,1.2514978054973156
1759926923858869000,1210.0988688964844,596.5016217445955,0.7913109375146179,62.779375252835734,-33.44699461179439,570.6869282936677,162.62413830004385,12.96862634026046,8.89684202517452,-70.63064749133747,0.9963947051687799
1759926924858843400,1211.0988435058593,596.3816787144169,0.7571384845786306,67.86406579836652,-33.4470056074701,570.5669852634892,160.96587333214774,13.032492754147754,9.076382657034184,-70.63064362703913,0.8229105525174828
1759926925858817500,1212.0988176269532,596.155180612579,1.0596661990556435,68.07064148823333,-33.447020080835415,570.3404871616513,161.07786576090234,13.093165837244271,8.855602756355852,-70.63063938126022,1.0243214394226916
1759926926858790700,1213.0987907714843,596.1110555017367,0.9697886860777098,76.70420243149029,-33.447026329670045,570.296362050809,156.10754808942315,13.150805280266754,8.974336620015169,-70.6306348232498,0.8715512239383846
1759926927858764000,1214.0987639160155,595.9858889011666,1.0895363007884464,148.93791917773262,-33.44702858087393,570.1711954502389,146.63315249176492,13.205562755896263,8.87411007305385,-70.63063017067218,0.44654931046031254
1759926928858738000,1215.0987380371093,596.2335309470072,0.9970541805032286,141.2768097464007,-33.44703613815427,570.4188374960795,140.62599460820263,13.257582344612198,9.045330831475923,-70.63062320504022,0.5129193861255799
1759926929858711800,1216.0987119140625,596.1375865209848,1.3196742718593022,180,-33.44703431981298,570.322893070057,139.96529518335717,13.307000966944242,9.641403378067741,-70.63062356961576,0.03919217611588228
1759926930858686000,1217.0986860351563,596.3253669701517,1.084700116879758,180,-33.447035821228916,570.5106735192239,139.9652928934084,13.353948648974189,9.608886988639124,-70.63061941598589,0
1759926931858659300,1218.0986594238282,596.3945232974365,1.3580915713732422,180,-33.44704061162091,570.5798298465088,139.96529132271223,13.398548940022602,10.008241566755473,-70.63061656539013,0.2557217623337189
1759926932858633000,1219.0986330566407,596.6010092552751,1.3635958842918015,180,-33.447041939938316,570.7863158043474,139.9652914866481,13.44091922615421,10.043847495341511,-70.63061686214081,0.08860737056363008
1759926933858606300,1220.0986064453125,596.8365961648524,1.373064278608611,180,-33.44704397996617,571.0219027139246,139.96529016741428,13.48117099091841,9.933696745561464,-70.63061446875017,0.22495136169482335
1759926934858580500,1221.0985805664063,596.9550483450294,1.3663785307964496,180,-33.447040328078344,571.1403548941016,139.96529055217897,13.519410175227955,10.125428189934558,-70.63061516808858,0.038864740872839726
1759926935858554400,1222.0985544433593,596.8268128791824,1.3591642783175597,180,-33.44704275422995,571.0121194282547,139.96529012201438,13.555737396266798,10.38508289840682,-70.63061438693025,0.01655084308241973
1759926936858528000,1223.098528076172,596.753312039189,1.3539980749160239,180,-33.44704343105248,570.9386185882613,139.96528938819642,13.590248250917366,10.474160837586497,-70.63061305581019,0.1105450694682428
1759926937858502000,1224.098501953125,596.7741271387786,1.328642319664199,180,-33.44704678891409,570.9594336878508,139.96528832715276,13.623033566249568,10.59213170808512,-70.63061113011233,0.14836172679425788
1759926938858475000,1225.0984750976563,596.6738629825413,1.3592634155630272,180,-33.44704724786803,570.8591695316136,139.96528708891086,13.65417961913024,10.654159106623183,-70.63060888427275,0.1306172520475075
1759926939858449000,1226.0984489746095,596.7071607401595,1.3609036565015213,180,-33.44704750951206,570.8924672892317,139.96528695093664,13.683768371894075,10.67575519173035,-70.63060863393578,0.015256451479267595
1759926940858422800,1227.0984228515624,596.6163528943434,1.0878350172839644,180,-33.447048344828886,570.8016594434157,139.9652860793204,13.711877683318589,10.703251854821026,-70.63060705284134,0
1759926941858396400,1228.098396484375,596.6163528943434,1.0853490178463447,180,-33.447048344828886,570.8016594434157,139.9652860793204,13.738581528681422,10.676024649066287,-70.63060705284134,0
1759926942858370300,1229.098370361328,596.6390025867149,0.9617510667169497,180,-33.44705082175416,570.8243091357872,139.96528347987703,13.763950181776115,10.716068630484083,-70.63060233750925,0
1759926943858344000,1230.0983439941406,596.5940830018371,1.3594081002434983,180,-33.447051829260545,570.7793895509094,139.9652823697189,13.788050402216072,10.703389176062194,-70.63060032372844,0
1759926944858317800,1231.0983178710937,596.4201365197077,1.3594980821612017,180,-33.44705542352883,570.60544306878,139.96528317597773,13.810945611634034,10.824635900119643,-70.63060178442777,0
1759926945858291000,1232.098291015625,596.5272576082498,1.3696014332283488,180,-33.447057118130154,570.712564157322,139.96528360456276,13.83269606086675,10.68681931423658,-70.63060256098623,0.06774072148552172
1759926946858264300,1233.098264404297,596.5746322842315,1.3726813977573564,180,-33.44705827145848,570.7599388333037,139.96528438184956,13.853358986788521,10.492845624682955,-70.63060397016983,0.08296635091579795
1759926947858238200,1234.09823828125,596.5783119946718,1.3648870714416828,180,-33.447058097492835,570.7636185437441,139.9652845316823,13.872988767255528,10.399212062306214,-70.63060424197617,0
1759926948858212600,1235.0982126464844,596.6458763051778,1.36540445972532,180,-33.447056715827024,570.8311828542501,139.96528422966853,13.891637058316627,10.388923574011509,-70.63060369483259,0.015288264164442868
1759926949858185700,1236.0981857910156,596.7763970131055,1.3530403637882933,180,-33.447058268722344,570.9617035621777,139.96528195851153,13.909352933759656,10.492013342366368,-70.63059957526244,0.1865175597481081
1759926950858160000,1237.09816015625,596.6807787688449,1.3559716881742752,180,-33.4470566669429,570.8660853179172,139.9652808262908,13.926183015729489,10.468948798705918,-70.63059752256761,0.14690441529723824
1759926951858134000,1238.0981340332032,596.5536604821682,1.3563266887518535,180,-33.447057826115696,570.7389670312405,139.96528141832943,13.942171593544627,10.465011065497503,-70.63059859578718,0.11320563632735849
1759926952858107100,1239.0981071777344,596.815719358623,1.3594592830849572,180,-33.44705650274954,571.0010259076953,139.96528105665206,13.9573607441313,10.789238155575617,-70.63059794041442,0.06262557011942374
1759926953858080800,1240.098080810547,597.0108890617266,1.358698656391231,180,-33.44705387586931,571.1961956107989,139.9652808789701,13.97179043799797,11.04388750039626,-70.63059761928007,0.010936270374612794
1759926954858055200,1241.0980551757812,596.491177296266,1.3628934153532852,180,-33.44705084712313,570.6764838453382,139.9652819438179,13.985498644466308,11.448067965901805,-70.63059955173777,0.05474534956852224
1759926955858028300,1242.0980283203126,596.8216348867863,1.3642400579220109,180,-33.447051744095695,571.0069414358586,139.96528147326006,13.998521440520706,11.483970699476542,-70.63059869796754,0.1940474347430312
1759926956858002700,1243.0980026855468,596.9352107318118,1.3562734441121047,180,-33.447051398301205,571.1205172808841,139.96528359915698,14.010893099399722,11.668395681083345,-70.63060255358984,0.09399958168897876
1759926957857975600,1244.0979755859375,596.8060907097533,1.359839536802692,180,-33.447048936091605,570.9913972588256,139.96528388867551,14.0226461748788,11.607700392324315,-70.63060307969035,0.08306823266760105
1759926958857949700,1245.0979497070311,596.7461841041222,1.3813277437741407,180,-33.44704758304941,570.9314906531945,139.96528562523542,14.033811595882122,11.182389842790426,-70.63060622964424,0.01593766105440262
1759926959857923000,1246.0979230957032,597.0116843758151,1.25643340794417,180,-33.447047654104395,571.1969909248874,139.96528452065294,14.044418746215625,11.180825666600454,-70.63060422636948,0.10590456820827344
1759926960857896700,1247.0978967285157,597.0409891828895,1.3657651832327389,180,-33.44704846004647,571.2262957319617,139.96528553123068,14.05449553749063,11.698118180686013,-70.6306060587902,0.09689791766871754
1759926961857870600,1248.0978706054686,597.0553468260914,1.3629643694533864,180,-33.44704824433353,571.2406533751637,139.96528547095943,14.064068490212714,11.388031996605672,-70.6306059495745,0.07871274872586098
1759926962857844000,1249.0978439941407,597.3121822839603,1.3658716181402886,180,-33.4470507931759,571.4974888330325,139.9652862808391,14.073162793248825,11.124335985387344,-70.63060741728015,0.21231843571482517
1759926963857818600,1250.0978186035156,597.1263887668028,1.3670066097194278,180,-33.4470517281589,571.3116953158751,139.96528715116497,14.0818023836458,11.491190511875672,-70.63060899528898,0.2448765802109638
1759926964857791500,1251.0977915039061,597.028033929877,1.379021542675709,180,-33.447050530596904,571.2133404789492,139.96528939525942,14.090009995280232,11.1735773787769,-70.63061306562977,0.028714678723154863
1759926965857765600,1252.097765625,597.0983770051971,1.4042125877280491,180,-33.44705336901657,571.2836835542694,139.96528844212185,14.09780722322734,10.087062867823557,-70.63061133584696,0.22892398901886307
1759926966857739000,1253.0977390136718,596.8624646812677,1.4186595234550705,180,-33.447050421807106,571.04777123034,139.96528789907867,14.105214591504977,9.06075340606879,-70.63061035223757,0.11802177910233623
1759926967857712600,1254.0977126464843,597.1015649409965,1.3850026474652863,180,-33.4470520016419,571.2868714900687,139.96528674260531,14.112251589065496,10.535022807954896,-70.63060825421977,0.2105213879064707
1759926968857686500,1255.0976865234375,597.1327348686755,1.3634201078153307,180,-33.447046756532046,571.3180414177477,139.96528801967918,14.118936742491021,10.781437773256945,-70.63061057249911,0.022244247573053374
1759926969857661000,1256.097660888672,597.0765792131424,1.3681526688744878,180,-33.44704259915126,571.2618857622147,139.96528810950016,14.125287634506513,10.840463553817862,-70.6306107371471,0.031020218636322035
1759926970857633500,1257.0976335449218,596.9203571612015,1.3616537453166588,180,-33.44704672245507,571.1056637102738,139.96528651619326,14.131320968819896,10.748571740994004,-70.63060784582684,0.27350491225935514
1759926971857607400,1258.097607421875,596.9556198250502,1.3675715865295284,180,-33.447043890779256,571.1409263741225,139.96528754208387,14.137052662919345,10.696842810220046,-70.63060970755033,0.013436809870878183
1759926972857581300,1259.0975812988281,596.7256949124858,1.3625458389058183,180,-33.44704300293365,570.911001461558,139.9652875224897,14.142497755133228,10.901848553196753,-70.63060967238873,0.07102910863135213
1759926973857555500,1260.097555419922,596.9521247260273,1.36167171513658,180,-33.4470424913332,571.1374312750995,139.9652869107942,14.147670593753999,10.984983014018688,-70.63060856324752,0.10618884696518666
1759926974857528600,1261.0975285644531,596.8164205802605,1.363630266414506,180,-33.44704053009036,571.0017271293327,139.96528715933835,14.152584801031246,11.085958150325542,-70.63060901482741,0
1759926975857503000,1262.0975029296876,596.8825962645933,1.3585535148627548,180,-33.4470403202122,571.0679028136656,139.96528761267984,14.1572532876868,11.119900260400339,-70.63060983708533,0.03582149165692476
1759926976857476600,1263.0974765625,596.8041231529787,1.3689600996740132,180,-33.44704413619017,570.989429702051,139.965285235347,14.16168833169852,10.951507820097431,-70.63060552400314,0.30982381925281055
1759926977857450000,1264.097449951172,596.8487238660455,1.3647627547547285,180,-33.44704044940425,571.0340304151177,139.9652864382865,14.165901666168757,11.552271838727043,-70.6306077071787,0.011824419977332206
1759926978857423600,1265.0974235839844,596.7048232648522,1.3621402897261141,180,-33.44704099337708,570.8901298139244,139.96528549585938,14.169904303327623,11.58471817804437,-70.63060599778574,0.11295134370603054
1759926979857398000,1266.0973979492187,596.6420597936958,1.3873252211785705,180,-33.44704320895197,570.8273663427681,135.28874807792093,14.173706796325371,10.757438139860819,-70.63059724652709,0.5560589035120772
1759926980857371400,1267.0973713378905,596.6795062413439,0.9788182057511574,105.91671431063827,-33.44704532618276,570.8648127904162,115.69681839946894,14.177319187651817,11.378246115002428,-70.63058815748013,0.7224504741933633
1759926981857345000,1268.097344970703,596.3980473615229,0.9572385205912658,66.53534300772412,-33.447044744700676,570.5833539105952,103.92140838590421,14.18075094583393,11.574505631861582,-70.63057091095274,1.0738018034168535
1759926982857318400,1269.097318359375,596.4070538980886,0.9456646389715855,68.31673466922886,-33.44703950345472,570.5923604471609,91.2162256900409,14.184011145439094,11.509109808481501,-70.63055781931529,1.0730756031868103
1759926983857292300,1270.097292236328,596.4412708133459,0.9591964520565289,56.419100305904045,-33.44703801085726,570.6265773624182,88.91881720373468,14.187108320696934,11.086017139975576,-70.63053880691115,1.3604612854776421
1759926984857266400,1271.0972663574219,596.552119858563,0.9713358715946598,63.3664751126069,-33.44703833626663,570.7374264076352,89.70275711989343,14.190050636101633,10.798074204713647,-70.63052760126588,1.2354762090799634
1759926985855004000,1272.09500390625,596.0654347725213,0.948717148250851,50.8178952372265,-33.447033387307684,570.2507413215935,81.31490611518562,14.19284585699815,11.079003139060028,-70.63051150197657,1.328152008290539
1759926986854809900,1273.0948098144531,596.282262374647,0.918850531558068,49.11595522116399,-33.44703345452882,570.4675689237192,81.45318905067379,14.195501303232566,10.920158698130265,-70.63049307724455,1.4882194697086286
1759926987854783700,1274.0947836914063,596.5630996888503,0.9086349271712201,42.53543576351925,-33.44703382795076,570.7484062379226,83.46940368705019,14.198023970977387,10.880516944737558,-70.63047126877903,1.7170581041064894
1759926988854669800,1275.094669921875,596.6395321013406,0.9298516133111715,40.249769168339014,-33.44703871022121,570.8248386504129,90.9514720663671,14.200420479749674,10.734501717609424,-70.63044930516544,1.8624376256841138
1759926989855214000,1276.0952141113282,596.7356427228078,0.9564971681237497,39.03710249570457,-33.4470402878025,570.9209492718801,92.61003367276649,14.200420472552617,10.189297387863903,-70.63042701407376,1.977737475960174
1759926990855187500,1277.0951875,596.784513650462,0.9404673354792956,52.58145061617621,-33.44703526898871,570.9698201995343,85.4873904515308,14.202697168540775,10.656287114223716,-70.63041951016697,1.4490956489437978
1759926991855345000,1278.095344970703,596.4050084417686,0.9574923755683014,65.92527129701983,-33.44702880551139,570.5903149908409,74.4759869501786,14.204860045463722,10.70211657702591,-70.63041012888893,1.0776039481287503
1759926992854717200,1279.0947172851563,596.5748056787997,0.8259163012104992,62.83082026382875,-33.447023190357186,570.760112227872,68.27073446583616,14.206914776188292,10.990816110342319,-70.6303968627801,1.0436568995392521
1759926993854691000,1280.0946911621095,596.100801882334,0.9545196574035837,54.812929752878574,-33.44701821165298,570.2861084314063,67.0010379349506,14.20886676655699,11.155154645577683,-70.63038107602043,1.1078816699295033
1759926994854592800,1281.0945927734374,596.25328345038,0.9072939933608355,60.98733325785452,-33.44701681276162,570.4385899994522,71.94625712654862,14.210721151577866,11.134142555244443,-70.6303663832364,1.0970679705413777
1759926995854768400,1282.094768310547,596.2711295690387,0.9090932706376746,56.1573661929205,-33.4470153316683,570.456436118111,77.17142659943245,14.212482828669563,11.171502312673764,-70.63034794887606,1.2423477841231387
1759926996854741500,1283.094741455078,596.1115921856835,0.7489463791416018,38.70833799280372,-33.44701323113363,570.2968987347558,80.35661077093867,14.214156422192385,11.402290703160809,-70.63032832789739,1.4403674533280468
1759926997854946600,1284.094946533203,596.4923933893442,0.7648552415135813,43.66020845216571,-33.44701359229092,570.6776999384165,84.33839139520846,14.215746341070435,11.213865824933881,-70.63031165064103,1.4169177275146196
1759926998854575000,1285.0945751953125,596.6364682167768,0.7925571122787817,40.49919222777786,-33.44701799926818,570.8217747658491,93.8227725940895,14.217256761548276,11.184156096399335,-70.63029223639967,1.5822595085889053
1759926999854548200,1286.0945483398436,596.4889125311747,0.9316464288492772,59.74481072712907,-33.44702135782677,570.674219080247,98.7668550689699,14.218691662584561,10.571819272503589,-70.63028178632607,1.256046654574934
1759927000854521300,1287.0945212402344,596.5011892449111,0.9311798197731279,60.87564677606279,-33.447020127963626,570.6864957939833,93.53224037254657,14.22005481063394,10.819539044938061,-70.63026594018731,1.221009394304696
1759927001854495500,1288.0944956054686,596.1956567596644,0.9798852728515516,58.243269746713786,-33.447023355148524,570.3809633087367,96.45150252487093,14.221349796450902,10.957232903097989,-70.63024951419938,1.216371365968318
1759927002854468900,1289.09446875,596.1054363101721,1.013731091380976,67.5782280803927,-33.447024094380495,570.2907428592443,93.72656871239212,14.222580033361433,11.17205377426424,-70.63023859460587,0.9886241864171683
1759927003854443300,1290.094443359375,596.1764488210902,0.8666929922517143,56.41752190272997,-33.447028638191746,570.3617553701624,99.10645021566408,14.22374876181378,11.578273728848913,-70.6302225494971,1.1201888836556728
1759927004854417000,1291.0944169921875,596.5761108109728,0.9336562487128837,57.705565906202565,-33.447028541024196,570.761417360045,94.34109892372514,14.224859054374658,11.398200527550424,-70.63020661401491,1.172982614856047
1759927005854391000,1292.0943911132813,595.9775436269119,0.9123480872260622,54.884858589916846,-33.447027600297666,570.1628501759842,91.25001123899558,14.225913844590433,11.482398271873327,-70.63019188094839,1.1767866937830085
1759927006854364000,1293.0943640136718,596.0469682775438,0.9558880475428732,62.75565891245433,-33.4470311911089,570.232274826616,96.18266907544366,14.226915883090845,11.528330782092626,-70.63018185824258,1.0177427970580717
1759927007854338000,1294.0943381347656,596.395933107473,0.8958686187611571,64.2056368156022,-33.44703483035195,570.5812396565452,99.67227298980221,14.22786782129969,11.538480349142388,-70.63016664252949,1.0900922239078623
1759927008854312000,1295.0943120117188,596.5132878944278,0.8816986593122839,68.75619849385667,-33.447033849470955,570.6985944435,94.24474385905285,14.228772158156042,11.45823258424791,-70.63015298718251,1.0289997045268866
1759927009854285800,1296.094285888672,596.779511266388,0.9077296491931763,81.42442182161265,-33.44703279214151,570.9648178154603,89.58844401778194,14.229631274350751,11.559789375264158,-70.63014144182516,0.9001999951140752
1759927010854259200,1297.0942592773438,596.7244588537142,0.9326253318498908,105.88671042302637,-33.447032888458736,570.9097654027864,89.81976357949517,14.230447438167309,11.323526042283332,-70.6301327378902,0.690847470840381
1759927011854232800,1298.0942329101563,596.8426494058222,0.7224330033715293,56.64590303115367,-33.44703522067741,571.0279559548944,91.53031193137323,14.231222798667844,11.041875115629802,-70.63011505318245,1.0245931119732261
1759927012854206200,1299.094206298828,596.4210150316358,1.0121239790323635,82.84528903538867,-33.447035823141434,570.606321580708,90.83890067567259,14.231959381821667,10.242264800337082,-70.63010515449405,0.8180639358968145
1759927013854180400,1300.094180419922,596.0000048112124,0.8617965906328964,52.29413268466972,-33.44703451799444,570.1853113602847,87.20369505729423,14.232659138846852,10.225522653057475,-70.6300910846531,0.827958050294228
1759927014854154200,1301.094154296875,596.0868923142552,0.844546928162537,55.26897993898309,-33.44703765481904,570.2721988633275,92.01219341327231,14.233323905765657,10.138866679029148,-70.63007789225777,0.8535246933525136
1759927015854127400,1302.0941274414063,596.0414334023371,0.8327555267187716,63.83450126261638,-33.447033033612264,570.2267399514094,81.90641042707436,14.233955445072448,9.951220737811266,-70.63006607308952,0.7607122697800155
1759927016854101200,1303.0941013183594,596.0804861988872,0.8421363261442714,57.74083052075645,-33.44703393998067,570.2657927479595,84.99117137752712,14.234555401971104,9.752696753854039,-70.6300471881349,0.9836517593914054
1759927017854075000,1304.094074951172,595.7446311665699,0.957470900455345,54.1286354519815,-33.44702893252384,569.9299377156422,78.0293351133134,14.235125367053971,9.5373289048261,-70.63003019903485,1.0896785349988136
1759927018854049300,1305.0940493164062,595.7884176243097,0.9000464370944985,55.969085210227675,-33.447027331500855,569.9737241733819,77.15090904056218,14.235666826601696,9.322829404306463,-70.63001521249998,1.0378978560366885
1759927019854022400,1306.0940224609376,595.4854071941227,1.0123691863950852,51.167515724989485,-33.44702695725099,569.6707137431949,79.46222053510053,14.236181204606627,9.161944041093754,-70.62999563823479,1.193199369131782
1759927020853996500,1307.0939965820312,595.4799635317177,0.9658881529823546,53.24759418657757,-33.44702420047197,569.6652700807899,77.63368859496562,14.236669870760558,8.871592178321654,-70.62997743648195,1.2014320944328063
1759927021853970200,1308.0939702148437,596.0458751562983,0.8782755682733268,63.834223938209746,-33.44702268115255,570.2311817053705,77.29011446748225,14.237134107849155,8.924491700543655,-70.62996100198156,1.1121053532789267
1759927022853943300,1309.093943359375,596.4868575027213,0.9607752998638207,59.02497307300857,-33.44702396398743,570.6721640517935,81.84034819801234,14.237575125349684,8.884872857887867,-70.62994153252863,1.2217171450450166
1759927023853917700,1310.0939177246094,596.0392483621836,0.9185592932786377,48.137382520778026,-33.447020166139176,570.2245549112558,83.22105926110558,14.237994071961982,8.637483871145628,-70.62991551625784,1.5221961589352726
1759927024853890800,1311.0938908691405,595.6798365712166,0.7592969584054695,40.63712251274821,-33.447013963822535,569.8651431202888,75.74864437041917,14.23839209422659,8.911895058537501,-70.62989643601847,1.347270693434813
1759927025853864400,1312.093864501953,595.6934667043388,0.759784164531076,39.10862493937227,-33.44701417522157,569.878773253411,79.54047333130971,14.238770214138507,8.630532296855348,-70.62987509296623,1.4007123778746737
1759927026853838800,1313.0938388671875,595.5823718877509,0.7593409760142865,41.478143460027354,-33.447008733983516,569.7676784368232,73.70344202345126,14.239129445042815,8.520339758134796,-70.62985760394648,1.298833922812881
1759927027853812700,1314.0938127441407,595.8571459557861,0.7800123017425251,47.3638663318612,-33.447004946523,570.0424525048584,68.93440972569297,14.23947070930894,8.453303242272652,-70.6298393790195,1.273316900335164
1759927028853785900,1315.0937858886718,595.5952268494293,0.8253281525062227,43.464605982457364,-33.44699965972058,569.7805333985016,69.07536833974042,14.239794901121071,8.338828795341891,-70.62981588138754,1.387727897709248
1759927029853759200,1316.0937592773437,596.1079470217228,0.7736695802636011,42.64692799974164,-33.446998588615486,570.2932535707951,72.42214210177838,14.24010287695691,8.436209002517607,-70.62979598094164,1.4670273196969408
1759927030853733600,1317.0937336425782,595.9925316814333,0.7473296815308269,43.35405592725088,-33.44699502213378,570.1778382305056,71.59308137958477,14.240395470787556,8.407274367416983,-70.62978169468698,1.2901711519869392
1759927031853706800,1318.0937067871093,595.7515323441476,0.9453760324843039,46.48427920602297,-33.44699324565129,569.9368388932198,74.4589895004955,14.24067343179643,8.862791285159698,-70.6297590075661,1.3014074322510651
1759927032853681200,1319.0936811523438,596.427353293635,0.8769212292871978,60.70411018075344,-33.44699620707399,570.6126598427072,80.94255143984694,14.240937485325183,8.727696990202405,-70.629741044574,1.1595424803201795
1759927033853654300,1320.093654296875,596.6849607871845,0.8649903688703533,64.0384081376746,-33.446997093771444,570.8702673362568,82.67061021427483,14.241188336914673,8.563869561339715,-70.62972484051747,1.0925196984065864
1759927034853628700,1321.0936286621093,597.0610694875941,0.8808220099432292,67.27164704491675,-33.44699414882187,571.2463760366663,78.44908016114559,14.241426656503492,8.527238336271743,-70.62970915301784,1.0018873263947268
1759927035853602000,1322.0936020507813,596.4049243759364,0.981256623432781,63.832126270812395,-33.446987297671,570.5902309250087,72.56107320827861,14.24165305927788,8.543422993348978,-70.62969247644976,1.0527443284306848
1759927036853575400,1323.0935754394532,596.4646743731573,0.9852898586314692,61.30934872258919,-33.446980512140236,570.6499809222296,68.35070431429216,14.241868137825504,8.376702059187462,-70.62967569081044,1.1481373486300157
1759927037853549000,1324.0935490722657,596.5724905831739,0.910306573244157,43.66846994377678,-33.44697728192249,570.7577971322462,75.8337182686813,14.24207243612088,8.303324011846206,-70.6296463816417,1.651291288644834
1759927038853523200,1325.0935231933595,596.5632809661329,0.7236802535150416,43.304791027100684,-33.44697478529685,570.7485875152051,78.33513989567254,14.242266527916678,8.410247552560513,-70.62962733299779,1.335539149023436
1759927039853497000,1326.0934970703124,596.5952461734414,0.9246556717319405,49.249266094459244,-33.446970516659235,570.7805527225137,76.6113078729117,14.242450934233709,8.286856134892458,-70.6296058109453,1.4940650235175073
1759927040853470200,1327.0934702148438,596.3483418440446,0.7688910710484362,41.2620012950443,-33.44697287519703,570.5336483931169,79.67902674705786,14.242626111775326,8.464339910906453,-70.62958762239832,1.315878420219723
1759927041853444000,1328.093444091797,596.3963372269645,0.7994016294360985,44.66517904785242,-33.4469721580098,570.5816437760368,82.32783471897261,14.242792538922142,8.307325737052539,-70.62956591862185,1.3433081689020847
1759927042853418000,1329.09341796875,596.4695151410997,0.7368809374614106,57.50110776930507,-33.446964352164755,570.654821690172,68.06801185093316,14.242950674106886,8.215128949017927,-70.62955421574345,0.9845081461003012
1759927043853391400,1330.093391357422,596.4589263089001,0.7585571782672048,46.13497786598407,-33.44696358842971,570.6442328579724,73.64744701494686,14.243100866055206,8.301163537966369,-70.62953054306396,1.259264308916446
1759927044853366000,1331.093365966797,595.852072016336,1.000774863118497,43.7494773706207,-33.44695873253246,570.0373785654083,75.95300101551307,14.243243549911158,8.238974921684653,-70.62951022768357,1.2862565148991782
1759927045853338600,1332.093338623047,595.7307503307238,0.9779101067688374,45.63109861209848,-33.44695696218329,569.9160568797961,78.56197621775945,14.24337910148786,8.17811724241356,-70.62949175974863,1.210332707482777
1759927046853312800,1333.0933127441406,596.0772158084437,0.838221918190619,47.296584589357316,-33.446951372313634,570.262522357516,76.76398821436948,14.243507873284129,8.057346765009365,-70.6294697101696,1.340814261732135
1759927047853286100,1334.0932861328124,596.7465624641627,0.8822331233664863,39.03255946316493,-33.446946267219566,570.931869013235,79.56550323633945,14.243630196983792,8.423326724795668,-70.62944303336032,1.773190452059764
1759927048853260300,1335.0932602539062,596.3607336264104,0.7777719432560333,43.486903280321684,-33.44693916486249,570.5460401754826,72.64513992638622,14.24374643119436,8.576885251558128,-70.62942787256944,1.4015535092350802
1759927049853234000,1336.0932338867187,596.1953036440536,0.8886698749100879,40.75709219673059,-33.44693113586803,570.3806101931259,71.3784109372054,14.243856832589904,8.385901636984897,-70.62940458723943,1.6685499495079035
1759927050853208000,1337.0932080078126,596.5991333480924,0.7205606654472158,43.776493461245586,-33.446929152829924,570.7844398971647,75.34860757656884,14.243961705070548,8.655021597954402,-70.62938755371707,1.328042801039928
1759927051853181000,1338.093180908203,596.8070216150954,0.8887532653884408,48.66345654913669,-33.446930592535544,570.9923281641677,83.67604143986823,14.24406134421757,8.67935884317185,-70.62936466882745,1.4714783113822207
1759927052853155600,1339.0931555175782,596.6294203083962,0.7297515029741263,45.07598409624526,-33.44692416875692,570.8147268574685,78.09634028254943,14.244156016593328,9.144084554192247,-70.62934767774452,1.2771079339449825
1759927053853128200,1340.093128173828,596.3856826098636,1.038334240360121,66.94423259287814,-33.4469211740406,570.5709891589358,76.6370739109841,14.24424596015787,9.055304964693452,-70.62933467459264,1.0019191239744472
1759927054853102600,1341.0931025390626,595.8703328920528,1.1052375969024753,42.647035521280586,-33.44691774644846,570.0556394411251,79.24412265700913,14.24433140640246,9.56741134319863,-70.62931267127537,1.3716698806331113
1759927055853077000,1342.0930769042968,596.099338834174,0.7887717013690156,40.923815334648204,-33.44691248811518,570.2846453832462,72.7473065052062,14.244412554606273,9.912109888759266,-70.62929823620273,1.254840105648645
1759927056853050000,1343.0930500488282,596.2720425911248,0.7579731204632053,42.28957274637675,-33.446914337619404,570.457349140197,85.01693995937568,14.244489640081765,9.997667275619783,-70.62927999387102,1.29405324051649
1759927057853023200,1344.0930231933594,596.5294210147113,0.7733084536107713,58.727031290386435,-33.446915409763,570.7147275637835,91.18027753231291,14.244562888900148,10.298405936671745,-70.6292680554496,0.9771138896498827
1759927058852997000,1345.0929970703125,595.9504028586671,0.9261993064558188,42.14187402027875,-33.44691560235456,570.1357094077393,92.01857388640832,14.244632467740127,10.17934272257785,-70.62924588491191,1.337569905536701
1759927059852971000,1346.0929709472657,596.2504232786596,0.8787531801251292,50.78384065145822,-33.44691131509235,570.4357298277318,87.60824946816376,14.244698570118453,10.157279875387063,-70.62922709176334,1.3257075675210142
1759927060852944400,1347.0929443359375,596.6928601032123,0.8271188444539741,45.71929654407464,-33.44691110146436,570.8781666522846,93.07592526194078,14.24476133527999,10.078965529346954,-70.6292057949641,1.4557297295523595
1759927061852918800,1348.0929187011718,596.27061682567,0.9191541449281779,59.186757447683945,-33.44690363425487,570.4559233747423,82.4656944674439,14.244821035513768,10.245976952514859,-70.62919351101169,1.129895008793728
1759927062852892000,1349.0928918457032,596.478890129365,0.9074643320422411,56.32401677942891,-33.44690388596203,570.6641966784373,86.02092451076506,14.244877701420236,10.338563642100445,-70.62917368996388,1.2322219767967049
1759927063852866300,1350.0928662109375,596.1213599741459,1.0519611500970707,66.71360729712535,-33.44690009796146,570.3066665232182,80.87910260737745,14.244931558529759,10.148978684516617,-70.62916562399374,0.9169689931032081
1759927064852839200,1351.0928391113282,596.493352486752,0.960386497646181,77.45819955028932,-33.44689660878036,570.6786590358242,77.96898616552174,14.244982712646499,10.174739228722329,-70.62915358580052,0.8255869479792032
1759927065852813300,1352.0928132324218,595.8355491505936,1.1529675901875083,54.26377362758502,-33.44689086567709,570.0208556996658,75.2890842488482,14.245031309792555,10.131917898788268,-70.6291367514211,0.9165457369865379
1759927066852787700,1353.0927875976563,596.0009611230344,1.0985842575000435,67.42050662522821,-33.44688792111537,570.1862676721066,77.85858491440497,14.245077475628335,10.115659188942006,-70.62912359148773,0.853415681538506
1759927067852760300,1354.0927602539064,595.8450543759391,1.1447413777447564,74.79660496302452,-33.44688629579222,570.0303609250113,78.6102371989072,14.24512133500981,9.840194515480134,-70.62911199410658,0.7512736321009493
1759927068852734500,1355.092734375,595.5442243497819,1.1298569059233554,51.96049489299227,-33.44688365457111,569.7295308988541,82.31885165210021,14.24516298632476,9.83346384558565,-70.62908876197027,1.120321369894448
1759927069852708400,1356.0927082519531,595.845552961342,0.7437199217433182,45.939068985387934,-33.44688330378722,570.0308595104143,84.87098697905147,14.245202561692022,9.966249202226274,-70.62906905303554,1.230047385162616
1759927070852682200,1357.0926821289063,595.9607413867489,0.733535915027529,43.24115585972164,-33.44687668579316,570.1460479358211,76.50727567741798,14.245240169038514,9.774631987051773,-70.62904723496553,1.3624366934506245
1759927071852656400,1358.0926564941406,595.55361358542,0.7818279066695883,46.5843113210952,-33.44687636810689,569.7389201344922,75.96584574271954,14.24527589607066,9.931234385014868,-70.62903402311235,1.1195919635784772
1759927072852629500,1359.0926293945313,595.9500879412517,0.7707073197676492,59.54599805327406,-33.44687615035451,570.135394490324,79.54858218476556,14.245309833486955,10.088924474940608,-70.62901879367526,0.9683287600818241
1759927073852602400,1360.0926022949218,596.180707863532,0.7222676763025755,68.33771744616082,-33.44687415696599,570.3660144126043,78.00349194808162,14.245342074977284,10.141909527159712,-70.62900642467322,0.8492617116144361
1759927074852576800,1361.0925766601563,596.2241539387032,0.7575040561028429,61.7825944033232,-33.446873636377234,570.4094604877755,80.3240533228771,14.245372703958656,9.896369245997436,-70.62898987054817,0.9804117561092587
1759927075852550100,1362.0925500488281,596.1815343471244,1.0286662352478306,137.87045747497226,-33.446874840015575,570.3668408961967,82.08518501941481,14.245401792624326,9.336258874759904,-70.6289825455715,0.513238505572098
1759927076852524300,1363.092524169922,596.0903750080615,0.8003740403143085,64.13790720285911,-33.44687201125441,570.2756815571338,81.4572780443656,14.24542943948923,9.376866575976337,-70.62896392170371,0.851804641574712
1759927077852498200,1364.0924982910155,596.212964634411,0.8526755773227328,79.91409812105577,-33.44687199817652,570.3982711834833,83.51894392695078,14.24545569505565,9.166076406186978,-70.62895232716093,0.762127033103871
1759927078852472300,1365.0924724121094,595.8080245507881,1.016983586530182,64.44580027044562,-33.44686904694163,569.9933310998604,81.82900566036245,14.245480638449104,8.890297641844702,-70.62893754721905,0.8081288164820936
1759927079852445200,1366.0924450683594,595.6034014858305,0.9358742461087288,53.15576092825476,-33.44686775129258,569.7887080349028,80.760128867784,14.245504336660348,8.829919728642597,-70.62892378032436,0.8524392580236156
1759927080852418800,1367.092418701172,595.3192111281678,0.9876698838582485,43.73017750188877,-33.44687089991511,569.5045176772401,86.44563207358517,14.245526846936468,8.684266952636863,-70.62890875309158,0.9999894835399733
1759927081852392200,1368.0923920898438,595.3463730830699,0.9592537693839553,48.13055438948807,-33.446872765190705,569.5316796321422,90.37756470156538,14.245548229872526,8.551802662772253,-70.62889081896788,1.0359021013729894
1759927082852366800,1369.0923669433594,595.6975614735857,0.7681325691591782,81.49164471601621,-33.446869177377096,569.8828680226579,84.30691466052266,14.24556854929288,8.867762942061736,-70.62887858213321,0.6807867634563954
1759927083852340500,1370.0923405761719,595.9545235307887,0.7234259948947542,60.270560254478134,-33.44686533251406,570.139830079861,81.10195548971579,14.245587849646295,8.779841756416118,-70.62885863506902,0.9628684752530128
1759927084852314400,1371.092314453125,595.6245388351381,0.8251157281169058,67.62745566459435,-33.44686013873579,569.8098453842103,71.30262902261958,14.24560619465707,8.750148199109116,-70.62884668743622,0.8122862432778625
1759927085852287700,1372.0922878417969,596.3052960038185,0.9582826544741255,113.94444207173997,-33.44685919228043,570.4906025528908,69.81869629075108,14.245623616002183,8.530866041192981,-70.62883512946742,0.6543275900596902
1759927086852261400,1373.0922614746094,596.0174000384286,0.7564134860426267,63.79988235656194,-33.446856818420166,570.2027065875009,70.33698454924127,14.2456401668604,8.472047843013097,-70.62881723754214,0.8752854580348072
1759927087852234800,1374.0922348632812,596.4873436912894,0.7580761918969497,55.9288055370873,-33.44685840412622,570.6726502403617,77.8507169554458,14.245655881145272,8.547197682321254,-70.62879652612848,1.0956022655373223
1759927088852209200,1375.0922092285157,596.4763547582552,0.9460958212184181,45.902645682728014,-33.4468495634114,570.6616613073274,73.26948217893826,14.245670808858275,8.310945580276124,-70.62876731785254,1.669509257984694
1759927089852182300,1376.0921823730469,596.2831905866042,0.7515974036340902,50.50261232576121,-33.446850624343774,570.4684971356764,74.59539551628608,14.245684996029905,8.573512485746118,-70.62875751636118,1.1009230304532698
1759927090852156200,1377.09215625,596.4212737968192,0.8421139128600037,52.55516488498653,-33.4468488837091,570.6065803458914,74.1925493829466,14.245698470955192,8.425262211749109,-70.62873592679071,1.2255753431981198
1759927091852130000,1378.0921301269532,596.6759512089193,0.9297217815505521,60.94960110577239,-33.446849566935754,570.8612577579916,74.84950408698123,14.245711275910342,8.65735263534353,-70.62871619897179,1.2310161480940485
1759927092852103700,1379.0921037597657,596.3771874047816,0.9595568555056916,66.7528324756148,-33.446840624266635,570.5624939538538,65.27021066119596,14.245723444239298,8.89634926060511,-70.62870249028464,1.0275353401627256
1759927093852077600,1380.0920776367188,596.4168257126585,0.9168737792900018,58.25790085257617,-33.44683477207521,570.6021322617307,70.07887704066573,14.245734992406629,9.289345598299384,-70.62868262308172,1.1047062217098227
1759927094852050700,1381.09205078125,596.508317431435,0.9377750652139407,56.937351838664796,-33.44683113581509,570.6936239805073,76.21425298652731,14.245745956085731,9.36188575301735,-70.62865881932036,1.2804535451478158
1759927095852024600,1382.0920246582032,596.8426069654524,0.8823376579237454,40.94435759047572,-33.44682600952204,571.0279135145247,77.90373367353455,14.245756375861601,9.506151463205727,-70.62863024360793,1.745640996750342
1759927096851998200,1383.0919982910157,597.618688791059,0.8205055852810764,44.56620535997668,-33.4468231783248,571.8039953401312,80.02648675887772,14.24576632294144,10.075680452163711,-70.62861556618056,1.1765115155791201
1759927097851972600,1384.09197265625,597.1674092505127,0.7202879203261583,40.73224757854229,-33.44682493344729,571.352715799585,86.57819385220544,14.24577572524751,10.069998495904729,-70.62859218832573,1.426173107558385
1759927098851946200,1385.0919462890624,597.0811311705038,0.7525132227763869,51.9374272399718,-33.44682329664759,571.2664377195761,87.93674529395439,14.245784675395296,10.36176727357786,-70.62857765332434,1.0698049911976464
1759927099851919400,1386.0919194335938,596.6051754532382,0.8528845671570903,44.3591397049562,-33.44682577151187,570.7904820023105,94.18984085628689,14.245793182457897,10.352405645581886,-70.62856310327003,1.0380576991255852
1759927100851894000,1387.0918940429688,596.8699038485065,0.8120357825748709,43.91650905572372,-33.44682668015213,571.0552103975788,96.04991480582684,14.245801257432316,10.261337338683706,-70.62854538411753,1.2389758222938816
1759927101851867400,1388.0918674316406,596.9156737793237,0.7641228508813454,65.35374779540986,-33.446825411789604,571.100980328396,94.59969645893904,14.245808927946094,10.414198238741772,-70.62853334627326,0.8387474471418314
1759927102851841000,1389.091841064453,597.1919303247705,0.7731799235997757,62.36203685867146,-33.44682753708233,571.3772368738428,95.63724383096203,14.24581621526197,10.647376610529015,-70.62851814187988,0.894160725135196
1759927103851814700,1390.0918146972656,597.104054694064,0.7252589483550667,65.26074473650874,-33.44682849766579,571.2893612431362,96.24307452535768,14.245823130676008,10.67927449115365,-70.62850171717359,0.886376486560439
1759927104851788500,1391.0917885742188,597.1162405200303,0.7268177498956196,66.50314324248524,-33.446827602520294,571.3015470691025,93.86042589076526,14.245829705323667,10.631954310051837,-70.62848459225401,0.8752887371197497
1759927105851762200,1392.0917622070313,596.73508084286,0.8526146672952614,56.96977048921652,-33.446829366221465,570.9203873919323,94.76532830378954,14.245835955170184,10.496594118308327,-70.62846823730636,0.971253965704444
1759927106851735600,1393.091735595703,596.7130702687427,0.8084725784011244,58.05250347985661,-33.44682755055559,570.898376817815,89.40189330555545,14.245841893978339,10.777088909228276,-70.62845443415767,0.9141017279877199
1759927107851710000,1394.0917099609376,596.2051342595369,0.9309251851379274,51.33409469990065,-33.44682555454329,570.3904408086091,84.68590201123524,14.245847527472298,10.44510562518268,-70.6284400511586,0.9002751594038253
1759927108851683000,1395.0916831054687,595.8027201136574,1.0181178864814828,45.717452929012346,-33.446824480736,569.9880266627297,83.76504741870384,14.245852884064428,10.337887575283254,-70.62842320373336,0.9138646281917433
1759927109851656700,1396.0916567382812,596.5055605247617,0.9048141793037033,83.23600608773218,-33.44682241915744,570.6908670738339,76.22082188964337,14.245857965677368,10.458086531143698,-70.62841057947375,0.7064153816029104
1759927110851630300,1397.0916303710937,596.9569579055533,0.7522163339398624,82.46677923827481,-33.44682238641143,571.1422644546255,77.58413970371573,14.245862801755246,10.348601280226783,-70.62839770161824,0.701178545670314
1759927111851364600,1398.0913645019532,596.7750038281083,0.8441181768094769,65.48920300249355,-33.446819575882124,570.9603103771806,79.49961450272937,14.245867381884505,10.213545077841612,-70.62837664076359,1.0406878991240667
1759927112851222000,1399.091221923828,596.8370712725446,0.7871569455075075,65.29726109381727,-33.44681740831545,571.0223778216168,78.86681262385218,14.245871740213207,9.965094724254383,-70.62836437331823,0.9611229324547247
1759927113851195000,1400.0911948242187,596.6341196782887,0.9649632185026599,58.30320022518202,-33.44680939057395,570.819426227361,76.35527018092506,14.245875894345094,9.867369397625485,-70.62834451667987,1.2208214032753297
1759927114851248400,1401.0912482910155,596.2958255521953,0.9732020080314799,51.05974173139451,-33.446804066502054,570.4811321012676,71.37901422607871,14.245879837719793,9.947051012694184,-70.62832969500691,1.1601019766463478
1759927115851033600,1402.0910336914062,596.4673274718225,1.070097902495828,81.5099409918559,-33.44680039089229,570.6526340208948,68.33499190703577,14.245883566665574,9.882731371167454,-70.62832055181674,0.7995304688584921
1759927116851008000,1403.0910080566407,596.7892145672813,0.8735473225101457,84.04258683977989,-33.44680017571414,570.9745211163536,71.00840677863269,14.245887120172624,10.261998140256814,-70.62830745254092,0.7506314480290744
1759927117850982100,1404.0909821777343,597.0603427113965,0.9398238595647127,92.06308572807883,-33.44679729791824,571.2456492604688,73.71691037241885,14.245890489627229,10.066176306711446,-70.62829060204906,0.8180088566804895
1759927118850400800,1405.0904008789062,597.1915215207264,0.8795853442396713,80.34071595127516,-33.44679537713767,571.3768280697986,76.46806879943254,14.245893695353889,10.260469347510535,-70.62827460329407,0.8813320671822242
1759927119850374400,1406.0903745117187,597.1014406243339,0.9155054093891277,95.72048448895556,-33.446794322123246,571.2867471734062,75.78687155044386,14.245896739773924,10.075165931086593,-70.62826444208454,0.7520680556094057
1759927120851081500,1407.0910815429688,597.0658182976767,1.010922812848701,106.62424273355462,-33.446795121540475,571.251124846749,83.23234463165889,14.245899625272529,9.887584172611643,-70.6282519240798,0.6873473287716816
1759927121850324000,1408.0903239746094,596.7624398237094,1.0922262704816483,77.85015398250263,-33.44678939615065,570.9477463727817,76.88887227522274,14.245902373182247,9.7512499751081,-70.62823510361098,0.8550787262883467
1759927122850298000,1409.090298095703,596.2519941711798,1.1728619487230219,50.48433117616054,-33.44678578920767,570.4373007202521,77.1648977844458,14.245904984293137,9.957259342954405,-70.62821649329312,1.0427826651118262
1759927123850855400,1410.09085546875,596.3720179852098,1.077817304994153,60.991316278877726,-33.44678016845565,570.5573245342821,72.45198965748045,14.245907463488942,9.691739937942558,-70.62820254067448,1.0029002794815625
1759927124850662100,1411.090662109375,596.302289863117,1.0577388489355204,69.15982975628339,-33.44678032274983,570.4875964121893,76.29249945174966,14.245909820393473,9.677178816645036,-70.62818960435777,0.8033727996894701
1759927125850635500,1412.0906354980468,596.8471957799047,1.0533657173492719,120.8518425877299,-33.44677955188894,571.032502328977,77.37295541830397,14.24591205948656,9.782371107347176,-70.62818003089525,0.5042967642440892
1759927126850609400,1413.090609375,596.7903341259807,1.0068159000685841,136.74145882199045,-33.44677574916907,570.975640675053,72.07127149179887,14.245914191820333,9.459000307419172,-70.62816556249506,0.5778121189487656
1759927127850582800,1414.0905827636718,596.9260715395212,0.9610725331638476,130.8436062057076,-33.44677492570814,571.1113780885935,73.98393052062218,14.245916212019617,9.32963809320566,-70.62815099077598,0.584887642572106
1759927128850556400,1415.0905563964843,596.7609612978995,1.0191205294339323,119.10053212856717,-33.44677403376123,570.9462678469718,77.6966452505859,14.245918132810692,9.357129223598562,-70.62813499745592,0.6002258785853662
1759927129850530000,1416.0905300292968,596.8395979739726,1.0918720562033974,88.94337850941253,-33.44677420482746,571.0249045230448,82.50037069040974,14.245919958607153,9.16330197895281,-70.62811741228327,0.7538134254246417
1759927130850504000,1417.09050390625,596.9099376508966,0.9960829048943984,83.58205012793016,-33.446771016105956,571.0952441999689,78.80446140852254,14.245921690911247,9.185771515975341,-70.62810145814274,0.8330004280577225
1759927131850477300,1418.0904772949218,596.9366056062281,0.9458377613344849,83.11440132031585,-33.44677018875614,571.1219121553004,79.77222878814199,14.245923335596151,9.406524371399415,-70.62808601707279,0.8131339102494496
1759927132850451500,1419.0904514160156,597.2652126923203,0.9378566087969575,63.603527661045,-33.44676533905091,571.4505192413926,79.51784138552945,14.245924896277153,8.916363282150218,-70.62806226543897,1.109317498180676
1759927133850424800,1420.0904248046875,597.3734292378649,0.8265617020369037,53.14846177351813,-33.446763377451816,571.5587357869372,79.81233052618195,14.245926384046953,8.674433001673115,-70.62804108227986,1.2585576454893266
1759927134850398700,1421.0903986816406,597.6027059461921,0.8601071565871345,53.62862730081522,-33.446759278613854,571.7880124952644,80.41611303770392,14.245927783453771,8.855517649332707,-70.62801868697237,1.2744839620610404
1759927135850373000,1422.090373046875,597.0055303834379,0.9041101342588652,48.5453390733004,-33.446753419272504,571.1908369325101,78.20849572344432,14.245929110976652,8.674237048567798,-70.62799322242262,1.4164196735400796
1759927136850345700,1423.090345703125,596.8623078772798,0.9697740756460699,56.44050205350754,-33.44674698538846,571.0476144263521,72.79626511436223,14.245930377595936,8.594351548119311,-70.62797350031192,1.2674161052298631
1759927137850320000,1424.0903198242188,597.3150257281959,0.9285159375093972,55.29964426212589,-33.44674454425691,571.5003322772682,75.04325807052146,14.24593157452047,8.5059072100685,-70.62795017416404,1.3590986570844046
1759927138850293800,1425.090293701172,597.3920298749581,0.930581022484712,55.93691247309935,-33.44674249554796,571.5773364240304,77.04047897192503,14.245932724720145,8.349472605151577,-70.62792941871399,1.3427646372781061
1759927139850267400,1426.0902673339845,597.4586530514061,0.9256801490840519,51.401195479441746,-33.446736179727516,571.6439596004784,74.29720026371278,14.245933818359264,8.251626022398282,-70.62790812225316,1.458768084135583
1759927140850241300,1427.0902412109374,597.3940273365006,0.9335379657739653,56.509518233594626,-33.44673172467844,571.5793338855729,70.08033208571143,14.2459348603615,8.163880772180606,-70.62789191292235,1.3261639242756376
1759927141850214700,1428.0902145996095,597.440595828928,0.936231864043975,59.961998432325316,-33.446728571999365,571.6259023780003,72.04324866051425,14.245935842496166,8.130912297978883,-70.6278725992916,1.2520861271778312
1759927142850188800,1429.090188720703,597.5568631067872,0.9462029239216092,62.61533471479747,-33.446726716207245,571.7421696558595,70.8193834457339,14.245936777059523,8.162174809675427,-70.62785522397377,1.2126950328926855
1759927143850162400,1430.0901623535156,597.6493234653026,0.9365391916104754,51.98044244827577,-33.4467219710588,571.8346300143749,72.12135310964614,14.245937677679537,8.053778834146797,-70.62783158587082,1.4546735271454931
1759927144850136300,1431.0901362304687,597.529395757243,0.7585399019399787,52.56254704552201,-33.44671699424466,571.7147023063153,63.82551207146881,14.245938533331948,8.165596225289185,-70.62782335856843,1.0360071495952168
1759927145850109200,1432.0901091308594,597.434190204367,0.7871457426784044,56.797118178342835,-33.44671442351981,571.6194967534393,66.34130423849282,14.245939338073757,8.681537084240246,-70.62780660785127,0.9318319662470246
1759927146850082800,1433.090082763672,597.6171534825116,0.7530583916309842,64.45513622832229,-33.44670616361749,571.8024600315839,59.91478546654674,14.245940108567064,8.738190502272227,-70.62779561590388,0.8682505198506941
1759927147850057200,1434.0900571289062,597.7670897012576,0.7245471859114249,52.00037920714676,-33.44670479843767,571.9523962503299,67.89779585029316,14.245940830288106,8.792023473785946,-70.62777597631916,1.1131511508900742
1759927148850030600,1435.090030517578,598.1576423924416,0.7539718417586835,46.99418780040006,-33.44670850723767,572.3429489415139,76.06682140198681,14.24594151513561,8.962753342435642,-70.62775607976651,1.2601550971095175
1759927149850005000,1436.0900048828125,598.0672711851075,0.7461917442533169,49.37076679200101,-33.446711018692675,572.2525777341798,79.25892043706538,14.24594216989418,8.952945128694713,-70.6277374079659,1.22059443212039
1759927150849978400,1437.0899782714844,597.80681537278,0.7847408645130441,40.87290338422699,-33.44670886765863,571.9921219218522,78.05544325675459,14.245942782609648,8.829424462396556,-70.62771258525628,1.5054102028309688
1759927151849952300,1438.0899521484375,597.6768378317356,0.7718647342691566,48.58256846393394,-33.44670751151715,571.8621443808079,70.6073590125723,14.245943365353963,9.120486929665411,-70.6277007368914,1.1210155016015504
1759927152849925600,1439.0899255371094,597.7652323562652,0.7872194693044334,59.14844978338507,-33.4467085054826,571.9505389053375,75.39303872881538,14.245943932212594,9.197144328951609,-70.62768487945698,0.937507601943466
1759927153849899800,1440.0898996582032,597.864636070095,0.770351771720297,67.08708901929592,-33.44670929038059,572.0499426191673,80.52153789266441,14.2459444605912,9.176449919344542,-70.62766883689588,0.886392376946448
1759927154849873200,1441.089873046875,597.7056566448882,0.8095024607673883,59.42734583463763,-33.44670686608613,571.8909631939605,80.14342344566411,14.245944963900309,9.208940653044255,-70.6276526422532,0.9869221592589397
1759927155849846800,1442.0898466796875,598.0440069884062,0.7791899685396753,58.24142494817259,-33.446704800203534,572.2293135374784,83.50565797836096,14.245945442010095,9.286266439404322,-70.62763600464869,1.0753902930625066
1759927156849820000,1443.0898198242187,597.6854204880074,0.9404031157766036,64.12847416941108,-33.44670030608803,571.8707270370796,80.47526900345073,14.245945912648095,9.593358513190418,-70.62762147674403,0.9181499182308784
1759927157849794800,1444.089794921875,597.8659609900787,0.8947684648949442,68.23649292976702,-33.44669711901358,572.051267539151,81.89488688657832,14.24594634537642,9.832470210799618,-70.62760814174834,0.8709427661857039
1759927158849768700,1445.0897687988281,598.5525898402557,0.8913061822850556,77.1342217486363,-33.446694967437736,572.737896389328,80.60573821305059,14.245946760040342,9.898922830499258,-70.6275961524348,0.7833161704417719
1759927159849741800,1446.0897419433593,598.7500034049153,1.0397285028362226,68.84527011491164,-33.44669199261618,572.9353099539876,82.90230872765868,14.245947151097198,10.18291555004368,-70.62757395954596,0.9686768557211031
1759927160849715500,1447.0897155761718,598.8164737392217,0.8826021235667979,51.97424373577414,-33.446690658416706,573.001780288294,85.899899692616,14.24594750554822,9.931130384582668,-70.62755255175058,1.2186535305931891
1759927161849689300,1448.089689453125,598.8700340585783,0.843359261449127,58.26188727495554,-33.446689787598544,573.0553406076506,84.71306376729058,14.245947858166144,9.636362232882126,-70.62753886630534,1.1009472708068804
1759927162849662700,1449.0896628417968,598.8223579553887,0.9414617850606072,105.2003032087734,-33.44668480652189,573.007664504461,74.61674444429721,14.24594820575539,9.510099192766926,-70.6275288310413,0.700287810265951
1759927163849636600,1450.08963671875,598.6684137927368,0.8721904985610212,60.13665707933172,-33.44667148919094,572.8537203418091,60.020074823372866,14.245948538352017,9.43027640495106,-70.62750942447428,1.168803423794267
1759927164849609700,1451.0896096191407,598.3956198915839,0.9174778547869612,62.4516147444565,-33.44665781729195,572.5809264406562,42.420095960404765,14.245948868535221,9.589626379187798,-70.62750280205951,1.0927572595140667
1759927165849584400,1452.0895844726563,598.2486295597628,1.0375526237363433,66.56545572851425,-33.44664554011878,572.433936108835,30.366347871075394,14.245949174148121,9.855666374107829,-70.6274971556305,0.9988330425069611
1759927166849558300,1453.0895583496094,598.2815267024562,0.8167432227800079,58.20065925832841,-33.44663012844872,572.4668332515284,33.28095558057511,14.245949426037773,10.300326879175348,-70.62748165573812,1.0372537656610248
1759927167849531100,1454.08953125,598.7084728507325,0.7565126114017122,77.76776182212643,-33.446626266157544,572.8937793998048,46.52830070981595,14.245949663140028,10.908890421830142,-70.62746867930552,0.7151982054186916
1759927168849505000,1455.089505126953,598.7908138604835,1.0069290864151308,109.98186007443617,-33.446628537967854,572.9761204095557,73.16528445983815,14.245949893226319,10.514199406907672,-70.62745046574798,0.6064248652223191
1759927169849478400,1456.089478515625,598.5678894808516,0.9445634745515538,99.86164206479987,-33.44663279764007,572.7531960299239,90.52890556697086,14.245950111767149,10.315763804246574,-70.62743406692061,0.7158036241470837
1759927170849452800,1457.0894528808594,598.6220296742395,0.7195748677985051,54.32547439327942,-33.4466354003856,572.8073362233117,94.37472006315859,14.245950322462766,10.780827756965103,-70.6274131339423,1.0707413222013722
1759927171849426400,1458.089426513672,598.1991770435125,0.8466202932962245,44.04476787019502,-33.44664245307737,572.3844835925847,102.1092563018553,14.245950526869063,10.722213385884487,-70.62738860244885,1.443783321530339
1759927172849400600,1459.0894006347655,597.8353936821222,0.8214563960144903,44.769489314952835,-33.44663740926716,572.0207002311945,89.47461617199765,14.24595070950669,10.685548233899317,-70.62737155381126,1.1289861529319103
1759927173849373400,1460.0893735351563,598.0979079958051,0.884330073515206,61.25308648926664,-33.44663974935896,572.2832145448774,90.68727987536933,14.245950929896964,10.412974407172497,-70.6273546030908,1.0456054457868098
1759927174849347600,1461.08934765625,598.2137253982946,0.8688264881308052,68.48816144555931,-33.446634636777404,572.3990319473669,83.53514423549801,14.245951131610637,10.199225863447204,-70.62733975694843,1.0003279827799256
1759927175849321000,1462.089321044922,597.9360081190243,0.8947142092527068,65.39351849683672,-33.44663279044023,572.1213146680966,80.99228785999091,14.245951303196533,10.028261718462216,-70.62732579750067,1.0015536299586156
1759927176849295400,1463.0892954101562,597.6868308428675,0.9833057769213617,67.26302693671657,-33.44663148144689,571.8721373919398,79.69455333637097,14.245951472620908,9.980628981890321,-70.62731470129872,0.8535195776972913
1759927177849268700,1464.089268798828,598.0247647417709,0.8917404983006186,63.97041938911511,-33.4466291479,572.2100712908432,78.80723032462696,14.245951629851998,9.78505345524178,-70.62729805910176,1.0163911604677023
1759927178849242000,1465.0892421875,597.7064741142094,0.9393015511778662,48.738215201674016,-33.44662589121985,571.8917806632817,77.6550602563321,14.245951768876091,9.405542832083002,-70.62727650499664,1.3709735993133847
1759927179849215500,1466.089215576172,597.9009419279173,0.876987433589096,60.69594571834657,-33.446621853083016,572.0862484769896,72.03889711196872,14.245951918803856,9.106761248180343,-70.62726558284551,1.1276629493824608
1759927180849189600,1467.0891896972657,597.880064628087,0.843321171824473,68.83273931002427,-33.44661804803565,572.0653711771592,69.14963820682232,14.245952056019716,8.98880964959556,-70.62725357533348,0.9346544318854167
1759927181849163800,1468.0891638183593,597.7199187995866,0.7900515776910774,53.90798756539342,-33.446617168090974,571.9052253486589,70.57653144958743,14.245952181577923,8.98274775083847,-70.62723823841694,0.9971756236593177
1759927182849137700,1469.0891376953125,597.1563673792407,1.0680946288050266,58.881342214252435,-33.44661419377062,571.341673928313,68.74239295700124,14.245952304538866,9.087266296097377,-70.62722581204436,0.8408662146691893
1759927183849110500,1470.0891105957032,597.7490796381608,1.0295772520373598,67.95802214919215,-33.44661049633046,571.934386187233,65.12272344991862,14.24595242389814,8.622838876288887,-70.62721171871345,0.9539399609323499
1759927184849084200,1471.0890842285157,597.951677066274,0.8831945663017139,65.77595936309295,-33.446608219991944,572.1369836153463,65.57955727246598,14.245952530910696,8.577400123233344,-70.62719566030253,1.0721488639888308
1759927185849057800,1472.0890578613282,598.0205295076594,0.8687342036642102,83.95322463584986,-33.446604830359945,572.2058360567316,60.560579488169076,14.245952643261536,9.011249572117439,-70.62718758012352,0.8238757957670018
1759927186849032400,1473.0890324707032,597.9061588821933,0.9754514762023355,64.68438534524617,-33.44659756564716,572.0914654312655,60.129421613539165,14.245952742624635,8.80547377785226,-70.62716726747432,1.2133337956184338
1759927187849006000,1474.0890061035157,597.6660451032221,1.0433262611565064,90.30813558734977,-33.44659932496733,571.8513516522944,60.54419684130515,14.245952825717787,9.249937287263974,-70.6271585818346,0.7946585557200694
1759927188848979500,1475.0889794921875,597.3972195638344,1.0178222542878066,66.34220029212914,-33.44659679379088,571.5825261129066,62.10339515838037,14.245952911736687,9.616686283779122,-70.62714388669613,0.7985753360660913
1759927189848952800,1476.0889528808593,597.5173079231754,1.2145762272356078,96.02428559551872,-33.44659708045432,571.7026144722477,63.855785492943134,14.245952992421467,9.779785799752538,-70.62713188813295,0.6094030765060999
1759927190848927000,1477.0889270019532,598.0345130851492,1.0383839904702599,108.55050081619589,-33.44659760393638,572.2198196342215,70.34191170539384,14.245953074728385,9.647012416145332,-70.62711737399857,0.6738024141421424
1759927191848901400,1478.0889013671874,597.9080729652196,0.9719853063312986,56.06437631116387,-33.44658830612334,572.0933795142919,66.55393617378381,14.245953160639429,9.53997250372036,-70.6270952643343,1.3573598680984627
1759927192848874500,1479.0888745117188,598.1060783257708,0.9717147680530906,55.25703980389122,-33.4465851251795,572.2913848748431,67.7485134419678,14.245953244413977,9.360929637936811,-70.62707945076663,1.3839213592149169
1759927193848848400,1480.088848388672,598.4196022534743,0.9794759242807074,70.21691726510397,-33.44658272985672,572.6049088025466,69.78259553756176,14.245953306861825,8.86998756568777,-70.6270691336373,1.1293687389067304
1759927194848821800,1481.0888217773438,598.4365062220022,0.8543588357364209,76.83739491073554,-33.446580708923534,572.6218127710745,71.02128682164147,14.24595336764264,8.925374642009695,-70.62705974263845,0.9000007772781701
1759927195848795000,1482.088794921875,598.4449584670365,0.7932334161922935,58.18973573924499,-33.44657762803533,572.6302650161088,73.49888340489476,14.245953433781795,9.111859004520404,-70.62703645638322,1.0894317973385548
1759927196848769300,1483.0887692871095,598.2601790670305,0.7604259568181423,50.10450579086872,-33.446580050717735,572.4454856161028,82.5422167711145,14.245953491759222,9.46479383965622,-70.62701735624131,1.1027823096676401
1759927197848742400,1484.0887424316406,598.5387297766283,0.9359622633994411,67.26965472255802,-33.44657601383466,572.7240363257006,80.48202542497528,14.245953553614976,9.2128817595294,-70.62700041842777,1.10598697832668
1759927198848717300,1485.0887172851562,598.5543027687818,0.9356724156016488,77.1733241988776,-33.446571125507106,572.739609317854,76.96070296051114,14.245953609971052,9.20567448619044,-70.62698535796599,0.9687705564193467
1759927199848690400,1486.0886904296874,598.5196099383757,0.8234656116445814,59.489870238061066,-33.4465663975766,572.7049164874479,75.21626911313969,14.245953670870383,9.526381886149778,-70.62696650255327,1.096032065635537
1759927200848664300,1487.0886643066406,598.4568039029837,0.877560844977148,69.7167015843333,-33.44656202260719,572.6421104520559,75.191101831556,14.245953710071959,9.731340161402393,-70.62695261473317,0.940498278338137
1759927201848638000,1488.088637939453,598.3138400660828,0.9138193534042781,66.4231159506418,-33.44655973165567,572.499146615155,75.22281594868242,14.245953756694657,9.522923092880376,-70.62693966045936,0.9291601524809397
1759927202848611800,1489.0886118164062,598.3994841529056,1.0016276773317871,62.57119462188934,-33.446560273602,572.5847907019779,80.89965276764701,14.245953788163462,9.099748381874047,-70.62692058905377,1.189371607981111
1759927203848585000,1490.0885849609374,598.4043953344226,0.8394078928270156,54.492355835208585,-33.44655616906248,572.5897018834949,79.4484042345029,14.245953830634393,9.112965746584054,-70.62690408230976,1.199817994315651
1759927204848558300,1491.0885583496095,598.5454845810309,0.9747888568261749,81.50236693761552,-33.446556240348364,572.7307911301032,79.56807916358278,14.24595386725912,8.656694177531595,-70.62689495220488,0.9400149031301069
1759927205848533200,1492.088533203125,598.6455216547474,0.9613035281884433,103.6798333587136,-33.44655039523276,572.8308282038197,72.00715814735406,14.245953903687592,8.629778756181196,-70.62688878175848,0.7349281061688692
1759927206848506600,1493.0885065917969,598.7843206431717,0.9705424315485669,96.14938075977628,-33.44654771374472,572.9696271922439,74.35025878786267,14.245953938753365,8.885549145415327,-70.62687570129226,0.7730024754662856
1759927207848480300,1494.0884802246094,598.7365131648257,0.9466978672293715,78.2992501093424,-33.44654514603438,572.921819713898,75.57351176928185,14.245953980915477,8.907736111227846,-70.62685895788499,0.953110243454492
1759927208848454400,1495.0884543457032,598.6834150617942,0.9413972233608724,71.63887489195214,-33.446541925886834,572.8687216108665,75.65698064317047,14.245954019101971,9.44912824875512,-70.62684166129532,1.0343662201185042
1759927209848427500,1496.0884274902344,598.893664858304,0.8831177815259568,68.01760468268944,-33.4465428799549,573.0789714073762,79.9179307864603,14.245954047552189,9.771916768747408,-70.62682665955774,1.0494474208431035
1759927210848401200,1497.0884011230469,599.1088979057968,0.930754065436482,71.58101875926295,-33.44653475312016,573.294204454869,75.34406332111315,14.24595408573082,9.779911447227349,-70.62681313384567,1.037005402549468
1759927211848374800,1498.0883747558594,598.6095828646794,0.9695004618139381,67.02709401007667,-33.44653026056446,572.7948894137517,78.63121107894564,14.245954090780351,10.150363291145966,-70.62679854127578,1.082873002037199
1759927212848348200,1499.0883481445312,598.5279205916449,1.004437103547182,76.86659478906917,-33.44652256778048,572.7132271407172,75.0671378151201,14.245954107619278,10.257915673358427,-70.62678851073922,0.963595114082762
1759927213848322800,1500.0883227539061,598.1971702966839,1.067179779409304,64.33212569267054,-33.44651526423747,572.3824768457562,70.83679661403811,14.245954136103741,10.433221298042644,-70.62677345361887,1.066750043131024
1759927214848297000,1501.088296875,597.8559744386002,0.9959524440010102,60.1834299942257,-33.44650599047893,572.0412809876725,67.68213574447745,14.245954153841506,10.749881483315828,-70.62676326988183,0.8727359601707552
1759927215848270000,1502.0882700195311,597.7107961047441,1.2347498565522075,81.74070938258298,-33.44650153384014,571.8961026538163,69.63420999432466,14.245954167731345,10.524988133862461,-70.62675599771471,0.6617952213347423
1759927216848243700,1503.0882436523439,598.0334779154509,1.220477690943193,110.42262087650661,-33.446499134445425,572.2187844645232,75.73879422355097,14.245954198903728,10.432394943408715,-70.6267470636415,0.5502922611213692
1759927217848217000,1504.0882170410157,598.2949024699628,1.0679149015278002,79.91692791719694,-33.446494596270036,572.4802090190351,76.9280487325903,14.245954234376365,10.263021319842327,-70.62673069062983,0.9134261099444991
1759927218848190700,1505.0881906738282,598.7266249563545,0.9713603040667835,86.64163731961149,-33.446492459078115,572.9119315054268,79.0694351411673,14.245954248327996,10.617367856744355,-70.6267203676566,0.8676226212198612
1759927219848165000,1506.0881650390625,598.6710430234671,0.9413623877955427,84.31375609567426,-33.446489702866984,572.8563495725393,80.48503642667637,14.245954270019269,10.753150645712966,-70.6267077898153,0.8989038698495011
1759927220848138200,1507.0881381835939,598.9719973709434,0.9526505428672687,87.39018659212785,-33.44648718226238,573.1573039200157,78.87986824348854,14.24595429248782,10.659929316331214,-70.62669654935615,0.8488059428760665
1759927221848112000,1508.0881120605468,598.97323126439,0.9297721601143387,73.61844354097352,-33.44648627492201,573.1585378134623,83.13788744703062,14.245954299393484,10.91919568632724,-70.62667844591554,1.0153277596277093
1759927222848085800,1509.0880856933593,598.7982857497409,0.9412768026867576,124.54652262331065,-33.44648538273742,572.9835922988132,87.44798841881699,14.245954307670484,10.894941066742355,-70.62666772652996,0.5753694225619401
1759927223848059600,1510.0880595703125,598.7110095135868,1.0219902155250884,120.76408260775693,-33.44648578020373,572.896316062659,93.5041685248029,14.245954319534608,10.837894479241545,-70.62665230896236,0.555008087604533
1759927224848033500,1511.0880334472656,598.7110900208354,1.022610910950784,82.49912798213198,-33.44648439470153,572.8963965699077,90.1294333128561,14.245954343163087,10.674250615037801,-70.62663360547882,0.8199210281869764
1759927225848007400,1512.0880073242188,598.7326257070526,0.9831368315928367,104.70963126239077,-33.44648661793783,572.9179322561249,94.86359452182181,14.245954355014351,10.3555458064465,-70.62662560544568,0.673997348918935
1759927226847980500,1513.08798046875,598.8305086251348,0.9174955775891882,75.46167842670856,-33.446482262368605,573.0158151742071,88.52651080843583,14.245954381747357,10.044480735303676,-70.6266093887601,0.9487534886775986
1759927227847954200,1514.0879541015624,599.0024345312268,0.9222238450292964,62.88626413657848,-33.446481806269226,573.187741080299,86.84884225204537,14.245954403750531,9.78743505254454,-70.62659460238042,1.1830496464662819
1759927228847928000,1515.0879279785156,599.1068995278329,0.9158154235189911,65.17029782494438,-33.446477721449874,573.2922060769051,79.9517351899281,14.245954421984651,9.51753261872014,-70.62658155731897,1.1164380208376452
1759927229847901400,1516.0879013671874,598.7741882400587,0.944176103773916,74.05648994451357,-33.44647372093072,572.959494789131,71.63605034026182,14.245954425949506,9.306614970836511,-70.62657048517586,1.013079201158892
1759927230847875800,1517.087875732422,598.9144573900849,0.9135281915531727,79.56357858714524,-33.44647248592459,573.0997639391571,72.5085243270843,14.245954436088523,9.241514444621107,-70.62655987100095,0.9169520827256687
1759927231847849000,1518.087848876953,598.886326584965,0.9033740167772171,74.37455715416975,-33.44647011847114,573.0716331340373,73.50257437582637,14.245954442764234,9.23867525541112,-70.6265454435031,0.9661976665204367
1759927232847823600,1519.0878237304687,598.4445406990126,0.9913121550233069,62.69342076469213,-33.446467434294135,572.6298472480848,73.79379498502523,14.245954454107398,9.018398562690765,-70.62652911687071,1.1389069611865197
1759927233847797000,1520.087796875,598.6770581733435,0.9151220752595948,69.99340445966051,-33.44646703526704,572.8623647224158,77.13938196519494,14.245954451050538,8.99925077782449,-70.6265174353865,0.9855831103382586
1759927234847771000,1521.0877709960937,598.9758534021676,0.9470496418304538,91.06320710156746,-33.446466620611474,573.1611599512398,77.87241761938499,14.245954453410569,8.650716284753596,-70.6265075024802,0.8263735866934233
1759927235847744500,1522.0877446289062,598.6848843544722,0.9367446773835826,72.38861835593345,-33.44646911107364,572.8701909035444,81.85313064241355,14.245954465818931,8.994411435634612,-70.62649003643187,1.0289095443312708
1759927236847718000,1523.0877177734376,598.5960468715057,0.9601468286608449,71.2930324668194,-33.4464668721495,572.781353420578,80.38912325411728,14.245954466758215,8.697133793484596,-70.62647703992859,1.036779593686968
1759927237846951700,1524.0869516601563,598.4655780019239,0.9603054250967789,65.19268947238011,-33.44646597004916,572.6508845509961,82.23304833741906,14.245954470510021,8.796771689201174,-70.62646044579816,1.0844779575909158
1759927238847381500,1525.0873815917969,598.6531056053936,0.926943938502157,65.8184805814109,-33.4464684360114,572.8384121544659,84.22150630136183,14.245954472623795,8.629794769745502,-70.6264440742001,1.125850064705903
1759927239847356700,1526.0873566894531,598.6388711342588,0.9412399701085037,80.534029035519,-33.446468202040435,572.8241776833311,83.23621783475274,14.245954480012642,8.56694641032594,-70.62643110056547,0.9369528944781906
1759927240847029500,1527.0870295410157,598.7824138682336,0.9035259424440377,74.01602198120199,-33.44646745398732,572.9677204173058,82.01686754101735,14.245954486571677,8.47160388698671,-70.62641701109332,0.9863388370416256
1759927241847686000,1528.0876857910157,599.087655313313,0.9633996992513106,86.799259849904,-33.44647036758323,573.2729618623853,82.40390893165849,14.245954490488396,8.42837241320221,-70.62640675346762,0.8567104264648029
1759927242847659500,1529.0876594238282,599.2185732359067,0.9799952017481516,78.98803884949284,-33.4464666682146,573.4038797849789,79.02550454495214,14.245954497238307,8.184777586839846,-70.62639326618607,0.9219506358034711
1759927243846987800,1530.0869877929688,599.1919534439221,0.9528683794889478,75.45138267944301,-33.446465502284795,573.3772599929944,77.54101753989175,14.245954499064236,8.26884365228227,-70.6263784586808,0.9901472777154682
1759927244846937600,1531.0869375,599.1781768202782,0.9305368105298981,80.27354504901251,-33.44646562752274,573.3634833693504,76.47107873852462,14.245954509567131,8.172980891397325,-70.62636765991434,0.9337267389073124
1759927245846912000,1532.086912109375,599.2626685863361,0.8986597979906052,58.97718701860638,-33.44646728953811,573.4479751354083,78.17216202937048,14.24595452178886,8.230463917099216,-70.62634934304346,1.2323371648567352
1759927246847392800,1533.0873928222657,599.2021174030378,0.9230641471831952,60.362631072366455,-33.44646311963498,573.3874239521101,73.51909247744393,14.245954539164082,7.906399691148236,-70.62633416884012,1.238346143402585
1759927247846554400,1534.0865544433593,599.1114526558667,0.9227195213559849,60.99099906729679,-33.446458872770684,573.296759204939,68.21982101262289,14.245954530382098,7.720153283860846,-70.62632176540197,1.216878427759611
1759927248846528300,1535.0865283203125,599.1597681064159,0.9656150132445275,67.30476660386475,-33.4464517665707,573.3450746554881,60.68870427319679,14.245954535137875,7.380831857282359,-70.62631252104714,1.1545181797348611
1759927249846999300,1536.0869992675782,599.1168891033158,0.952825405446985,113.19857746608089,-33.44645506412157,573.302195652388,63.55273277949858,14.245954526653097,7.218749580892799,-70.62630830403893,0.6755890614422446
1759927250847030500,1537.0870305175781,598.8782195458189,0.9990240867859054,102.85148801893904,-33.446450020137426,573.0635260948911,58.931694741655704,14.245954528156428,7.117787638663633,-70.62629819727694,0.7218421169794819
1759927251847003600,1538.0870036621093,599.0165316518396,0.9781203195767584,68.92403676625956,-33.44644768343394,573.2018382009119,61.486948363546446,14.24595453638116,7.094400535755608,-70.62628006773565,1.076494758632521
1759927252846977800,1539.086977783203,598.9956811852753,0.993117002215601,69.88402925773852,-33.44644028013956,573.1809877343476,59.01484145849193,14.245954534365813,7.171038769298546,-70.62626944618434,1.0863384172220247
1759927253846951700,1540.0869516601563,598.6380611471832,1.0465982206209545,70.79401698114587,-33.446439853876065,572.8233676962554,63.41569872889621,14.245954540356314,7.307246371876873,-70.62625492021589,0.9366891460380634
1759927254846925000,1541.086925048828,598.1035813959315,1.1711117633219545,59.48229503740406,-33.44643961493033,572.2888879450038,68.19367208582956,14.24595454125239,7.501773730403939,-70.62623779346332,0.9123267147853211
1759927255846898700,1542.0868986816406,598.7451971685514,0.8098929168763845,60.48360591189193,-33.44643433298128,572.9305037176237,61.47814987152266,14.245954543152845,7.752487938785631,-70.62622335608646,0.8995161631028976
1759927256846872300,1543.086872314453,598.4584688311443,0.8587381457696885,47.20685428365516,-33.44642925541394,572.6437753802165,67.26423646136081,14.245954544531156,7.692162618086156,-70.62619679825708,1.375984669895808
1759927257846845700,1544.086845703125,598.5134340953082,0.9863947075293387,57.47944923463387,-33.446425393803636,572.6987406443805,68.09866971028674,14.245954542784048,7.659193315860054,-70.6261814339218,1.259089336198964
1759927258846820400,1545.0868203125,598.9002196229994,0.9509163962308897,72.00587376131391,-33.44642120262671,573.0855261720717,67.09371991317775,14.245954542654093,7.889991533379768,-70.62617039851088,1.0245377343390845
1759927259846794000,1546.0867939453126,599.0182494185865,0.9294353270783422,70.84942890131647,-33.44641223118492,573.2035559676588,69.70522613293097,14.245954538255397,8.338649026986467,-70.6261535337677,1.0331593360362312
1759927260846766800,1547.086766845703,599.1134298676625,0.872067256904627,76.99897290320409,-33.4464043867572,573.2987364167348,69.18050697577081,14.24595453499506,8.820605631886718,-70.62614083600013,0.9087802185033791
1759927261846740700,1548.0867407226563,598.9907906129956,1.0042344284740448,127.77930692718833,-33.44639843297167,573.1760971620679,63.0395940923085,14.245954541478257,9.05478975636945,-70.6261352798244,0.5488106547251808
1759927262846715400,1549.0867153320312,599.2085709534585,1.0040068017891866,146.54544456296804,-33.44639428689221,573.3938775025308,67.4135335056272,14.245954546479512,9.249847485361423,-70.62612209688052,0.5221542751489221
1759927263846688800,1550.086688720703,600.0619164407253,1.1361048276194634,99.5624100129692,-33.44638707345626,574.2472229897976,53.32603919504787,14.24595454713208,9.248181235143665,-70.62611548633478,0.5745715247381689
1759927264846662100,1551.086662109375,599.8564965687692,1.2920707975028256,180,-33.44638488641312,574.0418031178415,51.55660644686476,14.245954556417118,9.622470825373414,-70.62612046860832,0.09554971220546632
1759927265846636000,1552.086635986328,599.878493716009,1.3226823014457039,180,-33.44638418434713,574.0638002650812,51.55661154628483,14.245954558203376,10.166677085036339,-70.62612787594014,0.0627569937879729
1759927266846610200,1553.0866101074218,599.7023424925283,1.3687835979468386,180,-33.446382274017125,573.8876490416005,51.556613491517,14.24595456009717,10.701101031624138,-70.62613025791119,0.06088934661028409
1759927267846582800,1554.086582763672,599.8533119698986,1.3410466409850523,180,-33.4463808653904,574.0386185189709,51.55661878629446,14.245954562431516,10.775201043472153,-70.62613776544117,0.10383984313260951
1759927268846556700,1555.086556640625,600.0773172127083,1.3589698196089421,180,-33.44638230582103,574.2626237617806,51.55662015440792,14.245954564303178,10.474200604906395,-70.62614019267173,0.07824375451413344
1759927269846530800,1556.0865307617187,600.4174673836678,1.4012363628850628,180,-33.44638441648619,574.6027739327401,51.55661547526255,14.245954569665214,10.888484587927602,-70.62613379191033,0.2717962541957745
1759927270846505000,1557.0865048828125,600.247760408558,1.360912113268092,180,-33.446380758272255,574.4330669576302,51.55661774066549,14.245954568096112,10.9936752893793,-70.62613617876279,0.14097434024763006
1759927271846478000,1558.0864780273437,600.0724271619692,1.3568979832836432,180,-33.44638431660589,574.2577337110415,51.556620824947544,14.24595456821568,10.906007666712997,-70.6261417347294,0.05455773127812888
1759927272846451700,1559.0864516601562,600.0770414704457,1.4041790687156548,180,-33.44638106637619,574.262348019518,51.556622965541045,14.245954573711384,10.603785019627056,-70.62614404584075,0.21714979585134986
1759927273846425600,1560.0864255371093,600.2836407572031,1.0795597687435576,145.1933426483803,-33.446378155229745,574.4689473062754,51.07378816005772,14.245954576983527,11.13496586593756,-70.62613878143182,0.511454613063321
1759927274846400000,1561.0863999023438,600.3133324496448,0.8667337833208517,180,-33.446373031820436,574.4986389987171,20.77973325869554,14.245954570178363,11.11985674726483,-70.6261408027513,0
1759927275846373000,1562.086373046875,600.3322542328387,1.4168877227594592,180,-33.44637041786493,574.517560781911,9.962052588224434,14.245954576709346,11.183946742774504,-70.62614066501047,0.2655018459130594
1759927276846347000,1563.0863469238282,600.2050591837615,1.3531443810438781,180,-33.44637176686242,574.3903657328337,9.96205102480129,14.245954573286648,11.000733804483488,-70.62613870604585,0.10240852427889104
1759927277846321200,1564.086321044922,600.2572566317394,1.3422726510881327,180,-33.4463721099973,574.4425631808117,9.96205293190755,14.245954573087472,10.915344833133664,-70.62614121338117,0
1759927278846294000,1565.0862939453125,600.2572566317394,1.327433568526884,180,-33.4463721099973,574.4425631808117,9.96205293190755,14.245954573961862,10.77706642995571,-70.62614121338117,0
1759927279846268200,1566.0862680664063,600.2122697187588,1.3476991277644021,180,-33.44637181987997,574.397576267831,9.962051763329145,14.245954574792533,10.331573253533932,-70.62613967228462,0
1759927280846242000,1567.0862419433595,600.2697383640334,1.4783276086293342,180,-33.446366358205005,574.4550449131057,9.962051025211244,14.245954580730105,9.4524078329493,-70.62613838636896,0.4700336682424667
1759927281846215200,1568.0862150878907,600.4553969623521,1.124456879426833,162.6871577958736,-33.4463642026286,574.6407035114244,18.660946476582257,14.24595457771565,9.41622094439546,-70.62613573205617,0.4465166803715147
1759927282846189600,1569.086189453125,600.5266325538978,1.1245093121863992,115.70502889528366,-33.44635969921762,574.7119391029701,25.125654372330455,14.245954584397072,9.727967060316953,-70.62613010179795,0.5801787811178064
1759927283846163000,1570.086162841797,600.752250643447,1.289682168895118,132.3982152860047,-33.446357333437604,574.9375571925193,26.328528730286262,14.245954582234265,10.080529261807708,-70.62613217832917,0.3984860557035247
1759927284846136800,1571.08613671875,601.1337075959891,1.194964911648482,99.15549532987535,-33.44634880883211,575.3190141450614,32.40045685768168,14.245954585867816,10.38189575594828,-70.62612906143279,0.6212734694896553
1759927285846110500,1572.0861103515624,602.4476449582726,1.2664931988918777,42.9106702728752,-33.44633880032659,576.6329515073448,28.920064592142694,14.245954607692155,10.74569077699679,-70.62612587083893,0.9439396636813122
1759927286846084000,1573.086083984375,601.98444073461,1.2940538905574133,66.96245557946382,-33.446334500300146,576.1697472836822,32.23963645363392,14.245954591615074,10.618326901115907,-70.62612302858854,0.662168821116891
1759927287846058500,1574.08605859375,601.9970846949145,1.358769633520751,85.22718669427928,-33.446331061131026,576.1823912439868,24.510748979455304,14.245954595956654,10.83359930440011,-70.62611997206449,0.547148760649582
1759927288846031000,1575.0860310058595,601.0467991968617,1.0634019395660657,106.48326724112204,-33.446329005981895,575.232105745934,38.89095158355444,14.245954591810367,10.769393898390655,-70.62610503282039,0.6329335058683574
1759927289846005000,1576.0860048828124,600.8202297808602,0.9856467082470498,74.31950148843457,-33.44632880226632,575.0055363299325,53.970084861933344,14.24595459162599,10.687832797863456,-70.62608518729415,0.9633601518841338
1759927290845979100,1577.085979248047,600.5106257153675,1.0049653696080127,70.45195593201056,-33.44633118739076,574.6959322644398,63.858088247747574,14.245954588287308,10.565485570494523,-70.62606818710789,0.9939861958419638
1759927291845953000,1578.085953125,600.0274392506108,1.0190365178100373,49.61788400807467,-33.44633417872163,574.212745799683,76.4081493747884,14.245954585089008,10.670805935133355,-70.6260427772128,1.386371645207039
1759927292845926400,1579.085926513672,600.0320770228282,0.9593194611298106,55.96153254545954,-33.44633699183768,574.2173835719004,84.96265627526252,14.245954582991455,10.654027368857443,-70.62602869155639,1.1964265585181466
1759927293845899800,1580.085899658203,600.2515402073041,0.8735470635185877,64.43026521985357,-33.446343371683845,574.4368467563763,96.84588183077199,14.245954582339301,10.71654567742182,-70.62601525042012,1.0622168343955667
1759927294845874400,1581.0858745117187,600.4752766825259,0.9291219423032288,79.77821615231821,-33.44634237270423,574.6605832315981,93.24343022255209,14.245954595202038,10.62032600411094,-70.6260025404633,0.9197691029856147
1759927295845847000,1582.085846923828,600.8621012605727,1.0185715339898835,71.91222183696169,-33.44634609448776,575.0474078096449,96.59400266570061,14.245954607200126,10.732308524340059,-70.62598802294963,0.9422305106172911
1759927296845821000,1583.0858210449219,600.5753120239824,0.9436823191710111,74.08419440970981,-33.44635451104176,574.7606185730547,108.0020200321585,14.245954593009898,11.01860171600404,-70.6259729341359,0.9852031075156673
1759927297845795000,1584.0857951660157,600.5922729363665,0.947069478367064,118.30643968557293,-33.446353401701025,574.7775794854388,104.70563063910676,14.245954593286566,11.044893626198787,-70.62596305391344,0.6165527395176226
1759927298845769000,1585.0857690429686,600.6735776513815,0.9960241167582065,180,-33.446353212814415,574.8588842004538,106.44768059448796,14.24595459353169,11.167369404153616,-70.62595653333673,0.35900138857255665
1759927299845742300,1586.0857424316407,600.4324487159029,1.3368697633458502,180,-33.446351862739014,574.6177552649751,106.44767842411073,14.245954585698502,10.862616297941633,-70.6259520895094,0.028637923328531323
1759927300845716500,1587.0857165527343,600.3481883080676,1.3161382829099055,180,-33.446351749285604,574.5334948571399,106.4476764807588,14.245954585200277,10.740921150931575,-70.6259483493974,0
1759927301845689900,1588.0856899414061,600.2407977245748,1.3422585472005584,180,-33.446350417498614,574.4261042736471,106.44767575571285,14.245954586092429,10.732882458333968,-70.6259466727944,0.03873625059710909
1759927302845663000,1589.0856630859375,600.2274834830314,1.3542917844599451,180,-33.44635253989947,574.4127900321037,106.44767520682944,14.245954588003498,10.819750163407964,-70.62594608626915,0.11433320321043887
1759927303845636900,1590.0856369628907,600.3137143291533,1.3542483469715516,180,-33.44635276424763,574.4990208782256,106.44767455536262,14.245954587899211,10.841487480375376,-70.62594488969691,0.1432235159068541
1759927304845610500,1591.0856105957032,600.3573301304132,1.3449417157459094,180,-33.44635468100732,574.5426366794854,106.44767605563618,14.245954586971447,10.778407842573012,-70.62594817597787,0.051786873995994284
1759927305845584100,1592.0855842285157,600.236213424243,1.3634171589289823,180,-33.44635420894346,574.4215199733153,106.44767481452689,14.24595459034362,10.825797583544398,-70.62594570023357,0.22080381807280616
1759927306845558800,1593.0855588378906,600.1378276571631,1.3480360326089245,180,-33.44635623464648,574.3231342062354,106.44767435898454,14.245954589446212,10.911788360748002,-70.62594527107356,0.1320795895360144
1759927307845531400,1594.0855314941407,600.1699291560799,1.3491927900028213,180,-33.44635811603894,574.3552357051522,106.44767390241728,14.245954588176678,10.914561749892407,-70.6259448084832,0.0645803734647243
1759927308845506300,1595.0855063476563,600.2420352036133,1.3449042242204967,180,-33.44635877391535,574.4273417526856,106.44767385230011,14.245954587009388,10.847367263307934,-70.6259448561361,0
1759927309845479400,1596.0854794921875,600.2420352036133,1.3494346480231592,180,-33.44635877391535,574.4273417526856,106.44767385230011,14.245954587187684,10.873946530911466,-70.6259448561361,0
1759927310845453300,1597.0854533691406,600.2420352036133,1.3482530067110554,180,-33.44635877391535,574.4273417526856,106.44767385230011,14.245954587357064,10.796529673119329,-70.6259448561361,0
1759927311845427200,1598.0854272460938,600.2420352036133,1.345455519590599,180,-33.44635877391535,574.4273417526856,106.44767385230011,14.245954587517973,10.769847176668737,-70.6259448561361,0
1759927312845401000,1599.085401123047,600.2420352036133,1.3337887071522618,180,-33.44635877391535,574.4273417526856,106.44767385230011,14.24595458767084,11.050044358807424,-70.6259448561361,0
1759927313845374000,1600.0853740234375,600.2420352036133,1.3190941128092524,180,-33.44635877391535,574.4273417526856,106.44767385230011,14.24595458781606,11.099896864885444,-70.6259448561361,0
1759927314845347800,1601.0853479003906,600.2420352036133,1.287942886145033,180,-33.44635877391535,574.4273417526856,106.44767385230011,14.245954587954019,11.050595410585816,-70.6259448561361,0
1759927315845321500,1602.0853215332031,600.2420352036133,1.286691079364396,180,-33.44635877391535,574.4273417526856,106.44767385230011,14.245954588085084,11.039212796843145,-70.6259448561361,0
1759927316845295900,1603.0852958984376,600.1662539094687,1.286217100963954,180,-33.4463667993758,574.3515604585409,106.44767107259348,14.245954588423059,10.911081125704799,-70.62594129197514,0.019146226115144528
1759927317845269800,1604.0852697753905,600.1466649109498,1.3543087823901625,180,-33.44636495796346,574.331971460022,106.44767030667975,14.245954590272866,11.077415174776407,-70.62593942610138,0.10483157165136908
1759927318845243100,1605.0852431640626,600.1990020088851,1.3529445023291324,180,-33.44636385929056,574.3843085579574,106.4476706939732,14.245954588739608,10.837565226214346,-70.62593992694559,0.014103970847295347
1759927319845216800,1606.085216796875,600.3447170490399,1.359982857750582,180,-33.44636567040598,574.5300235981122,106.4476711578633,14.245954590990271,10.760877989368218,-70.62594120879277,0.0766207741840439
1759927320845190400,1607.0851904296876,600.4288429394364,1.3661149371029537,180,-33.44636502692516,574.6141494885087,106.44767150260793,14.245954593403406,10.876983063976779,-70.62594172755834,0.17408595322323692
1759927321845164300,1608.0851643066405,600.8653499260545,1.3632547391677596,180,-33.446362755827884,575.0506564751267,106.44767153891719,14.245954594242882,10.92992815358249,-70.62594130169792,0.18431092329837892
1759927322845137700,1609.0851376953126,600.7183935046196,1.3507308087658998,180,-33.44636416545094,574.9037000536919,106.44767208288317,14.245954591037366,10.978376609622009,-70.62594264908003,0.07047179345351946
1759927323845111800,1610.0851118164062,600.6662232493982,1.3521995422161777,180,-33.44636390936162,574.8515297984704,106.4476718231645,14.245954591035641,10.9896802287677,-70.62594209669302,0.06341424184361755
1759927324845085400,1611.0850854492187,600.5560013586655,1.169822723830658,180,-33.446360175799526,574.7413079077378,106.44767265902595,14.245954589208507,10.812735092319757,-70.62594288051278,0.00624665948370978
1759927325845058800,1612.0850588378905,600.3227014895529,1.360771055930498,180,-33.446358992116025,574.5080080386251,106.44767191801154,14.245954590375877,10.6453399116336,-70.6259412056789,0.07351130366030005
1759927326845033000,1613.0850329589844,600.3759715566412,1.3542903991932123,180,-33.44635958392979,574.5612781057134,106.44767123515325,14.24595458981782,10.569040873318858,-70.62594002922798,0.040201770259600214
1759927327845006600,1614.0850065917969,600.3958596866578,1.344376273356888,180,-33.44635878163737,574.58116623573,106.44767109008775,14.245954589229674,10.33059326077974,-70.62593957692373,0
1759927328844980200,1615.0849802246094,600.3958596866578,1.3218015383956212,180,-33.44635878163737,574.58116623573,106.44767109008775,14.245954589296954,10.212628584826758,-70.62593957692373,0
1759927329844954000,1616.0849541015625,600.5541996005923,1.330893567060835,180,-33.446357281967586,574.7395061496645,106.44767016915804,14.245954590278998,10.067904841435345,-70.62593748921128,0.09843339669187401
1759927330844928300,1617.0849282226563,600.7038014018908,1.3655456440156608,151.8258490202055,-33.446362888220264,574.8891079509631,124.76671247684405,14.245954593655853,9.797694065714923,-70.62593119911448,0.661385591016441
1759927331844901600,1618.0849016113282,600.587826160714,0.9818582422159031,68.02580878364364,-33.44637592223586,574.7731327097863,142.7457333115362,14.245954597545747,9.732981849060225,-70.62592293765772,1.1249371026639765
1759927332844875000,1619.084875,600.7216079421341,0.9525800463119831,71.12261169664016,-33.44638575253485,574.9069144912064,144.00796316155296,14.24595461924473,9.744392647893314,-70.62591683002158,1.0690350182839228
1759927333844849200,1620.0848491210938,600.9125778628513,0.967751782222662,70.69620704171984,-33.44639357364114,575.0978844119236,138.82389233740497,14.245954627607384,9.763060212580159,-70.62590789856023,1.0286800695563545
1759927334844822500,1621.0848225097657,600.7092970032245,0.9403547623594486,98.2279602250002,-33.446397711633786,574.8946035522968,132.56401723251807,14.245954627380877,9.819562016555963,-70.62590235031367,0.7550722279397756
1759927335844796000,1622.0847958984375,600.8876652829349,0.9954665565982539,68.73150478966488,-33.446410478779086,575.0729718320072,130.59652920212238,14.245954642715832,9.915124136764929,-70.62589128863527,1.0584025213389623
1759927336844770000,1623.0847700195313,600.7510937871411,1.0062215062914681,67.95637281021976,-33.44641162972653,574.9364003362134,117.38773800631225,14.24595465409082,10.073049268839018,-70.62587868934116,1.0552273585830376
1759927337844743700,1624.0847436523438,600.3646024763584,0.9846613598468715,77.95678029621311,-33.446414025013624,574.5499090254307,116.48881146668938,14.245954677606962,10.792992340577829,-70.6258707313006,0.9448339217201804
1759927338844717000,1625.0847170410157,600.0595867885277,1.0571146960497984,58.5095695685828,-33.446414113730505,574.2448933375999,110.35656731930558,14.245954694951296,10.603715956832607,-70.62585462122165,1.2215718974757894
1759927339844690700,1626.0846906738282,600.2165822917596,0.9956327083259787,54.50703653595834,-33.44641484873312,574.4018888408318,107.43774520451274,14.245954671015745,10.137586980205212,-70.62583786120979,1.4337772178043733
1759927340844664600,1627.0846645507813,599.9451790144667,0.9960773177248888,54.26253896733813,-33.44640802152156,574.130485563539,94.76557435622084,14.245954683061585,9.655653336662363,-70.62582304068847,1.4001505648124333
1759927341844638000,1628.0846379394532,600.19881022349,0.7212487085023518,61.88323835860161,-33.44640451507489,574.3841167725623,87.74948078303122,14.24595464008404,9.80159145540208,-70.62581942582769,0.9365633699693486
1759927342844612000,1629.084612060547,600.0959295975044,0.7323065318443115,86.46658707346316,-33.44639545628733,574.2812361465767,74.44532957907084,14.245954615279897,9.56772093436804,-70.62581404093642,0.6611242967403372
1759927343844586200,1630.0845861816406,599.8198795439675,1.095484044678706,101.5897266688174,-33.44639294497631,574.0051860930398,77.9410476620168,14.245954620249748,9.1830185512147,-70.62580412434554,0.6642245419186266
1759927344844559600,1631.0845595703124,599.9458462046459,0.7630362094593235,55.00844432885528,-33.44638726245105,574.1311527537182,79.55395488988358,14.245954625954495,9.330851569691735,-70.62578315004609,1.072810026489037
1759927345844533500,1632.0845334472656,600.0846705092117,0.7893252343529662,55.996532069421576,-33.446383688547435,574.269977058284,82.52960482208199,14.245954629597787,9.063395203261587,-70.62576824006835,1.1389537329789137
1759927346844507100,1633.084507080078,600.244038740173,0.7877048262307262,56.229167658126826,-33.44637782445711,574.4293452892452,81.04317881665452,14.245954639650781,8.802952230349554,-70.62575469063061,1.1339366733764782
1759927347844481000,1634.0844809570312,599.9941762797534,0.943545912820402,54.830478267303576,-33.44636684742031,574.1794828288257,75.67085906065189,14.245954632533518,8.603082434712075,-70.62573689320189,1.345583199992143
1759927348844454400,1635.084454345703,600.0257852338254,0.8884400253024122,46.31531191324423,-33.446358940720664,574.2110917828977,74.9628645566896,14.245954611529791,8.636525689030734,-70.62571638582845,1.5324406523452643
1759927349844428500,1636.084428466797,600.1914301915094,0.7188819618283703,53.21719210818869,-33.446354393001954,574.3767367405817,75.42580865929145,14.245954609840473,8.751827064200405,-70.62571112393039,1.0935377303411165
1759927350844401700,1637.084401611328,599.8601058861241,0.9201268632555138,73.89594568921633,-33.4463488856181,574.0454124351963,74.37788739111694,14.245954609442641,8.536852761834155,-70.62570066582468,0.8868768949297275
1759927351844375800,1638.084375732422,600.0377219067886,0.9409375098325108,87.96958950122554,-33.44634364418302,574.2230284558609,76.04280742380368,14.24595460333468,8.588685375528055,-70.62568770389606,0.7766159107616365
1759927352844350000,1639.0843498535157,600.3564838021994,0.8815824540127958,93.33517735384778,-33.446340515687965,574.5417903512716,79.1100454584115,14.24595461078837,8.373355001820004,-70.62567645532727,0.7484945376065915
1759927353844322800,1640.0843227539062,600.1397032896057,0.9786045700351628,74.15709675150154,-33.44633661212833,574.3250098386779,82.39301398663487,14.245954619701171,8.088487221895225,-70.62565581497081,1.056027751010467
1759927354844296400,1641.0842963867187,600.2097607078031,0.9106741863786036,52.579239977669474,-33.4463359810965,574.3950672568753,86.11362300618592,14.245954642929231,8.061948934549156,-70.62563364957914,1.402735708970466
1759927355844270600,1642.0842705078126,600.9964547595009,0.9792923837814776,47.870533528196745,-33.44632959837809,575.1817613085732,83.38179463515303,14.245954648181945,8.043144368490694,-70.62561815047985,1.440211352020965
1759927356844244000,1643.0842438964844,600.5570585075766,0.9232633207256031,65.91001983419989,-33.446323402589506,574.7423650566489,81.29448667429509,14.245954625877227,8.098310951365027,-70.62560471062595,1.127486327721685
1759927357844217900,1644.0842177734376,600.5262643462047,0.9386581551904876,92.19080406383375,-33.44632256276134,574.711570895277,86.8622902961043,14.24595461348526,8.160726555098641,-70.62559416577271,0.8231713340378938
1759927358844191500,1645.08419140625,600.30600569956,0.9671619815457332,72.07689385776338,-33.44631939137868,574.4913122486323,87.86554975789623,14.245954618900093,8.187107091136568,-70.62557402035918,1.0482985900016657
1759927359844166000,1646.0841657714843,600.0153094464913,1.0272018729130141,69.52173609992072,-33.44631687434353,574.2006159955636,89.03232409799502,14.245954619120612,8.070687074001757,-70.62555833316807,1.0644430679108736
1759927360844139500,1647.0841394042968,599.7470387453213,1.1091525025591682,66.65644966365085,-33.44631301167979,573.9323452943936,87.46276333278159,14.245954617354316,7.905595930919526,-70.62554318208814,1.0299325707611833
1759927361844112400,1648.0841123046876,599.8952057147399,0.8068628169509554,46.71565362854448,-33.446308532382425,574.0805122638121,87.6115698228092,14.245954630192875,8.016724897874496,-70.6255200417797,1.3141955556345482
1759927362844086500,1649.0840864257812,599.9075332405046,0.8225013724475335,52.39580814285996,-33.44630275757975,574.0928397895768,85.98848305237792,14.245954623935427,8.0589591499335,-70.62550423314009,1.2418220099225825
1759927363842836700,1650.0828366699218,599.7530036559328,0.8356240428935304,51.3139194390814,-33.446301790501224,573.9383102050051,89.72326162426339,14.245954628748253,8.05816195921679,-70.62548431940466,1.2591922901021009
1759927364842760200,1651.0827602539061,599.7152460236102,0.836461525869567,65.17792657257478,-33.446296197336714,573.9005525726825,87.63462784429836,14.24595462096395,8.661434442865847,-70.62547199241342,0.914961961972594
1759927365842733800,1652.0827338867186,600.1460626767948,0.7901046979446895,72.09629681517966,-33.44629239832609,574.3313692258671,85.24114854666531,14.245954626263716,8.774538221657206,-70.62545812134235,0.8831755904120662
1759927366842631000,1653.082630859375,600.3208148721606,0.8375888873461163,59.41376781375525,-33.44629005837055,574.5061214212328,89.13269904250527,14.24595463752954,8.731250794410347,-70.62543709936483,1.124760236697431
1759927367841795800,1654.0817958984376,600.1433991603553,0.8822827419607112,61.57884041355952,-33.44628753336117,574.3287057094276,88.15226630207194,14.24595462423388,8.603642689009686,-70.6254207682208,1.1557006075692726
1759927368841770800,1655.0817707519532,600.7131885327399,0.9359748407279486,73.78376162352598,-33.44628524621856,574.8984950818121,87.45702431514596,14.245954622357432,8.562913515096483,-70.62541074448674,0.8816268209214725
1759927369842766600,1656.0827666015625,601.0074679432437,0.9849702298252554,53.54964397379491,-33.44628384903642,575.192774492316,91.05671040032642,14.245954644161227,8.405207467440247,-70.62538978903765,1.2180627072058303
1759927370842080500,1657.0820805664061,600.7620110353455,0.9057567552195848,72.99318623510014,-33.446277576995705,574.9473175844178,87.09297930867577,14.245954631948718,8.323541227967551,-70.62537588244061,0.9784057368389995
1759927371842054400,1658.0820544433593,600.3191899675876,0.8688351152891917,58.88649499327362,-33.44627033305425,574.5044965166599,81.59566861786124,14.24595463789289,8.236987414396395,-70.62535784498968,1.1079877534246072
1759927372842234400,1659.082234375,600.3926855884492,0.9114877651366958,74.24197467351223,-33.44626411180272,574.5779921375215,76.51948720017374,14.245954633194032,7.926750283187036,-70.6253465993306,0.9516525989759386
1759927373842266000,1660.0822661132813,600.5095020299777,0.8978615820625605,84.14912308986477,-33.44626275479983,574.69480857905,79.9130203994153,14.24595462099875,7.669795222346844,-70.62533305534548,0.8585950496379366
1759927374842239700,1661.0822397460938,600.5627919789404,0.9166722927573508,105.97706305219026,-33.4462645939578,574.7480985280126,83.99995223377888,14.24595460931921,7.838554393134764,-70.6253191820667,0.6828637606527229
1759927375842563000,1662.0825629882813,600.3591487519443,0.9671103062594203,114.31821538770158,-33.44626872063409,574.5444553010166,83.58158988687033,14.245954610546633,7.689045833061529,-70.62530134478948,0.6618365765210097
1759927376841996800,1663.081996826172,600.1135087851435,1.0663168856865524,180,-33.446274564045915,574.2988153342158,86.92147511195654,14.24595460077368,7.810549186037432,-70.6252908026064,0.3457777117027155
1759927377841970700,1664.081970703125,599.763570562005,1.3823744327318301,180,-33.44627120590752,573.9488771110773,86.9214642394603,14.245954597778136,7.753933990756253,-70.62527115318741,0.4828559742642142
1759927378841943800,1665.0819438476562,599.4319388987496,1.0830583723851133,143.96747549474307,-33.44628032040658,573.6172454478219,111.09504224277707,14.245954591346226,7.782798904183592,-70.62525752581645,0.5349911278865412
1759927379841917000,1666.0819169921874,599.2692284323275,1.039513272563372,85.94400928792982,-33.446278823593275,573.4545349813998,98.70187034604291,14.245954595248337,7.633951042861289,-70.62523577707951,0.7944132990491695
1759927380841890800,1667.0818908691406,599.5820810152218,0.9786260125989928,72.6402563045391,-33.446280348221286,573.767387564294,97.41988888635576,14.24595459490814,7.592640184830269,-70.62521177851045,1.0099926946589184
1759927381841865000,1668.0818649902344,599.8202964216471,0.9476916699241631,71.97353931578503,-33.446281206268495,574.0056029707193,95.80936889014637,14.245954597567927,7.581591596201489,-70.62519241338941,1.034703404445956
1759927382841838800,1669.0818388671876,599.5376729555428,0.961195075473003,86.32786158453537,-33.446277288771036,573.7229795046151,83.8448122146578,14.24595460147133,7.6686546670444375,-70.62517723475219,0.8554657274884768
1759927383841812200,1670.0818122558594,599.8486116733402,0.9632924552168806,133.422556391259,-33.44627330960968,574.0339182224125,76.13436731825573,14.245954602022982,7.659961127855454,-70.62516885464584,0.5329543161734316
1759927384841785900,1671.081785888672,600.1229899544269,1.020469757008248,180,-33.44626975325353,574.3082965034992,71.65964907296839,14.245954598851641,7.844648084956024,-70.62515929637713,0.33046179257891745
1759927385841760000,1672.0817600097657,600.0641116714105,1.396892098231543,180,-33.446268136610996,574.2494182204828,71.65964103950431,14.24595459947133,7.939206395931757,-70.62514519576047,0.3606015679205661
1759927386841733400,1673.0817333984376,599.604860088788,1.0612528258693907,100.63707409854275,-33.446259075552334,573.7901666378602,71.72500728515357,14.245954605521858,8.083138809628707,-70.62512259299497,0.8177880518816728
1759927387841706800,1674.0817067871094,599.5699607860297,1.028537207489861,90.98372433874314,-33.446254118662175,573.755267335102,65.72728019113988,14.245954618776578,8.722010530366239,-70.62510962779245,0.723521404133897
1759927388841681400,1675.0816813964843,599.4190894700587,1.2072053430138694,102.12886776404831,-33.44624815298205,573.604396019131,57.41832662673881,14.245954609426404,9.076061200585466,-70.62510117204867,0.4833253823745398
1759927389841655000,1676.0816550292968,599.8668244844303,1.0000638556875454,72.10113497168588,-33.44623781910765,574.0521310335025,53.40226070344853,14.245954625423272,9.173624949702699,-70.62508374779878,1.0210769458649747
1759927390841628200,1677.0816281738282,599.4731318010017,0.7713004052214537,55.12255421143059,-33.44623140779096,573.658438350074,59.695046545739515,14.245954623863584,9.348879104568132,-70.62506606474331,0.9817891675314685
1759927391841602300,1678.0816022949218,599.4513587290421,0.8455936399254335,47.62502574899369,-33.446229153688165,573.6366652781144,72.39505229878357,14.245954614896798,9.316444034194086,-70.6250449751934,1.2618008536233318
1759927392841576400,1679.0815764160157,599.4031952340156,0.8532864897464059,40.343026844409586,-33.44621714538946,573.5885017830878,68.48020798755766,14.245954625506002,8.883606282042585,-70.62502282033059,1.6130127791171374
1759927393841549800,1680.0815498046875,599.568342323415,0.7260644929653205,34.69251562564734,-33.446213864256265,573.7536488724872,73.43658224757303,14.245954608941181,9.145282765887558,-70.62500373617624,1.6641916380892756
1759927394841523700,1681.0815236816406,599.9723569322377,0.7233062357367409,35.18911714241641,-33.4462036809946,574.15766348131,71.54486802005046,14.245954610072793,9.306809737627079,-70.62498180159031,1.6444158435074963
1759927395841496600,1682.0814965820311,600.0579584669322,0.7218514765450155,35.08330080784245,-33.446193223216106,574.2432650160044,68.0095887071808,14.245954613676048,9.15122624199124,-70.62495949972725,1.6526452595459713
1759927396841470500,1683.0814704589843,599.9256484573707,0.71858744193129,35.724640335932186,-33.44618579855512,574.110955006443,71.14613339368219,14.24595460431358,9.192450232822878,-70.62493660961867,1.6297066261553603
1759927397841444600,1684.0814445800781,600.097389976494,0.7198966353678021,35.54932468984269,-33.44618058225888,574.2826965255663,76.66266081987463,14.245954596479093,9.242389966350997,-70.62491364727227,1.6348309985390752
1759927398841418000,1685.08141796875,600.1463734051213,0.7195364862451664,44.15504734728574,-33.4461762591481,574.3316799541935,80.26984579442966,14.245954596277912,9.314728083311815,-70.62489473396008,1.3172969381070552
1759927399841391400,1686.0813913574218,599.6464131558314,0.8587504661404908,50.92320061639934,-33.44617309364644,573.8317197049037,81.44405643591813,14.245954586365357,9.304961060347297,-70.62487817124716,1.1563828383588088
1759927400841365200,1687.081365234375,600.0798399196938,0.8977207466434004,79.26918799782227,-33.446165570237106,574.265146468766,72.32717442400144,14.245954590771888,9.156074384499579,-70.62486585059341,0.911574105782406
1759927401841339100,1688.0813391113281,600.2134348340333,0.8610079406850326,68.36363240361413,-33.446167579876935,574.3987413831055,81.66981593521345,14.245954598353942,8.982280696492387,-70.62484700947027,1.005643532508856
1759927402841313300,1689.081313232422,599.7055797530338,0.9659618947044327,78.27797210170495,-33.44616801937012,573.8908863021061,87.76267777945375,14.245954599030322,8.925111439537467,-70.62483425075548,0.8514346648660205
1759927403841287000,1690.0812868652345,599.9400566294789,0.960088543864335,110.91607907829002,-33.44616935205299,574.1253631785512,83.48854814401814,14.245954595154016,9.238279701458604,-70.6248214816648,0.6203058935447789
1759927404841260000,1691.0812600097656,599.6846968932077,1.225584133727119,125.5179454538009,-33.446168462927204,573.87000344228,79.03105457117078,14.245954594037864,9.06042409142771,-70.62481097067088,0.48401632714499665
1759927405841234700,1692.0812346191406,599.8070828765631,1.3013320030883069,137.39346631968655,-33.44617002692621,573.9923894256353,82.94388584556248,14.245954595619564,9.039413737095732,-70.6247993963923,0.4139210320530455
1759927406841208300,1693.081208251953,599.9120205808431,1.1764277143130695,98.49953458910623,-33.44616920829538,574.0973271299154,83.94607119753931,14.245954605888013,9.140131743629462,-70.62478153428485,0.6647744335598323
1759927407841181700,1694.081181640625,600.5615256428719,1.0929452586577575,81.70679915601075,-33.44616802009193,574.7468321919441,83.97516611713742,14.245954614161105,9.053338133878231,-70.62476436927795,0.8649094327108223
1759927408841155600,1695.081155517578,600.5992751736194,1.0211881544576793,88.97554179520012,-33.44617035235746,574.7845817226917,90.86225463226381,14.245954623793976,9.126728757489602,-70.62475301744446,0.746944173025494
1759927409841129200,1696.0811291503906,600.4152887007222,1.025187341724816,173.61843958073447,-33.44616583332416,574.6005952497944,86.4658875191897,14.2459546054663,8.963089175468568,-70.62474425464463,0.4336066934724359
1759927410841103000,1697.0811030273437,600.1353098712862,1.0149232327137412,84.50485026199559,-33.44616216002753,574.3206164203584,85.14478005674661,14.245954626206618,8.991582812092368,-70.62472209774334,0.8621032509553751
1759927411841076000,1698.0810759277344,599.7587605118752,1.1505696109006232,67.66725153840143,-33.446157112650404,573.9440670609474,82.63356746264957,14.245954622842921,8.985625004306673,-70.62470791399245,0.9065676872679945
1759927412841050600,1699.0810505371094,599.6864518811926,1.2177390363132152,74.78393728748883,-33.44615269653459,573.8717584302649,81.33191349213216,14.245954611038442,8.79472209904078,-70.62469596887509,0.7757096378970777
1759927413841024000,1700.0810239257812,599.5263452716172,1.1750701312795016,106.64538607189262,-33.446143116357874,573.7116518206894,69.25927221353139,14.245954598597326,9.382971272452702,-70.62468373271902,0.5117939793145166
1759927414840997600,1701.0809975585937,600.1323747066781,1.1158745376349612,128.70690242204893,-33.446140466952954,574.3176812557504,76.49242526748807,14.245954596313911,9.01053767127109,-70.62466497308091,0.5140720688166348
1759927415840971500,1702.0809714355469,600.2002836214378,0.7796645331196739,56.81648737426038,-33.446135239764686,574.3855901705101,76.52453448404941,14.245954603348299,9.527013465864556,-70.62464338299235,0.968402338116105
1759927416840945200,1703.0809450683594,599.7919291760772,0.7393385407691553,53.79624850908364,-33.446134328017955,573.9772357251495,80.68677513608681,14.24595460958567,9.472693512468032,-70.62462662906759,1.056184071717586
1759927417840918800,1704.0809187011719,599.7423640051857,0.7489504379242746,60.87249772274405,-33.44612809423437,573.9276705542579,74.60783985042387,14.245954607229441,9.271993068560636,-70.62461524858314,0.9181394225793937
1759927418840892400,1705.0808923339844,599.7342645358294,0.968886152247072,91.73065998962466,-33.446123421494214,573.9195710849017,71.56603362071885,14.245954605384451,9.22746679999702,-70.62460345971914,0.7635297351489538
1759927419840866600,1706.0808664550782,599.6286662565544,1.0393858158475566,83.03984811748641,-33.44612337718107,573.8139728056267,77.02673967248062,14.245954618436514,9.089006516835699,-70.62458945998249,0.794085547661523
1759927420840839700,1707.0808395996094,599.8705568816513,0.9223913374239817,109.95647348268199,-33.44612067144667,574.0558634307235,75.4025310576485,14.245954618675547,8.8759296668912,-70.62457913846409,0.6173902457806185
1759927421840813600,1708.0808134765625,599.9293343229219,1.0172039809136315,180,-33.44612587011217,574.1146408719942,90.95800443302998,14.245954609949548,8.63869125476898,-70.6245699100271,0.3833503318134468
1759927422840787700,1709.0807875976564,600.1971883932129,1.0619125637869513,118.94575945442875,-33.44611940882945,574.3824949422851,80.43264911738632,14.245954619223179,8.440511280242568,-70.62455083973761,0.7146787967698993
1759927423840761000,1710.0807609863282,600.2111582029611,1.0017511805023127,91.0417519209219,-33.44611056346459,574.3964647520334,62.64187015699105,14.245954609876614,8.045131842305054,-70.62453995346024,0.8484511261532252
1759927424840734700,1711.0807346191407,599.8071435606107,1.0335886356765704,61.57942417466184,-33.44610465201664,573.992450109683,62.76970020699692,14.245954607718486,7.852246312173644,-70.6245230223716,1.3156426196914317
1759927425840708600,1712.0807084960938,599.8118482604623,0.967238013006227,126.58319817726029,-33.44612005592397,573.9971548095345,82.97053199623306,14.245954602193471,7.889538232217866,-70.62450872021735,0.6036989911397768
1759927426840682000,1713.0806818847657,599.6320953499526,0.9625531106699938,138.91740876028442,-33.446124180971864,573.8174018990248,83.77191477128916,14.245954594702484,8.044432716721284,-70.62448613935892,0.5492995725755008
1759927427840656600,1714.0806567382813,599.0549072623253,1.2334215775218802,100.83783666596923,-33.44612681395407,573.2402138113976,83.25966410002844,14.245954589783507,8.351968528135103,-70.62446581909123,0.5562679394604817
1759927428840629500,1715.0806293945313,599.1649610530585,1.1987972243521337,77.24888758356995,-33.44612405141406,573.3502676021308,76.33698139572087,14.245954586428033,8.346078870737376,-70.62444130946662,0.7962558877909022
1759927429840604000,1716.0806040039063,599.0607193233445,0.9594340708398446,41.709895062776106,-33.44611597977298,573.2460258724168,73.05644023728277,14.245954580678655,8.48221448644805,-70.6244012604728,1.7913421436905388
1759927430840577000,1717.0805769042968,599.2692294921726,0.7228836386993113,45.836081758892085,-33.446113954403465,573.4545360412449,80.44293990434483,14.245954578063916,9.22063607878558,-70.62437634531707,1.2639126983325735
1759927431840551000,1718.0805510253906,599.3110398799181,0.9544852750362365,43.708754741241414,-33.44611251756958,573.4963464289904,83.42410196084892,14.245954579040035,9.16711927368238,-70.62434443019508,1.74251504082563
1759927432840524300,1719.0805241699218,599.4599065957591,0.7398659054056657,52.02931193501479,-33.44611052560404,573.6452131448314,81.85392432534209,14.245954582186561,9.575275229820793,-70.62433413365784,1.089797676727859
1759927433840498700,1720.080498779297,599.6315014800057,0.9789821111493686,94.21020316384336,-33.44611102683656,573.816808029078,87.76729844355802,14.245954601680829,9.29299693655444,-70.62431999253401,0.7970799610205404
1759927434840472300,1721.0804724121094,599.4301741654053,1.1009501364217913,111.93568219269282,-33.446100317809744,573.6154807144776,76.0357032320865,14.245954601426385,9.319267204324316,-70.62430767262995,0.6078104482460966
1759927435840445400,1722.0804455566406,599.5610428946093,1.1572558961812685,120.13526236212068,-33.44609527417803,573.7463494436815,69.94033277769302,14.245954602629512,9.480145573051106,-70.62430025902701,0.5277730748927743
1759927436840419300,1723.0804194335938,599.9170626495034,1.2540645926680396,123.1440077358827,-33.44609170161816,574.1023691985756,71.49818727878902,14.24595460157776,9.381084769056244,-70.6242899137924,0.4821178492411873
1759927437840393000,1724.0803930664063,600.1681110309437,1.130605301022352,91.33286370375616,-33.446088407757465,574.353417580016,76.57555436401405,14.245954601376893,9.302509962819162,-70.62427490135951,0.7525405200702545
1759927438840367000,1725.0803671875,600.3959411010146,1.1196275881311077,60.913172254978086,-33.44608198445101,574.5812476500869,74.38353836215244,14.245954609516195,9.187812076795291,-70.62425623221236,1.1462651507400765
1759927439840340700,1726.0803408203126,600.4894343800843,1.004203369665631,62.140557733970795,-33.44607725474355,574.6747409291565,74.14601065622708,14.245954612335613,9.046007598868343,-70.62424054604406,1.177311607641905
1759927440840313900,1727.0803139648438,600.5933343293145,0.9524118600860354,55.172869481303955,-33.44607217794404,574.7786408783868,75.185173692119,14.245954630312,9.39413086937418,-70.62422331507193,1.245362269744028
1759927441840288300,1728.080288330078,600.0897217001766,0.8833543006754719,60.39218701763824,-33.44606871283319,574.2750282492489,77.91601493653029,14.245954631421078,9.155509831240726,-70.62420811961739,1.1813521599946513
1759927442840261000,1729.0802612304688,600.0128582073376,0.9569075309173087,60.51542456167738,-33.446061463824144,574.1981647564098,77.21132350172414,14.245954648680945,8.958510210037314,-70.62418967996413,1.2484614797958096
1759927443840235000,1730.080235107422,600.5545712662861,0.9315817070930696,56.88117424199987,-33.446055454383256,574.7398778153583,75.5708464654839,14.245954659419775,8.802670705438057,-70.62417490266581,1.2379952961630778
1759927444840209000,1731.080208984375,600.2470867251977,0.8942006752638585,65.57097431439705,-33.44605327326206,574.43239327427,79.30575764886962,14.245954636598864,8.450100397574106,-70.62416149911716,1.104190057791871
1759927445840182800,1732.080182861328,600.1395678818226,0.9217932467330898,60.95672788229165,-33.44604860708766,574.3248744308949,77.44354539287733,14.245954626986169,8.019522136574029,-70.6241441034469,1.2138051346290597
1759927446840156200,1733.08015625,599.7336034905165,1.077795000126131,62.898375924299955,-33.44604925970865,573.9189100395888,82.46780147771292,14.2459546206619,7.6917783964027695,-70.62412497227503,1.243730759383606
1759927447840130000,1734.0801301269532,600.9297953648493,1.087014160811037,58.87729299001981,-33.446040654059345,575.1151019139215,76.21066310966073,14.245954618661324,7.621932599188231,-70.62411059884037,1.2079226764064377
1759927448840104700,1735.0801047363282,600.340637887828,0.9896782564691667,64.77992140208941,-33.446039446431065,574.5259444369003,81.22630897974469,14.245954617745019,7.510805136349931,-70.62409120352132,1.2296268665114027
1759927449840078000,1736.080078125,600.0901776971295,1.004758573390831,76.44197464294434,-33.446034171757006,574.2754842462018,80.80628996660128,14.245954606703418,7.3959475500760465,-70.62407607357763,1.0266305247558147
1759927450840051000,1737.0800510253907,600.2760434206575,0.9576760768161864,68.4324518906866,-33.44602802884802,574.4613499697298,81.1737099614953,14.24595461189563,7.3969089906236,-70.6240552909133,1.1307168004792383
1759927451840025300,1738.080025390625,600.099708228372,0.874612026489951,69.75725048078785,-33.44603145885627,574.2850147774443,83.91621550677309,14.245954604003595,7.808354898654099,-70.62403046122233,1.0026459512866666
1759927452839998500,1739.0799985351562,599.8923544185236,1.0394864053241901,119.93579547630041,-33.44603434045901,574.0776609675959,85.87120391949551,14.245954599123388,7.710858786981111,-70.62401819044281,0.5879084722351521
1759927453839972600,1740.07997265625,599.9732720879838,1.0628788585890707,177.5616601073964,-33.44603649066981,574.158578637056,88.18763069502303,14.245954591941608,7.892713436840488,-70.62400318047659,0.4064107384289271
1759927454839945700,1741.0799458007812,600.0482104225084,1.0157633525761942,130.13512434378828,-33.446037302607856,574.2335169715807,86.12061649288253,14.24595459138665,7.917751558434247,-70.62398262158212,0.6188458883972054
1759927455839920000,1742.0799201660157,599.741022888571,0.9787651406913727,81.4233196888598,-33.44603574901495,573.9263294376433,86.41048185942984,14.245954589507507,8.194910139447549,-70.62396019795479,0.7668805003925521
1759927456839893800,1743.0798937988282,599.9793449509889,0.9301291787244932,57.70489248361241,-33.44603190549359,574.1646515000612,83.75118533856808,14.245954583600039,8.334472640932418,-70.62393068584586,1.2506121705553925
1759927457839867600,1744.0798676757813,600.415034269914,0.8717629731864148,61.09033173964924,-33.44603030747076,574.6003408189863,80.4723402123587,14.245954599138154,8.419338098665563,-70.62391316384361,1.1224735833334907
1759927458839840800,1745.0798408203125,600.5765064368024,0.9105776152803906,89.23532172324299,-33.44602911636737,574.7618129858747,78.10141795516807,14.245954603187775,8.538123625205358,-70.62390216504879,0.7597096910503104
1759927459839815000,1746.0798149414063,600.3413970088586,1.00274884685843,180,-33.44602696855135,574.5267035579309,76.70475111775814,14.245954598619223,8.69027732128014,-70.62389499077555,0.31966337659282346
1759927460839788500,1747.0797885742188,600.7398272193968,1.3955594392581883,180,-33.44602152608955,574.9251337684691,76.70474626246623,14.245954597297505,8.777477961976961,-70.62388667195748,0.23466463206136043
1759927461839762700,1748.0797626953124,600.767442535609,1.3977487862926374,180,-33.44601762120468,574.9527490846813,76.70474156932954,14.245954602045929,8.763174020937203,-70.62387845147946,0.23942689089037258
1759927462839735600,1749.0797355957031,600.6991830775514,1.4031655650155543,180,-33.44601126884055,574.8844896266237,76.70473872455109,14.245954599204563,8.621409560030953,-70.62387399617474,0.17766678448477358
1759927463839709400,1750.0797094726563,600.6198222516105,1.383703398039491,180,-33.44600155070611,574.8051288006827,76.70472849701335,14.245954611848127,8.805714759336153,-70.62385624162499,0.42013484387608435
1759927464839683000,1751.0796831054688,600.3743420056999,1.0549023607806596,75.82991452481751,-33.44599103523831,574.5596485547721,69.67505521178693,14.245954629148414,8.715115008063634,-70.62383398441881,1.1124000674798862
1759927465839657200,1752.0796572265624,600.3955528959632,0.9733402279771914,63.722239959880035,-33.44598839355363,574.5808594450355,77.31119340845798,14.245954636396906,8.72385083383407,-70.62381655558487,1.211487747116295
1759927466839630800,1753.079630859375,600.5368962818757,0.9646522631101426,65.6819715818027,-33.44598456677966,574.7222028309479,80.01124500583188,14.245954662584523,8.95655982124466,-70.62380348231767,1.187070097593597
1759927467839604700,1754.079604736328,600.8275270136073,1.003681661722634,70.70466750009469,-33.44598327387115,575.0128335626796,84.87095584904371,14.24595464942193,8.708176822261649,-70.62379173718276,1.1209045991617819
1759927468839578400,1755.0795783691406,601.0964720239863,1.0378093005057447,82.17035851365559,-33.44597783402998,575.2817785730585,80.65317142606052,14.24595464284302,8.402645815230075,-70.62378358669365,0.9056678843336354
1759927469839552000,1756.079552001953,601.0110853398219,1.012266669431141,91.24142057128218,-33.44597869599068,575.1963918888941,88.48985721982915,14.245954636689989,8.308804071029769,-70.62377091084755,0.810134395321208
1759927470839526000,1757.0795258789062,600.4959736410528,1.0367466789503041,110.93016869372651,-33.44597054768386,574.6812801901251,80.7638953766251,14.245954619943927,8.19050682826733,-70.62376207204237,0.6394244047137724
1759927471839499300,1758.079499267578,600.4116021217778,1.1698043131894662,105.72615032126188,-33.44596528887195,574.5969086708501,80.72355284147639,14.245954614734913,7.936508101647767,-70.6237509114089,0.6684646752231783
1759927472839473700,1759.0794736328126,600.5213497206569,1.116378092279008,134.22340481679487,-33.445958510374865,574.7066562697291,77.01092244425399,14.245954605693166,7.5533652675670835,-70.62374271969964,0.5686802288766488
1759927473839446500,1760.079446533203,600.2778398739174,1.071349062627877,66.66350249492278,-33.44595506204353,574.4631464229897,81.99805092037789,14.245954629050809,7.4301454002195975,-70.62371441408128,1.1155154956343754
1759927474839420700,1761.0794206542969,599.8511408176273,0.969843915297992,54.09147548471647,-33.44594791215181,574.0364473666996,81.79375852476336,14.245954619601802,7.544216642566458,-70.62369562257334,1.1094417734192812
1759927475839394000,1762.0793940429687,600.33627689071,0.875181575245877,64.5436614815962,-33.44594045268203,574.5215834397823,77.52017265645216,14.245954613949273,7.269058692893252,-70.62368402381878,1.0538799582233325
1759927476839368400,1763.0793684082032,600.8628494776785,0.7479543898285977,72.48662517905983,-33.44593450694066,575.0481560267508,76.10071909569794,14.245954606818149,7.1407288085162905,-70.62367473683909,0.7723474494852095
1759927477839342000,1764.0793420410157,601.2643285198137,1.1352768018262704,87.89781821048719,-33.445928308738026,575.449635068886,78.00657618580948,14.245954603602506,6.916520757114705,-70.62366370559648,0.7631580420052467
1759927478839315500,1765.0793154296875,600.3159919967875,1.078008990722915,81.7962061407859,-33.44592429854242,574.5012985458598,81.63331707902951,14.245954602398005,6.812366213373627,-70.62365225500726,0.7521409131186017
1759927479839288800,1766.0792888183594,601.0175422783941,0.7951816711034454,62.9752814457097,-33.445917991486205,575.2028488274664,82.46730956959509,14.245954602979529,6.5705269802425565,-70.62363560514093,0.9792540021404693
1759927480839263500,1767.0792634277343,600.7611937141046,0.8883175902360738,76.86578550063103,-33.445913994747464,574.9465002631769,81.57929133548288,14.245954596784788,6.355517569434405,-70.6236253629827,0.9226111954936701
1759927481839236000,1768.0792360839844,600.9793465035036,0.8792585609235541,64.1088228001753,-33.445908313907466,575.1646530525759,80.05173571624809,14.245954598264994,6.114818699429405,-70.62360933629951,1.1093978696702658
1759927482839209700,1769.0792097167969,601.7008651662618,0.9910042425931745,48.32661397695824,-33.445900260003214,575.8861717153341,78.35539793845614,14.24595459830383,5.913926212235635,-70.62358924074225,1.4369753539678707
1759927483839184000,1770.0791838378907,601.6825544228777,0.7490381950797842,45.834847448372145,-33.44589545031068,575.86786097195,72.87788921297448,14.245954605691722,5.820202472427445,-70.62357690877083,1.2154089790037528
1759927484839158000,1771.0791579589843,601.2178555941209,0.8611770730218166,50.79242453179317,-33.44588320034531,575.4031621431932,69.61882064902538,14.24595460584652,5.879479853472971,-70.62355511176396,1.365225970738468
1759927485839131400,1772.0791313476564,601.300717019476,0.863078515637838,52.03673724978717,-33.445872600864,575.4860235685483,66.45611020906159,14.245954607418899,5.759068173874987,-70.62353808435289,1.3260546941109645
1759927486839105800,1773.0791057128906,601.0219063749537,0.98269978878101,56.64469946125353,-33.44586428721979,575.207212924026,67.00825281317874,14.245954608139126,5.651736261926396,-70.62351838370333,1.3640431585892407
1759927487839079700,1774.0790795898438,600.8171703964472,0.8094946700610711,43.80617444659987,-33.44585534097151,575.0024769455194,65.84819495059918,14.245954606617405,5.7091227195671275,-70.6234980789542,1.4170485603999448
1759927488839052800,1775.079052734375,601.3858767906204,0.808778804220434,45.08221539817151,-33.445853021955664,575.5711833396927,72.72003481489271,14.245954610757053,5.80621884075558,-70.62348029507163,1.3896303505834944
1759927489838804200,1776.0788041992187,601.2181427469477,0.801972140761162,50.174868923456096,-33.4458434299393,575.40344929602,73.78189838091767,14.24595461002629,5.915995072125659,-70.62346187464286,1.2939069084983148
1759927490839015400,1777.0790153808593,601.5340640097857,0.8159140319337204,46.79446299343168,-33.445834929187434,575.7193705588579,74.85971449245201,14.245954616295437,6.362872615521744,-70.62344520109984,1.3842472420086191
1759927491838989600,1778.0789895019532,600.9360402077436,0.8678978790555063,48.87633974106703,-33.44582758882219,575.1213467568159,73.16644748567523,14.245954613511337,6.4605215968023755,-70.62342821127693,1.3424283793402592
1759927492839102700,1779.079102783203,601.1377249043435,0.961120032751263,61.6759471666231,-33.44582578584187,575.3230314534158,74.7608448440428,14.24595460494898,6.657095980624073,-70.62340747790564,1.2334197434236076
1759927493838255400,1780.0782553710937,600.9314665328711,0.9594819664333084,50.766881664437236,-33.445823032223494,575.1167730819434,75.43788277932067,14.245954602862485,6.804049550169469,-70.62337753715646,1.4617447628847255
1759927494838228200,1781.0782282714845,601.6049232874066,0.8957868297490698,48.854562538069935,-33.445822647264656,575.7902298364788,75.30946890428346,14.245954606023503,6.991823884943988,-70.62335148612601,1.4425093761320547
1759927495839222500,1782.0792224121094,602.491830821149,1.0436435458956101,51.98218926024253,-33.445822520456524,576.6771373702213,73.7890825709903,14.245954605750024,7.072460852517796,-70.62333581232183,1.114770161112995
1759927496838679800,1783.0786796875,602.5366359166801,1.0507523196705466,53.31146658470315,-33.44582205738213,576.7219424657524,79.64963866289659,14.245954616648405,6.975074621540765,-70.62331547891365,1.1939725974606534
1759927497838653200,1784.0786530761718,601.6096454914659,0.8878759208584794,62.80237971735606,-33.44581687900571,575.7949520405382,78.10410208261615,14.24595460772605,7.114017750757611,-70.62330055429446,1.044627483950057
1759927498838888400,1785.0788884277345,601.3270501838997,0.9783927468084662,60.969972821337095,-33.445814973789936,575.512356732972,77.27812868757492,14.245954598740365,7.18687144737142,-70.6232856251993,0.941177756738553
1759927499838052600,1786.0780524902343,601.7497111782432,0.917384091998014,65.43901000385287,-33.44581263631078,575.9350177273154,78.50186554436101,14.245954595723987,7.409468188691573,-70.62326559981831,1.065573133520392
1759927500838026800,1787.0780268554688,602.0238974979147,0.9065424278745882,63.22886758445771,-33.445810287059,576.209204046987,75.32593843875081,14.245954589027258,7.536820200020458,-70.6232460568971,1.149173813331959
1759927501838247400,1788.0782473144532,601.4532098686323,0.9507182655174237,50.06552007400881,-33.445805638112475,575.6385164177045,72.35024534672142,14.245954583512132,7.544767643115741,-70.62322007053626,1.4482273480849033
1759927502838313200,1789.0783132324218,601.7966336002573,0.8980274702870109,58.03939383508749,-33.44580591781768,575.9819401493296,69.24823189669635,14.245954577986156,7.75379653702448,-70.62319785991693,1.2514959433076576
1759927503838286300,1790.0782863769532,601.6293497709557,0.947816656326588,63.84792366665825,-33.44580588206053,575.814656320028,70.13265305764105,14.245954582255623,7.995341813453852,-70.62317839922413,1.1689189896235186
1759927504838260700,1791.0782607421875,601.4687369354069,0.7606514785891786,50.013759683575216,-33.44580608766244,575.6540434844792,71.5571748789812,14.245954591150106,8.481614437293125,-70.62315924936502,1.1383307855646743
1759927505838234400,1792.078234375,601.5647770538926,0.7320721712408688,53.66988847722065,-33.44580549055049,575.7500836029649,72.15642119242283,14.245954592912462,8.591025090387413,-70.62314195848438,1.0670963501778472
1759927506838208300,1793.0782082519531,601.4132249793038,0.9768218342014925,70.85667345148109,-33.44580415095876,575.598531528376,72.20395550144072,14.245954596538862,8.601524457005697,-70.62312526056438,1.0334432206525817
1759927507838181400,1794.0781813964843,601.1520633585751,1.0791360130270018,78.84990986738163,-33.44580429909541,575.3373699076474,72.13873322319478,14.24595459726036,8.754975560454804,-70.62311199924521,0.8701226234979932
1759927508838155800,1795.0781557617188,601.2024902002886,1.1071089097721174,107.76799801562969,-33.44580692194211,575.3877967493609,73.79316846521614,14.245954593358022,8.867789413392346,-70.62310228403294,0.6157758143003799
1759927509838128600,1796.0781286621093,601.0297744674608,1.2236774365326106,94.6034666564086,-33.44580723819614,575.2150810165331,76.1871426277217,14.245954590557432,9.056490603386653,-70.62308810982375,0.6091422796984737
1759927510838102800,1797.0781027832031,601.2594497045502,1.101059702594904,87.66678729584065,-33.44581012608899,575.4447562536225,83.79436058188884,14.245954595832531,9.273398733793135,-70.62306798099137,0.74577706328076
1759927511838076400,1798.0780764160156,601.0871905321255,1.0611153008459742,94.94319689017635,-33.44581568845529,575.2724970811978,94.87953305004685,14.245954598178797,9.478400978536284,-70.62305367715868,0.7059278120046052
1759927512838049800,1799.0780498046875,601.1388905672356,0.9911147002487565,68.89767942881818,-33.445828233010204,575.3241971163079,106.9789831250372,14.245954600583545,9.231506558967679,-70.62303255167463,1.0508143374615477
1759927513838024200,1800.078024169922,600.8696909639984,0.7691693760806345,48.99338650709684,-33.44583989844037,575.0549975130707,118.63111028947608,14.245954596404902,9.414060529748589,-70.6230170058574,1.1073022079074255
1759927514837997300,1801.0779973144531,600.948178730905,0.7573952515517995,50.78016675046626,-33.44584933628964,575.1334852799773,124.74426528467943,14.24595458847546,9.334881301011885,-70.6230011434492,1.0987067660719652
1759927515837971200,1802.0779711914063,601.0753190591931,0.8192371763500762,67.50119132791771,-33.44586033453032,575.2606256082654,140.2465314070754,14.24595457917459,9.098712178592663,-70.62299386810166,0.9593854413450723
1759927516837945000,1803.0779450683594,600.680376643315,0.7814815126881844,53.2246786118498,-33.44587303876496,574.8656831923872,146.73686653413841,14.245954570651593,9.205762354579024,-70.62298540771164,1.0050282285479506
1759927517837918200,1804.0779182128906,600.6175627615303,0.9554442448054943,60.913645173744044,-33.44588227936217,574.8028693106025,151.06813874892373,14.245954577030671,9.480574463120648,-70.6229798657863,1.0055982939436368
1759927518837892000,1805.0778920898438,600.7382193310186,0.9291198215193319,62.35957412116506,-33.445891436404985,574.9235258800909,153.3396427786879,14.245954598606767,9.512771960867415,-70.6229738202167,1.0228876394840094
1759927519837865700,1806.0778657226563,601.2610352151096,0.8593422134565375,58.47738179661479,-33.445904609860456,575.4463417641819,159.31008691158016,14.245954612022317,9.267942085911258,-70.62296883624182,1.1889858172829395
1759927520837840600,1807.0778405761719,600.9067524708807,0.7435397018617927,51.95325083196199,-33.44591282663555,575.092059019953,156.89953848400145,14.245954617993577,9.219579754507247,-70.6229611138962,1.0765745201222057
1759927521837813200,1808.077813232422,600.7636601515114,1.017697839298024,73.23275927779945,-33.445921366284246,574.9489667005837,157.5099319285926,14.2459546185805,9.199820860253988,-70.62295494881533,0.8798371193594801
1759927522837787400,1809.0777873535155,601.3550021937117,0.7231864160098124,80.20877912329479,-33.44592904187213,575.540308742784,159.5435920529513,14.245954618269126,9.68928656824307,-70.62294889431543,0.7232418863196648
1759927523837761000,1810.077760986328,601.9161875136197,0.8663329573572799,66.39997841449608,-33.44593890969796,576.1014940626919,160.30234447624753,14.245954616694572,9.82461376908532,-70.62294838167682,0.7018690076425936
1759927524837734700,1811.0777346191405,601.8145465757698,0.8129615034108287,64.66493771667437,-33.445950934992034,575.999853124842,160.58973090325438,14.24595462537436,9.68521248943722,-70.6229467353038,0.820372270120435
1759927525837709000,1812.077708984375,601.9301330605522,0.8391185058985479,63.60123990141479,-33.44596396216233,576.1154396096244,162.01624398167058,14.24595463250914,9.840872110156504,-70.62294179249767,0.9129028048745843
1759927526837682700,1813.0776826171875,601.7080450551584,0.9430602619970063,97.48159788606807,-33.44597305784494,575.8933516042307,156.8185232303271,14.245954634038307,9.576312441282138,-70.62293843634002,0.7773168187166288
1759927527837656000,1814.0776560058594,601.4666439155117,0.9918644860678609,68.13497729833051,-33.44599010743942,575.6519504645839,159.09666341379634,14.245954658311561,9.73822149736492,-70.62292975829726,1.0464589212660602
1759927528837629400,1815.0776293945312,601.3951490120962,0.9815567650519297,59.63779112495299,-33.446007123861826,575.5804555611685,156.02449389270149,14.24595469463415,9.491286857608555,-70.62291759685684,1.2234988564530527
1759927529837603600,1816.077603515625,602.3646488925442,0.8240815802084998,42.46970478664558,-33.446021677397155,576.5499554416165,154.90332852498867,14.245954681625905,9.348556288677472,-70.62290934034594,1.3140572264306731
1759927530837577200,1817.0775771484375,601.8668824955821,0.7399466436057195,41.573378035062234,-33.446038369454016,576.0521890446544,160.5958323491788,14.24595468276793,9.141233672351602,-70.62290423164458,1.4329289666796938
1759927531837550600,1818.0775505371093,601.8091534655541,0.7229461836215298,49.43106793264361,-33.44604812943589,575.9944600146264,162.68142977547564,14.245954663957788,9.190069464850431,-70.6229031775195,1.1702565041565633
1759927532837524700,1819.0775246582032,601.6517411423847,0.7435892263046838,48.831738195145164,-33.44606468711316,575.837047691457,170.19695394968056,14.245954679727742,9.039566648875224,-70.62290268326848,1.1565000362718365
1759927533837498000,1820.077498046875,601.2038879860193,1.0203032600104955,53.721240559174966,-33.44608190456827,575.3891945350915,168.09063463279057,14.245954665534336,8.947293800552064,-70.62289502001991,1.252051149416849
1759927534837472000,1821.0774719238282,601.7768161455169,0.9193070512048899,56.478495470840514,-33.446098756133296,575.9621226945892,167.51122427406693,14.245954683871915,8.732710176453624,-70.62288991173055,1.304495244794372
1759927535837445400,1822.0774453125,602.1774231921881,0.9039643994646028,51.18854873660382,-33.44611512662813,576.3627297412604,159.51695474111423,14.245954659937091,8.788909705316232,-70.6228787823083,1.2471466082547815
1759927536837419500,1823.0774194335938,601.8031211486086,0.8019737740014179,50.75632178904033,-33.44613183902801,575.9884276976809,162.44884008587027,14.245954678962823,8.683625246240009,-70.62287491073246,1.2773521103812717
1759927537837393400,1824.0773933105468,602.0548923322931,0.8156912066835749,54.226269653098534,-33.44614599305619,576.2401988813654,154.30839779083757,14.245954659870218,8.830679714956235,-70.62286310122275,1.18731262010749
1759927538837367300,1825.0773671875,601.8149084011093,0.8643353572938858,46.30304946788261,-33.44616765503207,576.0002149501815,158.6314906738631,14.24595467515162,8.916292390236315,-70.62285530412291,1.5108867468195875
1759927539837340400,1826.0773403320313,601.2700711814687,0.751478958104331,37.4994290001155,-33.44618729599636,575.4553777305409,162.8848253922501,14.245954685838239,9.332773687506892,-70.62284892868594,1.456703285992044
1759927540837314600,1827.077314453125,600.8213831363246,0.8819736521559809,38.727575891321834,-33.44620247658527,575.0066896853969,159.70090353206368,14.245954634947127,9.342783764261004,-70.62284054235492,1.3903533973916475
1759927541837288400,1828.077288330078,601.6699458630756,0.9172732793470425,46.259487090321706,-33.44622108163502,575.8552524121478,165.63662239374938,14.245954624038731,9.28143887716359,-70.62283760957045,1.49171797448049
1759927542837261600,1829.0772614746095,601.38609906286,0.7259100419777733,42.40053652005706,-33.44623724356485,575.5714056119323,168.03121264387102,14.24595464866508,9.69161949613683,-70.6228350579295,1.365158078857387
1759927543837235500,1830.0772353515624,601.4507775781676,0.7195811887962408,51.34358119939286,-33.44624758551255,575.6360841272399,161.85233479412761,14.245954639599717,9.801211157745373,-70.62282954715478,1.1330293568638166
1759927544837209300,1831.0772092285156,601.4032054496929,0.910108100831599,55.39060714558372,-33.44626679698619,575.5885119987652,164.29493232032544,14.24595463551917,9.790022634954559,-70.62282485372901,1.3242789897019231
1759927545837183200,1832.0771833496094,601.2758041583002,0.7556435497856231,48.446930151974456,-33.44628001607712,575.4611107073724,166.19279478339624,14.245954629931601,9.756079147697973,-70.62282224225707,1.2619386935788974
1759927546837156000,1833.0771560058595,601.0995011078194,0.9305258729230441,56.234672112763775,-33.44629719105711,575.2848076568916,165.48509766277996,14.245954630508262,9.751315010878296,-70.62281750722262,1.3175504711173824
1759927547837130000,1834.0771298828124,601.0194525020197,0.9256721052590677,49.67385780028207,-33.4463168704019,575.204759051092,169.55432996513818,14.245954683484069,9.790577886543245,-70.62281543228544,1.4871786881056817
1759927548837103900,1835.0771037597656,600.8352476125583,0.7420526661956437,43.526327525317875,-33.446332648152726,575.0205541616306,166.81150432562447,14.245954666933137,10.343120789896474,-70.62280875761361,1.3026553240163325
1759927549837078000,1836.077078125,601.202574821189,0.8937177310244471,55.61240506618231,-33.44634613563776,575.3878813702613,167.97285007007306,14.245954682704669,10.265026218856649,-70.62280513750291,1.2987036857301792
1759927550837051400,1837.077051513672,601.6051197610795,0.9945895249997712,69.51562707642313,-33.446355104833174,575.7904263101518,165.5136192654105,14.245954677624955,9.855959802203465,-70.62280016719059,1.0000202562845852
1759927551837025000,1838.0770249023437,601.3822129890323,0.7525829077566076,57.64489768894411,-33.44636681972291,575.5675195381045,162.32768861433638,14.245954661551997,10.29311359201293,-70.6227925795562,0.9655621103402334
1759927552836999000,1839.0769990234376,601.1627588830888,0.9515136231416729,58.61487508234901,-33.44638063862611,575.3480654321611,154.2627879397812,14.24595471138608,9.655506147857826,-70.62277920799433,1.3034167993687067
1759927553835556900,1840.0755568847655,601.1228786120191,0.8884954737927092,51.037171611419694,-33.44639687584017,575.3081851610914,159.62808273199195,14.245954715631386,9.733119106196401,-70.62277384453762,1.4097728249216077
1759927554834176500,1841.0741765136718,601.0315232034773,0.8677372753301984,51.215850588432154,-33.44641087809847,575.2168297525495,166.38181853466853,14.24595466594354,9.812981775349522,-70.62277100418319,1.3468857368617382
1759927555832940000,1842.0729399414063,600.5882421508431,1.0993061894667675,71.61513895955511,-33.44641924274159,574.7735486999154,166.92623373283502,14.245954644035006,9.034997257191806,-70.62276653816853,1.08209028576029
1759927556831746300,1843.0717463378905,600.6526327077299,1.0363212085466302,82.70714762484921,-33.44642920595188,574.8379392568022,168.72972259012587,14.245954650797566,8.737084081835341,-70.62276282364164,0.9426198190514667
1759927557830619400,1844.0706193847657,600.6079705962911,0.9646041150103618,64.51388820900611,-33.446442014971694,574.7932771453634,165.06249781318093,14.24595466716586,9.040581201026262,-70.62275412198439,1.1698880184699665
1759927558829566000,1845.0695659179687,600.4222467262298,1.0319073144151465,67.35092941318445,-33.446451308691,574.607553275302,160.6787122491357,14.24595464238619,8.554871484386556,-70.62274546843632,1.1718447743737972
1759927559828579000,1846.0685791015626,600.5553715219721,0.8977992318278081,60.72581648510303,-33.44646146413016,574.7406780710444,157.26299420234005,14.245954650494916,8.180020222536585,-70.62273724487301,1.1815869788462217
1759927560827648300,1847.0676481933594,600.597847212106,0.9755519532259617,53.594985587457934,-33.44648264906093,574.7831537611783,163.22982574502998,14.245954662086103,8.118546006287092,-70.62273338103688,1.4719501319060753
1759927561826777900,1848.0667778320312,600.5034435810521,0.724833665468689,45.988038794716374,-33.44649018637724,574.6887501301244,160.64379984862288,14.24595463433533,8.742725999468702,-70.6227265761502,1.2572262435173496
1759927562825954000,1849.0659541015625,600.2502211723477,0.8755617440754438,64.97256857710121,-33.44649902112868,574.4355277214199,167.19638708114127,14.245954630053937,8.531956392493704,-70.62272556831473,1.001046833668337
1759927563825181700,1850.065181640625,600.3632710762322,0.8994187613071634,70.84048753839642,-33.44650734336225,574.5485776253045,170.76795227970555,14.245954628295022,8.449359222981075,-70.62272352777626,0.9206502723019361
1759927564824457700,1851.064457763672,600.5062853461131,1.0156913638007778,73.81836979666615,-33.446518496695596,574.6915918951854,172.81306912398753,14.24595462605427,8.418167626789357,-70.62272074633556,1.0369025316992244
1759927565823779000,1852.0637790527344,600.4940270371735,0.839022646700072,69.59739959202005,-33.44652690857227,574.6793335862458,169.0909924484076,14.245954628001305,8.781151053165468,-70.62271268681219,0.9588264376472507
1759927566823137500,1853.0631374511718,600.225117742084,0.9947568676869221,62.27133144271285,-33.446540511010696,574.4104242911562,173.3913018163283,14.245954628890374,8.730497724833167,-70.62271041612526,1.1712159833729658
1759927567822536400,1854.0625363769532,600.0915675284341,1.0369637170887698,59.55139456187586,-33.44655148200138,574.2768740775064,172.94353523429984,14.245954653962313,9.185727321121071,-70.62270606228572,1.245010833358445
1759927568821968100,1855.0619680175782,600.4135648207739,0.8977118761547107,62.34108053484889,-33.44656077200859,574.5988713698462,170.1799293898623,14.245954643059251,8.610737285013776,-70.62270056212772,1.157680820574408
1759927569821435000,1856.0614348144532,600.2358001433313,0.9676456502879154,59.917738116856604,-33.44657406207134,574.4211066924036,171.6757905838121,14.245954664970816,9.133390007149268,-70.62269762844157,1.2723881153369936
1759927570820934700,1857.0609345703126,600.3131982805207,0.9438636361592042,57.68597584789045,-33.44658722830971,574.498504829593,169.67733602519786,14.245954687618722,8.909423265362717,-70.62269311183128,1.3099310638743697
1759927571820461600,1858.0604616699218,600.5273106340319,0.991591040690811,53.488257065846845,-33.44660420762674,574.7126171831042,173.8931217516305,14.245954680875386,8.806436484940622,-70.62269277781083,1.5014385095024225
1759927572820016600,1859.0600166015624,600.5480314427987,0.7194155408447022,55.279002551923675,-33.446614676757626,574.7333379918709,166.22325928676247,14.24595464778745,8.547502589469362,-70.62268351238401,1.0518835376484004
1759927573819597600,1860.05959765625,600.558635700494,0.7934350473985649,70.46449607053357,-33.44662209029487,574.7439422495663,164.79050321394078,14.245954628873253,8.384750283788701,-70.62267907967305,0.9118144959524359
1759927574819203300,1861.0592033691407,600.6668396033347,0.8862869057450268,62.075518346173254,-33.446638774222464,574.8521461524069,165.39584875539418,14.24595465289496,8.363633506182211,-70.62267247997175,1.1499176940210376
1759927575818831400,1862.0588312988282,600.4157318333164,0.9251502723279865,80.90151130510282,-33.44664701397622,574.6010383823887,165.95472284458023,14.245954629188557,8.360348655149517,-70.62266638797477,0.9074708598800465
1759927576818478600,1863.058478515625,600.4436935940757,0.9045710069578368,85.60099161994309,-33.44665455435328,574.629000143148,163.92132650725137,14.245954633704734,8.210031056637295,-70.62265691312786,0.8333288053819279
1759927577818150100,1864.0581501464844,600.4192503672093,0.9288901583638062,57.85450227603839,-33.44667053256785,574.6045569162816,164.05065769749874,14.24595464895118,8.437798602452617,-70.62264739520887,1.2870487188508328
1759927578817838800,1865.0578388671875,600.3276764201,0.9244452220967436,49.6725231597356,-33.44668572512145,574.5129829691723,163.91362472720564,14.245954670297438,7.877830385887067,-70.62264019300989,1.4900722344853947
1759927579817543000,1866.05754296875,600.2915049418807,1.0944681831940495,61.06225737581008,-33.446696870627555,574.476811490953,165.1594851236393,14.245954645672482,7.024341332491304,-70.62263526062436,1.433037153623949
1759927580817266000,1867.0572658691406,599.3098532008007,1.1877579453765281,58.3946004161108,-33.44670539611018,573.495159749873,167.95642380721685,14.245954643467162,7.044429115635762,-70.62263097092831,1.1845287832450082
1759927581817004300,1868.0570043945313,598.4884748300537,1.175795288721525,38.40330820669175,-33.446728536737645,572.673781379126,169.0850620878001,14.245954661201857,7.2713186170613815,-70.62262290756387,1.6036570240542924
1759927582816757200,1869.0567573242188,599.9987030085176,0.7504426602060771,59.4432012417154,-33.44674092795639,574.1840095575899,178.2231922537787,14.245954610672529,7.694273771631518,-70.62263851093137,0.9277493700519621
1759927583816523500,1870.0565234375,599.6496363468468,0.9998565843639542,83.55574864275059,-33.446757624501934,573.8349428959191,174.4667402016346,14.245954618872494,8.07142496304649,-70.62265091661247,0.9223320619306207
1759927584816301600,1871.0563015136718,599.5656581465155,0.9156788823827596,72.59284954090221,-33.44677160385835,573.7509646955878,169.61906101116026,14.245954639535958,8.474194074329937,-70.62266489951055,1.0016414110957674
1759927585816092400,1872.0560925292968,599.6056448481977,0.9254770126136835,61.124505749861264,-33.446786672963086,573.79095139727,164.3852093725345,14.245954640152581,8.80712453893902,-70.62266565006767,1.1880468356813434
1759927586815894000,1873.0558940429687,599.7472116909921,0.9608537184692482,67.81507371298306,-33.446798726734464,573.9325182400644,162.14742217514024,14.245954641533721,8.943099662952415,-70.6226662582631,1.1306187024179746
1759927587815705900,1874.055705810547,599.9714514091611,0.8868060801237408,52.820332115616864,-33.44681775204981,574.1567579582334,160.8039581970112,14.245954675446601,9.023748333537279,-70.62266575717719,1.3593254256416718
1759927588815529500,1875.0555295410156,600.4975900771096,0.9869212038434216,60.87726967578804,-33.446828009026696,574.6828966261819,153.45339737090498,14.245954644432762,9.235972884901924,-70.62266254304069,1.1095019317427817
1759927589815359500,1876.055359375,600.6313341399655,1.0073568020655657,71.07773823286068,-33.446835021587304,574.8166406890377,146.03648064588606,14.24595464140802,9.369354611607989,-70.62265549573556,0.8779688847204526
1759927590815199200,1877.05519921875,600.468397163786,1.0192233099469163,84.37298955982325,-33.446848548719004,574.6537037128583,153.87518207496203,14.245954644688382,9.579212616409746,-70.6226550059223,0.8521766993294106
1759927591815048200,1878.0550480957031,600.5330640533939,0.9802489692227351,89.62648015981398,-33.446859022013214,574.7183706024662,154.52464005274985,14.245954646427078,9.781148053848183,-70.62265150188304,0.8062292806546689
1759927592814904300,1879.054904296875,600.5229810504243,0.7567274422580701,65.13544367057393,-33.44686784804197,574.7082875994965,149.66967945088314,14.245954675079776,10.232207076206018,-70.62264423560204,0.8602056365391427
1759927593814766300,1880.0547663574218,600.5398812443018,0.9435955892447133,79.01416365052818,-33.44687512363322,574.7251877933741,145.95550581742117,14.245954681982937,10.608470241367998,-70.62263753578762,0.8859092107341265
1759927594814634200,1881.0546342773437,600.9986086757854,1.1611188528757452,180,-33.44687386568886,575.1839152248576,145.77275488177523,14.245954617080299,9.956745317715189,-70.62263980096095,0.3457901642232683
1759927595814486500,1882.0544865722657,601.0892737610266,1.3850567912741265,180,-33.44686964892057,575.2745803100988,145.77275541908668,14.245954595746214,10.044601747448707,-70.6226401127922,0.06658214761245408
1759927596814311000,1883.0543107910157,600.8225119737908,1.4271446927279927,180,-33.446872798090894,575.0078185228631,145.77275526408576,14.245954599240129,10.560007990071593,-70.62264044701595,0.12281955089099623
1759927597814280700,1884.0542807617187,600.4435211461865,0.4755343626834274,23.902151685288246,-33.44692008748489,574.6288276952588,190.27985677957074,5.395098609459214,5.889572961495923,-70.62264564937729,0.7786925435066223
1759927598814143200,1885.0541433105468,600.7943089911714,1.4925913670711477,180,-33.4468770742857,574.9796155402437,145.7727536987619,14.245954611409394,9.965860448586309,-70.62263778098291,0.2656418333808508
1759927599814071300,1886.0540712890624,600.4017072506249,1.3799801320657008,180,-33.44687943330724,574.5870137996972,145.77275371411594,14.245954600359127,11.05931623892934,-70.62263833407562,0.12580981201945815
1759927600813973000,1887.0539729003906,600.1940363878384,1.3694390517747492,180,-33.44687967416958,574.3793429369107,145.77275077406398,14.24595459633904,10.456756552869038,-70.62263161676493,0.10958596866427654
1759927601813878500,1888.0538784179687,600.5604566019028,1.1844081981822283,180,-33.446883653797904,574.7457631509751,131.45892842818992,14.24595459892177,9.950651143275868,-70.62262572935181,0.338485383053064
1759927602813789000,1889.0537888183594,600.6688762828708,1.3828081314318357,180,-33.44688468927742,574.854182831943,131.45892714028997,14.245954595892183,9.959327959857468,-70.62262291415907,0.15988495504125425
1759927603813703000,1890.0537028808594,600.7624698774889,1.3280500771051638,180,-33.446891122463285,574.9477764265612,131.45892356823936,14.245954591940217,10.395237049560528,-70.62261758649956,0.11002582191859976
1759927604813620000,1891.053619873047,600.6405071103945,1.3351451772267926,180,-33.44689467685748,574.8258136594668,131.45892197029403,14.24595459140821,10.612244098766862,-70.62261567439342,0.06034274192712538
1759927605813540400,1892.0535402832031,600.6393928900361,1.3425489328455353,180,-33.44689039951659,574.8246994391084,131.45892226020436,14.245954593298618,10.42795070323293,-70.6226134912712,0.10358065843563932
1759927606813464000,1893.0534641113281,600.7984980475157,1.3796586308622765,180,-33.44689717843176,574.983804596588,152.3260126645041,14.245954600380616,10.455256792467345,-70.62261746203528,0.23388993086446166
1759927607813390600,1894.053390625,600.8529480239376,1.324667355718175,180,-33.446895686719884,575.0382545730099,152.32601261292493,14.245954593903715,10.605643778531745,-70.62261642313335,0.10603267707799492
1759927608813319700,1895.053319580078,600.7145765274763,1.3382834892957358,180,-33.44689517936037,574.8998830765486,152.32601239202347,14.245954592642976,10.54576305173294,-70.62261536257049,0.054645110050465476
1759927609813251600,1896.0532514648437,600.781068011187,1.3382214351118276,180,-33.44689740664034,574.9663745602593,152.32601187098567,14.24595459244608,10.860104544581917,-70.62261483393752,0.046306411974102485
1759927610813186000,1897.0531860351562,600.7694419296458,1.2775523115981129,180,-33.44689728563353,574.9547484787181,152.32601190663453,14.245954590575254,10.701152246011297,-70.6226148881881,0
1759927611813122300,1898.053122314453,600.8830015789717,1.306749875348319,180,-33.44689850133963,575.068308128044,152.3260116935314,14.245954591086742,10.556033617405111,-70.6226148475785,0.011849624839268878
1759927612813060900,1899.0530607910157,600.7743627978489,1.3292842670883114,180,-33.446898949019925,574.9596693469211,152.3260106284343,14.245954593009516,10.86770575680205,-70.62261140148088,0.04663199956740722
1759927613813001200,1900.0530012207032,600.9013583539054,1.4161215304555541,180,-33.44689661213637,575.0866649029776,152.32600947769592,14.245954596022703,10.810716075482125,-70.6226060530803,0.129986690826829
1759927614812942600,1901.0529426269532,600.8065425809473,1.3696799140484606,180,-33.44689485327371,574.9918491300195,152.3260085245858,14.245954593871083,10.927604300443251,-70.62260172502106,0.12227583081188213
1759927615811868200,1902.0518681640624,600.7650649417192,1.324166198222182,180,-33.44689378259657,574.9503714907914,152.32600819535475,14.245954591901093,10.93198146190278,-70.62259996313871,0.06933377940248775
1759927616811574800,1903.0515747070312,600.9220667555928,1.9006926111369669,180,-33.446893713808784,575.1073733046651,152.32600781062652,14.245954595202434,10.950506609124643,-70.62259858554648,0.18103719710265376
1759927617811521500,1904.051521484375,600.7538892924786,1.3524844240922047,180,-33.44689222522517,574.9391958415508,152.3260075170482,14.2459545926875,10.9789007350335,-70.62259670685378,0.10965586545755392
1759927618811177700,1905.051177734375,600.7377213742584,1.258889820123133,180,-33.44689216978732,574.9230279233307,152.32600758286065,14.245954590575254,10.979319169493085,-70.62259690378423,0
1759927619811276000,1906.0512761230468,600.7377213742584,1.1764716818476004,180,-33.44689216978732,574.9230279233307,152.32600758286065,14.245954590575254,11.38788860153039,-70.62259690378423,0
1759927620811227400,1907.0512272949218,600.8322914214805,1.18964049415121,180,-33.44689216678404,575.0175979705527,152.32600635417182,14.245954591156721,11.164693024504773,-70.62259262908277,0.028127673683034315
1759927621811261000,1908.051260986328,600.7001639027148,1.3288358864755334,180,-33.44689190784955,574.8854704517871,152.3260062835945,14.245954591533309,11.75149895832887,-70.6225922344396,0.04006215255687125
1759927622811082000,1909.05108203125,600.8559678941965,1.2705970468221226,180,-33.44689176346968,575.0412744432688,152.32600639076708,14.245954590575256,11.60731734754508,-70.62259252395823,0
1759927623811035400,1910.0510354003907,600.8559678941965,1.2239286122855175,180,-33.44689176346968,575.0412744432688,152.32600639076708,14.245954590575254,11.405308913778736,-70.62259252395823,0
1759927624811188700,1911.051188720703,600.8559678941965,1.2584908862719155,180,-33.44689176346968,575.0412744432688,152.32600639076708,14.245954590575256,11.357157002936004,-70.62259252395823,0
1759927625810332700,1912.0503327636718,600.5100150583312,1.191977753156342,180,-33.446891711791395,574.6953216074035,152.32600569141877,14.245954591226008,11.254693864716055,-70.6225900620802,0.017783044743602275
1759927626810332400,1913.0503325195311,600.5568624284034,0.41233343140402573,57.581444796472034,-33.44689052346212,574.7421689774757,81.21393010269635,5.050976253996985,6.077362974674675,-70.6226029154911,0.2855781614780426
1759927627810331000,1914.050330810547,600.5920452545419,0.39842953004349463,10,-33.44688817604893,574.7773518036141,81.34121505453608,5.155586850836771,6.328766778098425,-70.62258982017197,0.9344493746757507
1759927628810830600,1915.0508305664061,600.6284835308677,0.34946137899337826,10.420165521716442,-33.44688637965926,574.81379007994,84.68916194382004,5.2131278092487054,5.926279199653072,-70.62257602673628,1.3417494297027588
1759927629810789000,1916.0507890625,601.014463330619,1.2064176542917997,73.6151638139682,-33.44687622597489,575.1997698796913,95.95361889032611,14.245954599357582,11.140310718728495,-70.622544820399,1.1491093416391691
1759927630809996300,1917.0499963378907,600.4348068675026,0.9661433695944969,104.46406024874436,-33.446874747081324,574.6201134165749,96.51419676206999,14.24595459725928,10.821124485501864,-70.62253988210415,0.7179825208105026
1759927631809957000,1918.04995703125,600.0628631561995,1.138042183479105,90.49465517733714,-33.44687270679215,574.2481697052717,96.59296389817416,14.245954602799307,10.580675717201473,-70.62253017955297,0.6934080191374836
1759927632809917400,1919.0499174804688,600.4268990820274,1.1127683308159646,137.12030239991776,-33.446868820779244,574.6122056310996,92.34047549412578,14.245954598935455,10.211872740284871,-70.62252248082841,0.4943144768084942
1759927633809880300,1920.0498803710936,600.0096558453515,1.1723850471245578,78.81194763015954,-33.446868853691846,574.1949623944238,94.92195108560274,14.245954604266002,10.078366198916486,-70.62250674584142,0.7865030045049684
1759927634809842000,1921.0498420410156,599.8807262415066,1.1090298184771865,63.48664985826968,-33.44686930970385,574.0660327905789,94.54976217482368,14.245954618682925,10.065639889510981,-70.6224904795481,0.9888673077901097
1759927635809804800,1922.0498046875,600.149007990025,0.8858075763590944,69.68099073259005,-33.44687309287784,574.3343145390972,100.58922869984012,14.245954627853655,10.16758110577731,-70.62247825430704,0.9877455989836366
1759927636809767700,1923.049767578125,600.5308810537681,0.9317199432055961,118.95489645908269,-33.44687870473368,574.7161876028404,111.33087002636579,14.245954613876785,10.172896659456619,-70.62247717365032,0.5674332161507183
1759927637809731800,1924.0497319335936,600.3581556007266,0.9930412268410631,110.1035803037359,-33.4468888398344,574.5434621497989,128.64968282408591,14.245954632663132,9.916616124887009,-70.62247469826815,0.6446974293875566
1759927638809695500,1925.0496955566407,600.3224397813901,0.944149979804171,122.89679572025626,-33.44689902775772,574.5077463304624,139.87820455643393,14.245954632431943,9.910743535066059,-70.62247600019391,0.605076952213703
1759927639809659000,1926.0496589355469,600.3094963049516,0.897483300303182,83.66575263179378,-33.446915209108035,574.4948028540239,150.2834238761559,14.245954636581283,10.075050920787795,-70.62247420518946,0.8598907176997292
1759927640809624300,1927.049624267578,600.3994038067758,0.9542798695686241,59.25297915701859,-33.44693442294717,574.5847103558481,158.08733582320696,14.245954649419257,9.952888825595634,-70.62247176261833,1.2924491581569475
1759927641809589500,1928.0495895996094,600.4918596465141,0.919490997810441,52.92859976631658,-33.4469505335022,574.6771661955863,163.63398635892474,14.245954643359127,9.911710477831969,-70.62247234308968,1.3999421318103333
1759927642809554700,1929.0495546875,600.6767615145072,0.9601898596993181,49.29256112298576,-33.44696754875129,574.8620680635795,165.53660840438883,14.245954657264457,9.770700412805022,-70.62247083775875,1.5345226635047884
1759927643809520000,1930.0495200195312,600.7319099539891,0.9480342915005148,57.9024256770141,-33.446978903521575,574.9172165030614,165.9367417319083,14.245954641721356,9.811551192288382,-70.62246985182948,1.313996142538917
1759927644809485800,1931.0494858398438,600.4388374341652,0.761024158448752,46.80975766117207,-33.44699350388701,574.6241439832374,164.49360782413132,14.245954647635383,10.418373867192852,-70.62246610632175,1.2978942145529064
1759927645809452300,1932.0494523925781,600.4092838764191,0.8066609071040115,42.2278516311393,-33.447011852701294,574.5945904254913,166.0650322883831,14.245954631800787,10.423919339716445,-70.62246282612381,1.5308648964183789
1759927646809418000,1933.04941796875,600.4043004885316,0.7232492167866326,59.50823560684802,-33.44702089442936,574.5896070376039,158.84237482021186,14.245954623915434,10.884416629022,-70.62245821216393,0.9742436232058289
1759927647809384700,1934.049384765625,600.3190538631752,0.8016284502124617,50.32961794868035,-33.44703693467592,574.5043604122475,162.65796527290053,14.245954620122008,10.660170705387934,-70.6224559411529,1.2500685274718686
1759927648809351400,1935.0493513183594,599.9108675736934,0.8911095686234601,53.10146885184677,-33.44704821093167,574.0961741227657,160.79846951596932,14.245954626401511,10.337373583999986,-70.62245114158375,1.1221530505215398
1759927649809319000,1936.0493188476562,600.2825108589604,0.8324719147097042,50.53508010402034,-33.44706314035107,574.4678174080327,158.11740941941054,14.245954649410528,10.245944165084314,-70.62244414601189,1.3151059709261428
1759927650809285600,1937.0492856445312,600.8482693145052,0.9107724208709455,80.09907080557181,-33.44706399672165,575.0335758635774,149.36316901993197,14.245954630584887,10.364802139936067,-70.62244015591823,0.7700535483905118
1759927651809252900,1938.0492529296876,600.5586355002597,0.7538762112938759,71.9385171682289,-33.44707503784717,574.743942049332,156.0762413625866,14.24595463702075,10.489182680252588,-70.62243913898087,0.7901786814534159
1759927652809220600,1939.049220703125,600.2084843078628,0.7809907920835693,64.39028861691227,-33.447087717528646,574.3937908569351,157.26277135089433,14.245954638459056,10.343029470699488,-70.6224348465288,0.9464154891813213
1759927653809187800,1940.0491877441407,600.2504652906209,0.7897640112261302,67.20211659676845,-33.44709688401687,574.4357718396932,155.89206293584343,14.245954637013988,10.106442483373128,-70.62242933425648,0.9372162251067048
1759927654809155000,1941.0491550292968,599.9870073907077,0.8641905758959924,48.06887733335087,-33.44711638050223,574.17231393978,158.14807808329564,14.245954649571823,9.849958241364929,-70.62242330472806,1.3957241702870349
1759927655809123600,1942.0491235351562,599.782706854865,0.9426692868532442,50.40814678973445,-33.44713122613357,573.9680134039372,158.51784652695423,14.245954635741132,9.733030912819961,-70.62241733219946,1.4229567320026009
1759927656809091600,1943.0490915527344,599.5714045334607,0.9364638352666076,45.39668689330102,-33.44714457121363,573.756711082533,157.8781640225,14.245954637583115,9.438104785768067,-70.62241123609725,1.5250928787980162
1759927657809059000,1944.0490590820314,599.9244093550369,0.7241793785699724,36.105773242807054,-33.447158446335045,574.1097159041092,158.24928743463468,14.245954615317569,9.920779660209044,-70.62240698416687,1.6024546195234675
1759927658809027000,1945.0490270996095,600.253890754655,0.7190241414488998,37.00539512936985,-33.44717369759941,574.4391973037273,167.77223426824935,14.245954592070351,10.25398091559251,-70.62240896054534,1.5726116047436647
1759927659808995800,1946.0489958496094,600.9758816156536,0.7700895275427974,33.848846213383126,-33.44718954843158,575.1611881647259,162.06969832021633,14.245954635340812,10.219185226993334,-70.62240270522065,1.6005976189411226
1759927660808964400,1947.0489643554688,600.4987220074981,0.7185206472110145,36.167913869466354,-33.447204879203284,574.6840285565704,166.8766720963544,14.245954622682612,10.437133955245667,-70.62240212590193,1.6087550353083597
1759927661808932900,1948.048932861328,600.6228897869587,0.7186673941758579,35.544027477464056,-33.44722047208664,574.808196336031,160.3679424673314,14.2459546221772,10.491929249848019,-70.62239431334861,1.6378508947600041
1759927662808900900,1949.0489008789064,600.0530704082921,0.7684445954801423,34.87627443396577,-33.447233557264795,574.2383769573644,158.22073812338982,14.245954594941384,10.531814051093644,-70.6223898775324,1.5521350949801789
1759927663808870000,1950.048869873047,599.8809188390151,0.769702671993743,34.87651381602575,-33.447248623637755,574.0662253880873,163.20871721340256,14.245954554590275,10.731962039805428,-70.62238521589786,1.5640015345541096
1759927664808838400,1951.0488383789063,599.7908152174205,0.7536635285275197,35.9353885854045,-33.44726293284506,573.9761217664927,157.82161549356593,14.24595456206498,10.84519414347964,-70.6223768331401,1.5549666547161836
1759927665808807400,1952.0488073730469,599.8179267598316,0.7363392238807765,35.866641857361856,-33.447280392124554,574.0032333089039,159.41870493554717,14.245954548781969,10.880408112406396,-70.62237345960972,1.5974722841137117
1759927666808776000,1953.0487758789063,600.0230660336092,0.7192759041127669,36.82058912075857,-33.447294631753934,574.2083725826815,154.58598812615557,14.245954587379458,10.994435065525634,-70.62236423965561,1.5792999763394084
1759927667808745500,1954.0487453613282,599.7976307496428,0.720067254060594,37.478882154636565,-33.44731164643449,573.9829372987151,161.22262360345218,14.245954595106763,11.194970976154952,-70.622361810735,1.547245751974231
1759927668808713700,1955.048713623047,599.7315371911973,0.7320844105885432,35.991782287069,-33.44732839683709,573.9168437402695,165.69773738048073,14.24595455901821,11.288201992503568,-70.62235905300143,1.598217820674154
1759927669808683000,1956.0486831054689,599.4095602696761,0.742891881196763,35.31798720439698,-33.44734300075735,573.5948668187484,167.38703217578643,14.24595455988496,11.617700330112138,-70.62235425872692,1.5980468977225473
1759927670808652300,1957.04865234375,599.4851011969149,0.7342947993478727,35.733176617038275,-33.447358330057384,573.6704077459872,168.71440163942492,14.245954568239945,11.783277749357309,-70.62235173429848,1.5985859755395189
1759927671808621300,1958.0486213378906,599.575398651883,0.726407223719568,36.04278924869541,-33.44737310094093,573.7607052009553,167.2842082655827,14.245954594421901,11.934366752437956,-70.62234769621844,1.6001212013983988
1759927672808590600,1959.0485905761718,599.425565094687,0.7373039469101463,35.66153574617067,-33.44738696877644,573.6108716437593,168.71779695636621,14.245954600672007,11.987569356498799,-70.62234422372455,1.593821081232472
1759927673808559400,1960.048559326172,600.5119385682046,0.7905085230548826,33.6900327371691,-33.44739911720834,574.6972451172769,164.13039628913432,14.245954668035404,12.26004262050824,-70.62233792441526,1.54877235739609
1759927674808528400,1961.0485283203125,600.4211885957047,0.7481097868642189,35.389432784110504,-33.447414846796114,574.606495144777,167.30502226624296,14.24595470898909,12.05965563158169,-70.62233647948523,1.5908723052073508
1759927675808497400,1962.048497314453,600.592688659206,0.7507026266477421,36.08184085040124,-33.44742892493846,574.7779952082783,163.55008723524102,14.245954689694216,12.443607237846436,-70.62233065784461,1.5476858318414324
1759927676808467700,1963.0484677734376,600.1694974163547,0.7221861926290449,36.46580033624149,-33.44744250287544,574.354803965427,161.74331400814842,14.245954677292929,12.58277406892046,-70.62232468841287,1.5884288133141131
1759927677808436500,1964.0484365234374,599.6869586249813,0.7606948905414399,34.69545297373399,-33.447458642158736,573.8722651740536,168.13301404735685,14.245954621945025,12.27381787295539,-70.62232486618083,1.5806059158243204
1759927678808406000,1965.0484060058593,599.272289111279,0.806947543838541,33.50467003918776,-33.44747115235873,573.4575956603512,167.12595870950068,14.245954564125423,12.302094995195146,-70.62231971242277,1.4929081592186937
1759927679808375000,1966.048375,599.1953857289627,0.7856788971694979,34.47152061139322,-33.44748472602448,573.380692278035,162.79490936928897,14.245954554139178,12.051054119843947,-70.62231570452461,1.5411217941767943
1759927680808344800,1967.0483447265624,599.1080224011093,0.7703393261321521,34.70817695261952,-33.44749904199,573.2933289501816,162.3704830963724,14.24595455083786,12.218528952062321,-70.6223117620545,1.5661586663571088
1759927681808314400,1968.048314453125,599.0474371192977,0.7621765086048427,34.70810442625285,-33.44751427771979,573.23274366837,161.32445121232678,14.245954541633187,12.095432977602586,-70.62230760338315,1.5822138231501643
1759927682808283400,1969.0482834472657,598.7137925531715,0.800385903405575,33.76771168727187,-33.447530363188534,572.8990991022438,166.04103904188582,14.245954523450942,12.220197704754842,-70.62230515121762,1.5083458582843705
1759927683808253700,1970.0482536621093,598.831004708074,0.7599657187755094,35.69252807989318,-33.447543939225305,573.0163112571463,160.17930440434563,14.245954523197652,11.996331982932285,-70.62229823328896,1.5511587995885363
1759927684808222200,1971.0482221679688,598.9241634262726,0.7328639735835967,37.09380258177848,-33.447557648637186,573.1094699753448,161.11604257520597,14.245954538288716,12.111438796951914,-70.62229309520558,1.543629148570868
1759927685808192300,1972.0481921386718,598.1144705777988,0.8301171766875935,31.842087966944582,-33.44756994003083,572.299777126871,157.97909544139048,14.245954533500989,11.96880776195388,-70.62228738660033,1.4651828600288266
1759927686808161800,1973.0481618652343,599.1826865309849,0.717756940644107,36.92681156642699,-33.44758694253997,573.3679930800572,170.38027246651575,14.245954493947215,11.91120266944259,-70.62228935748307,1.575493406766782
1759927687808131300,1974.0481313476562,599.2283203434199,0.7244592478831565,36.831274403378124,-33.44759928338286,573.4136268924922,168.74515608929178,14.245954565790873,12.20135665314916,-70.62228543641857,1.5713194329930966
1759927688808101000,1975.0481010742187,598.7641056412831,0.740372961874436,35.55040561804522,-33.44761289889328,572.9494121903554,165.2405592941142,14.245954577624433,12.348510178041785,-70.62228054767179,1.574186992650268
1759927689808070700,1976.0480705566406,598.9452624060214,0.7379272015750956,36.01694971050176,-33.447625160006936,573.1305689550936,158.02473875395958,14.245954569258483,12.336823205611019,-70.6222730022268,1.578775366644634
1759927690808040200,1977.0480402832031,598.906484070234,0.7349846488902343,36.34824893631516,-33.44763789998649,573.0917906193063,161.82316715953786,14.245954564304158,12.255542395451647,-70.62227062962135,1.568100090920572
1759927691808009700,1978.048009765625,598.4960237750784,0.774853893182729,35.21017130255713,-33.44764810620347,572.6813303241506,157.37119728222928,14.245954580755795,12.104597147259664,-70.62226373556285,1.5111677700896051
1759927692807979000,1979.0479790039062,598.7097982373089,0.7501367540306009,36.11470652901065,-33.44765983121721,572.8951047863811,155.9518280796145,14.245954568497428,11.690795307351836,-70.6222583912909,1.55376120835699
1759927693807948000,1980.0479479980468,598.895629869774,0.726934125846754,36.84644021774389,-33.4476722455743,573.0809364188462,166.2114301674311,14.24595454650498,11.649585488776866,-70.6222604750111,1.5709104390734447
1759927694807918000,1981.04791796875,598.9178518243134,0.7191892405518933,37.534903416423326,-33.44768446484246,573.1031583733857,166.51839938393778,14.245954573659018,11.533460727613022,-70.62225736811985,1.5489668932154954
1759927695807888400,1982.0478884277343,598.4864603830501,0.7434718464028809,35.79204986767556,-33.44769591904823,572.6717669321224,165.8390521051579,14.245954588380782,11.88297377639131,-70.62225359571234,1.5458540346065464
1759927696807857400,1983.047857421875,597.8242458254099,0.8232188978343807,32.16314532059108,-33.44770742359223,572.0095523744822,160.01533852335916,14.245954569309395,11.625439176519912,-70.62224675618728,1.5019093316954517
1759927697807827000,1984.047826904297,598.1726144123822,0.7613596197102964,35.09891332134875,-33.44772131344583,572.3579209614545,163.55548309135946,14.24595455435539,11.623539787265567,-70.62224643224563,1.552846317291236
1759927698807796700,1985.0477966308595,597.6394082019106,0.79599622786257,32.89375083432216,-33.447734036603215,571.8247147509828,162.22757568696676,14.24595454579544,11.43435820406338,-70.62224284377028,1.4970824485219583
1759927699807767000,1986.0477670898438,597.5822053216398,0.8249948349034616,32.74664961187123,-33.447747698967724,571.767511870712,165.43538016890503,14.245954506101022,11.562982207024302,-70.62224345771722,1.504508707910679
1759927700807736300,1987.047736328125,597.8826049575582,0.7609536231518886,35.61807097317346,-33.447761786972244,572.0679115066305,162.53307213487506,14.245954523739636,11.683172710601374,-70.62224077834081,1.54662416586781
1759927701807705900,1988.0477058105469,598.3370636263862,0.719278977024954,56.14270617772313,-33.44776984070828,572.5223701754585,168.81681633999287,14.24595454686946,11.628752929002948,-70.62224161735404,1.036233447558363
1759927702807675600,1989.0476755371094,598.4220137661323,0.8443873566880639,74.99344010341703,-33.4477753380637,572.6073203152046,159.54739971022414,14.245954597698674,11.38397301771338,-70.62223185041238,0.9101291617128711
1759927703807645400,1990.0476455078126,598.5886237332597,0.8956798744014556,92.87687648165765,-33.44778202148646,572.773930282332,161.47785306276222,14.245954600528481,11.359926542804793,-70.62223053945245,0.7774089687327289
1759927704807615500,1991.0476154785156,598.7183343227953,0.8661364505603549,89.65697513996933,-33.44778961119359,572.9036408718675,160.24529431660824,14.245954606510558,11.14650672921749,-70.62222846903474,0.7764033498828229
1759927705807584800,1992.0475847167968,598.7945711994544,0.8993255699707569,69.77842506772558,-33.447804480359395,572.9798777485266,165.01283507501378,14.245954600768325,11.031832571394624,-70.62222739658148,1.0406093130008711
1759927706807555000,1993.0475551757813,598.9056396167725,0.89445607247865,64.16357762440822,-33.44781548376941,573.0909461658448,156.80457390887614,14.245954598679955,10.655634335413312,-70.62221928718535,1.1083456411120283
1759927707807524400,1994.0475244140625,598.6327704554424,0.9079598656021921,64.76907702233201,-33.44782699175781,572.8180770045146,154.43173816752193,14.245954599425406,10.527014728037225,-70.62221408421662,1.0879092524267566
1759927708807493600,1995.0474936523437,598.069001105614,1.0706273034671403,67.85307172585442,-33.44783178303746,572.2543076546863,143.97993156929223,14.245954597819459,10.435790042211474,-70.622206906823,0.833987325929536
1759927709807463700,1996.047463623047,598.0240326328203,1.0972550201875169,73.57000286931931,-33.44784305680777,572.2093391818926,153.9054434974054,14.245954581205584,10.70241398269176,-70.6222050867897,0.7744367676774808
1759927710807433500,1997.04743359375,598.0220014853403,1.0721694172830052,75.44671894341302,-33.447853041893055,572.2073080344126,152.0720963136496,14.245954580586504,10.668422346661485,-70.62220099521728,0.756654088991373
1759927711807403500,1998.0474035644531,597.9679610105231,1.0852012169452765,90.49249989599804,-33.447859161081674,572.1532675595954,148.86372218958053,14.245954589362778,10.727646474416156,-70.62219819056166,0.6200585532245559
1759927712807372500,1999.0473725585937,598.2260933509097,0.8144155442516345,58.01343891486232,-33.44787232497638,572.4113998999819,150.95609819928268,14.245954603347041,10.698436001496994,-70.62219214956473,0.9146880583594271
1759927713807342600,2000.0473425292969,598.2872999003157,0.9767619350413351,95.23174674593284,-33.447878097288445,572.472606449388,149.60522425460965,14.245954620048396,10.272874936120965,-70.62218712326884,0.7807830397581077
1759927714807312400,2001.0473125,598.6675211144611,0.9644687873818076,63.48517344635944,-33.44789552595792,572.8528276635334,152.1383808259034,14.245954663225964,9.963447953090451,-70.62218001738208,1.204055187480648
1759927715807282000,2002.047281982422,598.7489423966035,0.9448271158250456,54.70639937771906,-33.44791154407115,572.9342489456758,156.05633006792615,14.24595464806656,10.090742954623648,-70.62217462753627,1.3341099891118624
1759927716807252500,2003.0472524414063,598.8227491630241,0.7767565291483448,47.36405101826817,-33.4479258658638,573.0080557120964,160.869828659729,14.245954653618531,10.16526647271922,-70.62217166821853,1.2995230908081892
1759927717807221200,2004.0472211914062,598.652327587828,0.7201369706774849,68.98417260291986,-33.44793301176034,572.8376341369003,157.5108743317783,14.245954635441509,10.263768163074632,-70.62216842151604,0.8425400000686291
1759927718807191300,2005.04719140625,598.9112870013341,0.7930003763403719,63.78932391486389,-33.447944250398166,573.0965935504064,163.6943606191808,14.245954622634434,10.388930851502352,-70.62216859414843,0.9115413496093018
1759927719807161000,2006.0471611328126,599.4556527556852,0.9353417010578537,53.884690740190976,-33.44795291158924,573.6409593047574,156.01860915696145,14.245954622377006,10.045557921145319,-70.62216190420946,0.966821345436259
1759927720807130600,2007.0471306152344,599.2996248519048,1.0161040239847035,78.3302807110818,-33.44796434353852,573.4849314009771,165.1041249144859,14.245954613135167,9.617790977166436,-70.62216413212282,0.8920029601880549
1759927721807100700,2008.0471005859374,599.0095041319728,0.9393924110343208,106.77257432712553,-33.44797123389029,573.194810681045,159.76360843954546,14.245954607121213,9.433355164484473,-70.62216149454211,0.7036428247673447
1759927722807070200,2009.0470703125,599.1565973516554,0.7328477418168904,71.1538146032945,-33.447982790334095,573.3419039007276,160.79389129339856,14.245954606672523,9.502712282628393,-70.62216101196407,0.8090605842354548
1759927723807040300,2010.0470402832032,599.0228645280004,0.7915529015238586,62.65497998653673,-33.44799617143572,573.2081710770726,158.98925730847992,14.245954609227669,9.930220615379248,-70.62215726012626,1.0225665546193952
1759927724807010000,2011.0470100097657,598.3184968326241,0.9062425900855526,44.36805952401675,-33.44801918877558,572.5038033816963,163.75155116003123,14.24595462163642,9.829683407150702,-70.62215543256872,1.3777971041140926
1759927725806980000,2012.0469799804687,599.0512537946925,0.8299082308756578,46.72971784273903,-33.44803503595971,573.2365603437647,159.85794298349913,14.24595463203578,9.612513545984333,-70.62215053749601,1.4241852661332268
1759927726806949600,2013.0469497070312,599.1085470207036,0.86033534182763,56.0559093909626,-33.44804827925551,573.2938535697758,161.2684725762367,14.24595462039486,9.698735349754324,-70.62215048125621,1.2215790104634763
1759927727806920000,2014.046919921875,598.9060132913291,0.8158118163469746,52.88237689276483,-33.44806495242086,573.0913198404014,160.11769367425333,14.245954632811454,9.592127616997598,-70.62214636660781,1.2480398847360434
1759927728806889700,2015.0468896484374,599.2644484462216,0.8772029474012397,52.141087296851246,-33.44807957847797,573.4497549952939,154.45196000623145,14.245954635722178,9.73339348761859,-70.62214023182653,1.3207987457118184
1759927729806858800,2016.0468586425782,599.3634699983522,0.7341949408180615,46.66637785614648,-33.448094392287246,573.5487765474245,159.15117587766585,14.245954632934223,9.78451986236048,-70.62213907084792,1.2203383505056693
1759927730806828500,2017.0468286132811,598.8273478280753,0.7371217180495581,42.44295382144953,-33.44811142060176,573.0126543771476,165.9990801045256,14.245954624353722,9.67653105442579,-70.62214049518063,1.336612661275129
1759927731806798300,2018.0467983398437,598.5010180436075,0.9209360554659863,51.204226608608415,-33.44812332048923,572.6863245926797,161.03439719121297,14.245954636197125,9.501779043750524,-70.62213604331271,1.2562277601175953
1759927732806768400,2019.046768310547,598.7699962006882,0.8831857789987684,66.29834030952895,-33.448132978270905,572.9553027497604,159.42133946655386,14.245954626145261,9.458025697724144,-70.62213591541708,1.045325125920619
1759927733806739000,2020.0467390136719,598.9996914882213,0.7209308235351147,74.40612305133135,-33.44814092853909,573.1849980372936,152.5054826057996,14.245954623756823,9.658765898968102,-70.62213010978171,0.7801402092556929
1759927734806708200,2021.046708251953,599.147862506099,0.7504896218569084,73.427758862869,-33.44815126507293,573.3331690551713,153.82245007331056,14.245954623341335,9.567433644725437,-70.62212877224013,0.7656381265734504
1759927735806678000,2022.0466779785156,599.1953588211909,0.7492993252269473,67.91011286787852,-33.448164023752014,573.3806653702632,156.51851779758894,14.245954624021644,9.47181057142136,-70.62212671003749,0.8302795106193445
1759927736806647300,2023.0466472167968,599.1742683453485,0.994265284355575,109.3265698542522,-33.44817329780083,573.3595748944208,157.72355671198574,14.245954614816798,9.142041142012681,-70.62212461863736,0.7063674470743249
1759927737806617000,2024.0466171875,598.7441296447068,1.0070952683125363,68.88397236168323,-33.44819128542673,572.9294361937791,157.73179287387057,14.245954642705117,9.067620164621873,-70.62211643277742,1.0941789584898096
1759927738806587100,2025.0465871582032,598.863455792889,0.9013390928281142,53.76973095904464,-33.44821113043159,573.0487623419613,159.3927361628677,14.245954644907998,9.249209339139819,-70.6221111248171,1.3491926177757918
1759927739806557200,2026.0465571289062,599.1770867658779,0.9344630921001634,58.66730106125559,-33.44822620414301,573.3623933149502,161.21864906016353,14.24595463556592,9.269563788725483,-70.62210835312624,1.2545028880193667
1759927740805138700,2027.045138671875,599.2981355115771,0.9593552124771296,62.64829740077814,-33.44824076212594,573.4834420606494,163.26517742626692,14.245954619715775,9.279660607364713,-70.6221042767041,1.191618475786954
1759927741805433900,2028.0454338378906,599.383232999593,0.8842304452411627,50.94810026368347,-33.448259798390346,573.5685395486653,165.5580671304114,14.245954616323097,9.310998514158806,-70.62210107989013,1.3331497261493996
1759927742805404000,2029.0454038085938,599.2453856375068,0.8603936394567206,45.374442043243214,-33.44827693588077,573.4306921865791,164.14276077670272,14.245954639355032,9.269101355937822,-70.62209193492086,1.521891651789956
1759927743805202400,2030.0452023925782,599.1036109197885,0.7216335840980481,52.284531929034536,-33.44828602467444,573.2889174688607,157.56436398800867,14.245954630231097,9.853098550234133,-70.62208442329059,1.1108209497938055
1759927744804830500,2031.0448305664063,598.9002009229735,0.8082747484123134,53.47981024355459,-33.448303091989644,573.0855074720457,162.09629547566385,14.245954626463476,9.773293219740244,-70.62208101283615,1.1774644747249285
1759927745804800500,2032.0448005371093,598.596555814147,0.8154627714002491,57.938571589011076,-33.44831696790843,572.7818623632193,160.21187086650312,14.245954621423804,9.773281643332728,-70.62207502980772,1.0167842625644923
1759927746804674800,2033.0446748046875,598.7757543828338,0.8327063711890245,58.95646053187189,-33.448331284820796,572.9610609319061,156.00594686586246,14.245954624098784,10.183365830808576,-70.6220673709343,1.1253952188977236
1759927747804906800,2034.0449067382813,598.1436509694904,1.0771046107344375,68.99090444598613,-33.44834167802864,572.3289575185627,160.91425032434748,14.245954610465425,10.18178118158352,-70.62206679080128,0.9323006865107936
1759927748804876300,2035.0448762207031,598.1110246023163,0.9243281327762832,66.3915112895079,-33.448351362310504,572.2963311513886,155.71787688929402,14.245954611640274,10.404176331184226,-70.62206169450664,0.8025270299403012
1759927749804681700,2036.044681640625,598.1902671977878,0.8615361049830504,67.76095733305446,-33.4483649215694,572.37557374686,162.12202158354822,14.24595460318545,10.487020917205761,-70.62206224397278,0.7988869492137856
1759927750804818700,2037.0448186035155,598.6678362349048,0.8765009610419591,61.61128662422648,-33.44838362416634,572.8531427839771,164.53306737660597,14.245954610587717,10.363805464911895,-70.62205959130321,1.1317103085907285
1759927751804789000,2038.0447890625,598.6273363865912,0.8542630056615741,61.773763038269436,-33.448397449488155,572.8126429356635,157.5297391140775,14.24595462051689,10.214066384490293,-70.62205209962715,1.1000889208573763
1759927752804520200,2039.044520263672,598.7451065750793,0.8605851601617445,54.816516104266505,-33.4484126885069,572.9304131241515,158.62633156251644,14.245954643029886,10.050560625317967,-70.62204889659638,1.2503618406054746
1759927753803849200,2040.0438491210937,598.5534939430654,0.8539023292876871,64.34952196966819,-33.44842335648582,572.7388004921377,161.20170403535084,14.245954635400327,10.105927021567863,-70.62204716785202,1.0483311022877713
1759927754803818800,2041.0438188476562,598.591114891693,0.8766384715142415,65.20046704594604,-33.4484365608542,572.7764214407653,164.3624684985481,14.245954634928372,10.061157090046885,-70.6220449013896,1.0492496635084445
1759927755803788800,2042.0437888183594,598.1658716211095,0.7933681388960216,43.0739075672405,-33.44845178004427,572.3511781701818,165.66489936511073,14.245954643337514,10.049470526572996,-70.62204320272606,1.2215033149028718
1759927756803759000,2043.043759033203,597.7623787429184,0.8569223725016497,41.51532669003275,-33.448468385960076,571.9476852919906,160.52654562563956,14.245954654147242,9.921363491755999,-70.6220382466,1.264391058702912
1759927757803728000,2044.0437277832032,597.6679201237857,1.073706512827992,54.842137925884884,-33.44847914300014,571.853226672858,156.0374838531659,14.245954643287169,9.825093681208742,-70.62203420717164,1.140358987779459
1759927758803698200,2045.0436982421875,597.915869595483,0.9563473280281591,50.129695106178175,-33.448500406646914,572.1011761445552,160.3019782911066,14.245954656803473,9.701405477680442,-70.62203096156702,1.3730334713626824
1759927759803667700,2046.0436677246093,598.0855011017993,0.9055364966668176,55.16481510685318,-33.44851081317188,572.2708076508716,151.06616546146947,14.245954677076494,9.586888307640228,-70.62202022036682,1.2994105413219346
1759927760803638000,2047.0436379394532,597.9044615887105,0.7961682784011016,48.94482223071513,-33.44852273569776,572.0897681377828,150.66066191851903,14.245954653352502,9.786406127380058,-70.62201480222518,1.1997820029056974
1759927761803608000,2048.043608154297,597.7241329969838,0.8250763271368451,53.2581018410774,-33.44853173741372,571.9094395460561,144.01792871052652,14.24595465220742,9.841188762426707,-70.62200625157365,1.0067081472474046
1759927762803577300,2049.0435773925783,597.9716933835298,0.9219550247174201,66.25378799668593,-33.448541373491516,572.156999932602,143.2887790349558,14.245954672978641,9.738875220950558,-70.62199963664018,0.9971030635555349
1759927763803547400,2050.043547363281,597.9413762483746,0.981066998390521,83.27135246940594,-33.44855006483318,572.1266827974468,146.67867843694384,14.245954653495954,9.590287790995472,-70.62199780166125,0.8101620230680139
1759927764803517400,2051.0435173339843,597.8627951582894,1.0967976191136983,74.87794598138153,-33.44856466763835,572.0481017073616,150.32142004912856,14.245954664651462,9.330254292070938,-70.62199319593944,0.9368846796056514
1759927765803486500,2052.0434865722655,597.8975307988003,0.8093524352349307,59.09740506367974,-33.44857551530203,572.0828373478726,150.14060969420314,14.245954648283577,9.74284003796494,-70.62199005229576,0.9043258109613234
1759927766803457000,2053.04345703125,598.0920599885285,0.9839210026515649,91.96249080686293,-33.44858558644636,572.2773665376008,155.57993752683078,14.24595463277082,9.570686247167835,-70.62199146000721,0.7411104562885539
1759927767803426300,2054.043426269531,598.0032540140674,1.0929065179077264,80.24389265449396,-33.44860000634892,572.1885605631396,154.1925622594337,14.245954658290243,9.286347148463022,-70.62198863774904,0.8800342483117588
1759927768803395800,2055.043395751953,598.7908286368474,0.7710696334339141,54.27979099543209,-33.44861698420054,572.9761351859197,157.2724910760892,14.245954645703929,9.63447157682308,-70.62198692135189,1.102608029648631
1759927769803366100,2056.0433662109376,598.8550321999937,0.9086572681079359,69.64204123580299,-33.44862675856046,573.040338749066,156.89027598935732,14.245954645085641,9.458684300577758,-70.62198698677788,0.952881568672458
1759927770803335700,2057.0433356933595,599.0737455962226,0.9070440076731737,80.06613561902306,-33.448637700304126,573.2590521452948,153.95984312557187,14.24595463218418,9.532949244339529,-70.6219848964429,0.8955242647558904
1759927771803305500,2058.043305419922,599.3866326408461,0.9224472036504386,84.72422439731353,-33.448649809117704,573.5719391899183,163.09991411892747,14.245954617911565,9.605415097240645,-70.62198971750094,0.7635307731443906
1759927772803275000,2059.043274902344,599.4644835246727,0.8948680416393672,81.66953434618289,-33.44866293137644,573.649790073745,165.58838658366284,14.245954620226843,9.931369121433217,-70.62198970518988,0.7621131839733433
1759927773803244500,2060.0432446289065,599.5452198218554,0.8876892767769073,80.13057242124782,-33.44867627514631,573.7305263709277,165.62026533392478,14.24595461619085,9.552030375849672,-70.62198787827893,0.8542639057346505
1759927774803214600,2061.043214599609,599.6854868531227,0.8264512363496501,74.64168247703817,-33.44868439053044,573.870793402195,164.30574208093,14.245954624607522,10.051216344717476,-70.62198661357054,0.8047972384178317
1759927775803184400,2062.0431843261717,599.6437383666635,0.8027419971781757,73.44268038081962,-33.44869495918898,573.8290449157357,164.4635725301208,14.245954628439137,9.9672682830953,-70.62198560342156,0.846805161185391
1759927776803154200,2063.043154296875,599.6131203398108,0.841540981232996,83.71233932510859,-33.44870576606233,573.7984268888831,158.61585990756157,14.245954628801229,10.076249830113742,-70.62197821158908,0.802559179381768
1759927777803124500,2064.043124511719,599.3864476140589,0.7986333332612612,71.65525727913217,-33.44871864270881,573.5717541631311,156.998830988379,14.245954652011916,9.949738806270307,-70.62197330116138,0.8845565705241202
1759927778803093800,2065.04309375,599.4517750088125,0.8076675181898251,63.48094961001507,-33.44873234687057,573.6370815578848,156.3195870945219,14.245954667122303,9.874615071860868,-70.62196967414827,1.021236959652766
1759927779803064300,2066.0430642089846,599.8559353034943,0.8164606671265833,58.14671813069068,-33.44874514536816,574.0412418525666,156.50925184082632,14.245954665759065,9.753397874923303,-70.62196795189945,1.0426000432427578
1759927780803033300,2067.0430334472658,599.6234277719632,0.9799992255616398,122.7471435779294,-33.44875058819087,573.8087343210354,154.40913042097748,14.245954630685224,9.446856577320826,-70.62196686477336,0.6374661610436086
1759927781803003400,2068.043003417969,599.6873724712059,0.9884401179080488,122.22672072445859,-33.44876035809217,573.8726790202782,153.58369205524446,14.245954632030102,9.286595458720216,-70.62196421915772,0.6416633205630039
1759927782802972700,2069.04297265625,599.5220296559855,0.769745785266569,42.677750895263685,-33.44878515059236,573.7073362050578,155.56641094122853,14.245954711345503,9.244107662143872,-70.62195446365756,1.4606048254514472
1759927783802942700,2070.042942626953,599.1329167867079,0.7524389612253282,38.893528376953526,-33.44879678334033,573.3182233357802,157.37649809505965,14.245954670551495,9.538925566847512,-70.62194923937703,1.4357086728716009
1759927784802912800,2071.042912841797,598.9177082227543,1.0486827797179652,76.46029126151109,-33.44880440812001,573.1030147718266,152.74309668370034,14.245954663385255,9.131413349703196,-70.62194390521198,0.9176383961133621
1759927785802882600,2072.0428825683593,598.8750956095755,1.090764983354326,95.05634803673993,-33.44881265355157,573.0604021586478,148.33206728174227,14.245954653626578,9.082113667384151,-70.62193831781612,0.7040601536374371
1759927786802852000,2073.042852050781,599.0499645629898,0.7786423165479823,57.94520186723073,-33.448826676085346,573.235271112062,150.72386324478325,14.245954658085262,9.286676826472553,-70.62192942771132,0.9466176623892814
1759927787802822000,2074.0428217773438,599.1525611970574,0.9592973825441358,92.34307464299881,-33.44883608542294,573.3378677461296,149.00151754452415,14.245954664074839,9.011562585624857,-70.6219247116711,0.8192628369146654
1759927788802792200,2075.0427922363283,599.3303291983902,0.8468853931818426,71.53340134082602,-33.448850333282714,573.5156357474625,153.24685925163902,14.245954670334939,9.121242838665717,-70.62192089803223,0.9414925977830926
1759927789802762000,2076.042761962891,599.1286729266867,0.828503602735453,82.18936566334317,-33.448859105965944,573.313979475759,152.71283211772592,14.245954654633659,9.110205646463584,-70.62191763056049,0.8084471335180756
1759927790802731800,2077.042731689453,599.2543532215059,0.9319250375195576,159.85345887185355,-33.44886268277946,573.4396597705781,147.14407516871273,14.245954626991406,9.106756740144068,-70.62191652133288,0.45883414178782966
1759927791802701600,2078.042701660156,599.472784540616,1.342947502701273,180,-33.44886874667615,573.6580910896882,145.88761582363333,14.245954606451223,8.96271503815769,-70.62191719013818,0.2104847075508002
1759927792802671600,2079.0426716308593,599.5234755957499,1.393866733781217,180,-33.44887871973428,573.7087821448222,145.88761438230648,14.245954617202448,8.721996100366118,-70.62191461509256,0.3583098237079267
1759927793802641000,2080.0426408691405,599.46855603531,1.4087178973310828,180,-33.44888284337596,573.6538625843823,145.8876126226136,14.245954608450898,8.606167751954395,-70.62191142370324,0.3403033236270386
1759927794802611200,2081.0426110839844,599.4185010204092,1.103152234998145,135.10437117878507,-33.44889713351229,573.6038075694814,154.13282687740042,14.245954627750782,8.408224962413147,-70.62190691788227,0.6522673812214858
1759927795802581000,2082.0425810546876,599.0218388717622,1.0859534406254359,144.2287464929877,-33.448899774925444,573.2071454208344,151.64130448750933,14.245954618639251,8.296252186986125,-70.62190358642334,0.47737241302824013
1759927796802549800,2083.0425498046875,598.8866649614647,1.3111639232045753,93.78618119666365,-33.44891256269302,573.071971510537,158.27755252989863,14.245954619654622,8.361186816496804,-70.62190159103707,0.61575503491313
1759927797802520800,2084.042520751953,598.8479181155562,1.2839598878131682,130.7500036771568,-33.44891941708424,573.0332246646285,160.89274966898867,14.245954618271073,8.449774415278691,-70.62189886508142,0.42787318325849233
1759927798802489900,2085.042489746094,598.5970303947106,1.4190618419716832,180,-33.448925710999674,572.7823369437829,163.03345844470198,14.245954618536192,8.411357959820416,-70.62189427020667,0.5672298066420305
1759927799802459100,2086.042459228516,598.5978625770658,1.3962885163957988,180,-33.44892410839532,572.7831691261381,165.36241900145862,14.245954599361273,8.317178091553755,-70.62189222134586,0.1912932680847117
1759927800802429400,2087.042429443359,598.5902159279212,1.38245358329711,180,-33.44892391535198,572.7755224769935,165.36241914469417,14.245954590575256,8.581156202556146,-70.62189243653515,0
1759927801802400000,2088.0423999023437,598.5902159279212,1.3724440055509668,180,-33.44892391535198,572.7755224769935,165.36241914469417,14.245954590575256,8.50056417237901,-70.62189243653515,0
1759927802802369500,2089.0423696289063,598.5902159279212,1.3677833424802919,180,-33.44892391535198,572.7755224769935,165.36241914469417,14.245954590575254,8.410897099729734,-70.62189243653515,0
1759927803802339000,2090.042339111328,598.3433491038159,1.3978780106711297,180,-33.4489323746899,572.5286556528881,165.3624142038682,14.245954591532833,8.467047850309433,-70.62188488746251,0.024131841707972838
1759927804802308600,2091.04230859375,598.3746961187571,1.3844703759566468,180,-33.448935912443766,572.5600026678294,165.3624141196713,14.245954591219856,8.530900055775833,-70.62188452086103,0.015997430612286635
1759927805802278400,2092.0422783203126,598.433869369328,1.25650799052775,180,-33.44893861964308,572.6191759184003,165.36241366566583,14.245954592234959,8.216157410599541,-70.62188369186511,0.04148820070701306
1759927806802248700,2093.042248779297,598.4368038037792,0.9473847914011233,180,-33.448938489775195,572.6221103528515,165.36241368793807,14.245954590575254,8.173286816135967,-70.62188373232719,0
1759927807802218200,2094.042218261719,598.4368038037792,1.0775973865493713,180,-33.448938489775195,572.6221103528515,165.36241368793807,14.245954590575254,8.356091768192334,-70.62188373232719,0
1759927808802188000,2095.042187988281,598.4368038037792,1.3813296459750661,180,-33.448938489775195,572.6221103528515,165.36241368793807,14.245954590575254,8.606849513359814,-70.62188373232719,0
1759927809802158300,2096.0421584472656,598.4368038037792,1.3742711394691405,180,-33.448938489775195,572.6221103528515,165.36241368793807,14.245954590575254,8.610601197361108,-70.62188373232719,0
1759927810802127600,2097.042127685547,598.4368038037792,1.3835390779818433,180,-33.448938489775195,572.6221103528515,165.36241368793807,14.245954590575254,8.687734446849346,-70.62188373232719,0
1759927811802097400,2098.0420974121093,598.5688124978915,1.3631852633092383,180,-33.44895190588319,572.7541190469638,165.3624089178354,14.245954593237178,8.856973526050695,-70.62187607604056,0.05013199891490907
1759927812802066700,2099.0420666503906,598.5733464611694,1.4081167419427805,180,-33.44895170522546,572.7586530102417,165.3624089522481,14.245954590575256,8.339526507507324,-70.62187613855824,0
1759927813802037200,2100.0420373535158,598.5733464611694,1.3975466288264389,180,-33.44895170522546,572.7586530102417,165.3624089522481,14.245954590575256,8.065537365814574,-70.62187613855824,0
1759927814802006300,2101.0420063476563,598.5733464611694,1.401089331187382,180,-33.44895170522546,572.7586530102417,165.3624089522481,14.245954590575256,7.998211308928659,-70.62187613855824,0
1759927815801976300,2102.0419763183595,598.5733464611694,1.3770626546528886,180,-33.44895170522546,572.7586530102417,165.3624089522481,14.245954590575254,7.923638209495163,-70.62187613855824,0
1759927816801946000,2103.041946044922,598.5733464611694,1.2963840584215167,180,-33.44895170522546,572.7586530102417,165.3624089522481,14.245954590575254,7.814513315637297,-70.62187613855824,0
1759927817801915600,2104.041915527344,598.7235719077289,1.4271139047776067,180,-33.44896706940241,572.9088784568012,165.3624011266598,14.24595459462889,8.114017762949846,-70.62186404402941,0.18307215503458416
1759927818801886200,2105.0418862304687,598.9834535326809,1.3899650250865396,180,-33.448972043542305,573.1687600817531,165.3624006800538,14.245954593932,8.29132726141563,-70.62186306649487,0.11514614704835066
1759927819801855700,2106.0418557128905,598.7913917340338,1.4130176994082089,180,-33.44897545381759,572.9766982831061,165.36239884144672,14.24595459496828,8.374362475835019,-70.6218602388978,0.17346972461972157
1759927820801825500,2107.041825439453,598.960860107094,1.418749827147518,180,-33.44897497063622,573.1461666561663,165.3623993752288,14.245954591502167,8.009000948731677,-70.62186102425974,0.051820242317423736
1759927821801795000,2108.0417951660156,598.997184028849,1.4188324114334774,180,-33.44897711852083,573.1824905779213,165.36240034010478,14.245954591971206,8.072423056501256,-70.62186223204598,0.051761273691741695
1759927822801764900,2109.041764892578,598.9973193081096,1.4286520373936502,180,-33.44897925462508,573.1826258571818,165.36239727745553,14.245954597399166,8.092364200890406,-70.62185777053313,0.17852746049247534
1759927823801735200,2110.041735107422,599.0045722397044,1.4940990400853005,180,-33.44898586113575,573.1898787887767,165.36239601717878,14.245954602615637,8.006358055908324,-70.62185553301717,0.4475363033998001
1759927824801704700,2111.041704589844,598.9780257232487,1.4971856259735328,180,-33.44898745706055,573.163332272321,165.36239873799508,14.245954599812366,8.361495142517136,-70.6218592515958,0.2773373071489866
1759927825801674800,2112.0416748046873,599.0612672092393,1.5074840430826768,180,-33.448992346371156,573.2465737583116,165.36240046881198,14.245954601523692,7.545330745312698,-70.62186134548068,0.3655995100620575
1759927826801644500,2113.04164453125,599.1148493085057,1.4491490755948675,180,-33.44899076665669,573.3001558575779,165.36240066688987,14.245954599131057,8.11945276266342,-70.62186173511161,0.15088835552554622
1759927827801613800,2114.041613769531,598.9088964611292,1.4368763216711005,180,-33.44898599043874,573.0942030102015,165.3623989029329,14.24595459314544,8.253853652613147,-70.62185958664081,0.0594412636656631
1759927828801583600,2115.0415834960936,598.8276501456276,1.4617491127393476,180,-33.448990697506915,573.0129566946998,165.36239873454235,14.245954599574235,8.021907574092348,-70.62185901951739,0.19168346289782598
1759927829801554200,2116.041554199219,598.9182047368959,1.4121650061367272,180,-33.44899142980599,573.1035112859681,165.3624001789808,14.245954593148259,8.047521682159447,-70.6218610017125,0.057739033648494
1759927830801523500,2117.0415234375,599.0651302393526,1.3860004365509613,180,-33.448991655645074,573.2504367884248,165.36240218639904,14.24595459216516,8.287209380433566,-70.62186381200756,0.05561889606552251
1759927831801494000,2118.0414938964846,598.9842437952757,1.416533790033311,180,-33.44899612787347,573.169550344348,165.36240432886467,14.245954594262868,8.27552801488351,-70.62186651467505,0.13346281533170604
1759927832801463600,2119.041463623047,599.0745736844838,1.427855566917977,180,-33.44899694453025,573.259880233556,165.3624056221177,14.245954593224377,8.40909381883084,-70.62186827810964,0.12012340818603472
1759927833801433000,2120.041433105469,599.0999885210767,1.4044344214448632,180,-33.44900141473224,573.285295070149,165.36240731647473,14.245954590575254,8.145167597863074,-70.62187035005256,0
1759927834801403100,2121.0414030761717,599.0999885210767,0.9541157432809326,180,-33.44900141473224,573.285295070149,165.36240731647473,14.245954590575254,7.945840246080277,-70.62187035005256,0
1759927835801372200,2122.0413720703127,599.0999885210767,1.377345973422732,180,-33.44900141473224,573.285295070149,165.36240731647473,14.245954590575254,8.305794597603482,-70.62187035005256,0
1759927836801342500,2123.041342529297,598.9141005314887,1.1690140853147906,180,-33.448997057595186,573.0994070805609,165.3624032083409,14.245954590575256,8.217657767567832,-70.62186487196168,0
1759927837801312500,2124.0413125,598.9141005314887,1.1708282983095957,180,-33.448997057595186,573.0994070805609,165.3624032083409,14.245954590575254,8.364458939982496,-70.62186487196168,0
1759927838801282000,2125.041281982422,598.95256331563,1.392131481339009,180,-33.4489966881148,573.1378698647022,165.36240458453952,14.245954591137954,8.716742549225893,-70.62186683534158,0.018239734053807976
1759927839801251300,2126.041251220703,598.9477525074035,1.330129207878727,180,-33.448996314906154,573.1330590564758,165.3624045877452,14.245954590575254,8.579113662426565,-70.62186686602375,0
1759927840801222000,2127.0412219238283,599.068257083185,1.3962274994374742,180,-33.44899709534748,573.2535636322573,165.36240546325405,14.245954593858002,8.701372650206746,-70.62186804387933,0.08581943919816568
1759927841801191400,2128.04119140625,599.0814477875829,1.3492858939369088,180,-33.44899681077275,573.2667543366551,165.36240551867928,14.245954590575254,8.353114955759292,-70.62186814186347,0
1759927842801161000,2129.041160888672,599.0814477875829,1.3801748916373748,180,-33.44899681077275,573.2667543366551,165.36240551867928,14.245954590575256,8.247661352827553,-70.62186814186347,0
1759927843801131000,2130.0411311035155,599.0569442426786,1.4252797488773798,180,-33.44900488459165,573.2422507917508,165.3624056377076,14.245954595106264,8.049122352852212,-70.62186774330785,0.16995363365998475
1759927844801100300,2131.0411003417967,599.0350728956982,1.0889833837780734,180,-33.44900754533514,573.2203794447705,165.36240720821903,14.245954590575254,7.737588489374634,-70.62186976777332,0
1759927845801070800,2132.041070800781,599.0613214178011,1.440573525539319,180,-33.44900292876769,573.2466279668733,165.36240896436277,14.245954590881835,7.647317441642193,-70.62187256385825,0.016546461016943487
1759927846801040100,2133.0410400390624,599.0898468568921,1.4498118748941564,180,-33.449000930640274,573.2751534059644,165.36240653125571,14.245954590929337,7.445822833925837,-70.62186927853122,0.022411309378510432
1759927847801010200,2134.0410102539063,599.0733277145773,1.4650238659037398,180,-33.44899710748756,573.2586342636496,165.36240602846348,14.245954591253776,7.3254065202109455,-70.62186883875451,0.035320661972438425
1759927848800980000,2135.040979980469,598.8929619509727,1.4553210811417825,180,-33.448996527532024,573.0782685000449,165.36240190447378,14.245954592903232,7.165274034768918,-70.6218630734884,0.11781520668449635
1759927849800949500,2136.0409494628907,598.8381956610829,1.4376688806880915,180,-33.44899170862257,573.0235022101551,165.36240098229763,14.245954590941766,7.713204846564626,-70.62186211310653,0.020216158306036097
1759927850800919800,2137.040919921875,598.9256270453334,1.4300438015540706,180,-33.448985018556904,573.1109335944057,165.36239750897727,14.245954590766411,7.8048914474331905,-70.621857692317,0.01314974948812601
1759927851800889600,2138.0408896484373,599.1771618425846,1.5086472680515786,180,-33.44897902971886,573.3624683916569,165.36239472032534,14.245954591467388,7.8224056062933665,-70.62185418626426,0.05970998291364128
1759927852800859600,2139.0408596191405,598.95311069116,1.4473196653794227,180,-33.448979659777095,573.1384172402322,165.3623921299892,14.245954594051486,7.838509884651864,-70.62185049529697,0.17825925581830704
1759927853800828400,2140.0408283691404,599.0248116999865,1.423803542379642,180,-33.448977930914715,573.2101182490587,165.36239117002543,14.245954591062613,7.786461197782604,-70.62184926504479,0.022075438292236547
1759927854800798500,2141.0407985839843,598.8301827702671,1.4036564109800558,180,-33.44897606181447,573.0154893193394,165.36239078662953,14.245954591339794,7.976339224723036,-70.62184885634329,0.03980951091194304
1759927855800768800,2142.040768798828,598.7530545601621,1.40941111589361,180,-33.448972066079094,572.9383611092344,165.36238843135882,14.245954591413044,7.992618670381938,-70.62184582066885,0.030019904672802848
1759927856800738800,2143.0407387695313,598.973582174629,1.4349051944679607,180,-33.44896815960183,573.1588887237012,165.36238333228604,14.24595459159341,8.05136267043143,-70.62183891589152,0.03840898293850406
1759927857800707300,2144.0407072753906,598.8889715336263,1.406619039548045,180,-33.44897570676525,573.0742780826986,165.36238538065214,14.245954590890353,8.036531606292366,-70.62184127046854,0.0075812080560539695
1759927858800678000,2145.0406779785158,598.910876144655,1.3209652302345394,180,-33.44898259341927,573.0961826937273,165.36238768376077,14.245954592047061,7.9252072760157475,-70.62184402999797,0.03595200166372142
1759927859800648200,2146.040648193359,598.9250667626038,1.3947216051520117,180,-33.44898605678777,573.1103733116761,165.3623881147677,14.245954590575254,8.192146098698167,-70.62184439393947,0
1759927860800617700,2147.040617675781,598.9348248830065,1.428065709948003,180,-33.44899384514905,573.1201314320788,165.3623902635895,14.245954596966355,8.154085669226339,-70.6218468730307,0.17351401573729497
1759927861800587800,2148.040587890625,598.9506075959653,1.3699577331846733,180,-33.448993146657195,573.1359141450375,165.36239038338076,14.245954590575256,8.058747943685685,-70.62184709065575,0
1759927862800557000,2149.040557128906,599.0702884150669,1.4106660457850744,180,-33.44900150862998,573.2555949641392,165.36239238867756,14.245954591507726,8.146253653494576,-70.62184932746551,0.03207733710169071
1759927863800527000,2150.0405270996093,598.944432111457,1.4178890840797205,180,-33.44900322707455,573.1297386605293,165.3623923561475,14.245954591157693,8.14818725519138,-70.62184916117243,0.01689360409228427
1759927864800497200,2151.0404970703125,598.9486451949924,1.4514236617967302,180,-33.44901229977021,573.1339517440647,165.36239397084978,14.2459546003212,8.053485979406764,-70.62185079825151,0.2141209742987809
1759927865800467000,2152.0404670410157,598.9086275789887,1.4070360286512218,180,-33.449013360222196,573.0939341280609,165.36239554714174,14.24595459513154,8.119192243002237,-70.62185294306624,0.0964197266758369
1759927866800321000,2153.0403210449217,599.1669317642227,1.3781903897784387,180,-33.44900785069724,573.352238313295,165.36239258770283,14.245954591179977,8.448761771463573,-70.62184916296178,0.022957133162901742
1759927867800111400,2154.040111328125,599.204771913588,1.372960744946991,180,-33.449008849378636,573.3900784626603,165.3623944546249,14.24595459228165,8.49158174974818,-70.62185172126951,0.05244506770211067
1759927868800080400,2155.0400803222656,599.1109534585848,1.4121508325850312,180,-33.44900619938166,573.2962600076571,165.36239370081933,14.24595459301561,8.458960858991015,-70.62185084584455,0.09402634903628422
1759927869800055000,2156.0400549316405,599.0171777205542,1.3927071555315025,180,-33.44900426139361,573.2024842696264,165.36239332636995,14.245954591742732,8.484813239852258,-70.62185045456839,0.03437415918419897
1759927870800358700,2157.040358642578,599.2573875207454,1.4252682731856936,180,-33.44899683957172,573.4426940698177,165.36239298645407,14.245954591682032,8.402984150243592,-70.62185049643175,0.03810113813737381
1759927871800328400,2158.0403283691408,598.8543459754437,1.4248192358464333,180,-33.448995334502996,573.039652524516,165.3623912086867,14.245954601007707,8.583526680216432,-70.62184809914746,0.2726780668186304
1759927872799778800,2159.039778808594,598.732172485441,1.4415136580869745,180,-33.44898874386443,572.9174790345132,165.3623877175761,14.245954595807452,8.39132907052453,-70.62184364634003,0.19941015389307334
1759927873800266800,2160.040266845703,598.4344105040655,1.3556483629038016,150.0726183564131,-33.44899184607936,572.6197170531377,162.49725294680513,14.245954608492204,8.442421429658257,-70.62184227531831,0.6779692205970457
1759927874800236300,2161.040236328125,596.8515964346007,1.0629086343212726,52.37134557668924,-33.448996823980806,571.0369029836729,154.3997275161766,14.245954620516823,8.579611837858767,-70.62183807451785,0.9760583887197426
1759927875800163600,2162.0401635742187,596.6596988262609,1.285810873920689,40.995577765003496,-33.4490066409795,570.8450053753331,161.09521480695165,14.24595463053381,8.990611762507493,-70.62183981335241,0.9829252270695428
1759927876799598800,2163.0395988769533,597.9741273149848,1.0162767936031198,80.21249454629736,-33.44901201034529,572.1594338640571,163.25021529011957,14.24595461859072,8.828191400260211,-70.62184083377211,0.9523379054636703
1759927877799569200,2164.0395690917967,598.4440600704402,1.0159481218428774,58.8503746894593,-33.44902700520255,572.6293666195124,157.4410825597881,14.245954643233214,9.200611656378564,-70.62183508063741,1.2754460675132677
1759927878800088800,2165.0400888671875,598.5567710651085,1.0106690628915929,59.69074589940395,-33.44904002404201,572.7420776141807,158.46703590638438,14.24595465462378,9.101174822521454,-70.6218333532157,1.2472168998837578
1759927879800124400,2166.0401245117187,598.4637439530343,0.9824638959732113,63.487258951409096,-33.44905352245,572.6490505021065,159.4418429297227,14.245954650733431,9.161379067157984,-70.62182879093999,1.2301165409551542
1759927880800093700,2167.04009375,598.0541733866557,0.9972618062419859,68.61497183214186,-33.449066015797875,572.239479935728,158.88715049589155,14.245954646490516,9.30477244487127,-70.62182468645123,1.1150576506931695
1759927881800063500,2168.0400634765624,598.186013231054,0.9782339852775427,61.75392396340588,-33.449082462657834,572.3713197801262,163.1562894293709,14.24595464406613,9.470919678890176,-70.62182369491207,1.2434392535191123
1759927882800033500,2169.0400334472656,598.2792367469519,0.9594622596273958,58.180754945134034,-33.44909770567195,572.4645432960242,169.6330826374186,14.245954651474287,9.376557303274256,-70.62182419104097,1.333393663509652
1759927883800003600,2170.0400036621095,598.7765617091209,0.9217913944701238,45.76558489773195,-33.44911428455147,572.9618682581931,172.97558330292696,14.245954678629037,9.344206449942138,-70.62182442970439,1.528125228418787
1759927884799974000,2171.039973876953,598.7512037996203,0.864902157988747,50.141224365121296,-33.449125931191496,572.9365103486925,167.50439590328023,14.245954693126547,9.246811357677915,-70.62182014700483,1.3682514431949504
1759927885799943200,2172.0399431152346,598.5786548228934,0.9766056389691634,68.36732241072586,-33.44913568501599,572.7639613719657,171.5570792378154,14.245954644513425,8.947646214117517,-70.62182290962191,1.154709203669085
1759927886799913200,2173.039913330078,599.0423859646544,1.0120270451380307,102.70521926017726,-33.449139625886026,573.2276925137267,170.38590631588593,14.24595462580559,8.36508075178017,-70.62182249851332,0.7750660356870382
1759927887799883000,2174.0398830566405,598.5693989200518,0.9687282223704882,61.68479502717936,-33.449156144007915,572.754705469124,169.12408076251748,14.245954666541481,8.561590627399417,-70.62181883538207,1.2537213944752437
1759927888799852800,2175.039852783203,598.7093728240579,0.9879514676847065,61.35066842475861,-33.44916781103675,572.8946793731302,164.80429897365343,14.245954668031628,8.128763196066659,-70.62181340448286,1.3036531774656508
1759927889799822300,2176.039822265625,598.8748375596479,1.1122885737183366,82.35150941028724,-33.44917496481801,573.0601441087201,167.9678005585206,14.24595463674724,7.012850781964558,-70.62181474992241,1.0885155767007386
1759927890799792400,2177.039792480469,598.8342345133424,1.1421388374202175,82.41870626425914,-33.44918695494055,573.0195410624146,168.19689034470863,14.245954631595918,6.285941446817609,-70.6218124928502,1.1180042331310658
1759927891799761400,2178.0397614746093,598.7374337669462,1.0593288304522424,81.04781354425702,-33.44919699107595,572.9227403160185,167.67598376267247,14.245954617401416,6.14030275315152,-70.6218114456496,1.0575442795780505
1759927892799731700,2179.039731689453,598.9236418604851,1.0216655409021345,157.96469586155547,-33.44919395042976,573.1089484095573,164.79174904877337,14.245954609399844,6.133424584603035,-70.6218122304979,0.5119732323215924
1759927893799701200,2180.039701171875,598.771774828434,1.026959552806099,109.31539772445859,-33.449206618449395,572.9570813775063,167.74967677218098,14.2459546129531,6.016116547098362,-70.6218184429435,0.7472209364712861
1759927894799671300,2181.039671386719,599.0748260589316,1.021911179836021,81.65595499229025,-33.44921996176856,573.2601326080039,169.86832556163654,14.24595461860074,6.042732355177611,-70.62182543735074,0.9963399392747082
1759927895799640600,2182.039640625,599.1285481480882,1.0484549183550442,74.54431156199803,-33.44923131455236,573.3138546971604,165.92664145295,14.245954623826037,5.947438307645692,-70.62182366597155,1.0895563268957917
1759927896799611600,2183.0396115722656,599.075749992393,1.0565959095230044,90.29633479145453,-33.44923614791411,573.2610565414652,163.56797336497758,14.245954615904015,5.821424098431156,-70.62182606954019,0.898449868893154
1759927897799580200,2184.039580078125,599.0786877684295,0.7671077578060993,58.22141842285174,-33.44924990268366,573.2639943175018,164.52677951852243,14.245954611343686,5.823192286297543,-70.62182447293183,1.0578749208248706
1759927898799551000,2185.0395510253907,599.0513033680618,0.8385681942732092,88.3585912959861,-33.4492553562068,573.236609917134,156.09327721820705,14.245954612916467,5.888519556753096,-70.62181780256626,0.7657021892366449
1759927899799520500,2186.0395205078125,599.0503149880096,0.9947425356183219,103.02147912877624,-33.44926684204098,573.2356215370819,156.99451734243027,14.245954613903885,6.02485741014154,-70.62181000633598,0.7790899422449673
1759927900799490600,2187.0394904785157,598.8689074171707,0.9434158977511825,130.4402359942791,-33.44927591123187,573.054213966243,155.1965060672858,14.245954610121235,6.786546056431195,-70.621809555233,0.5238937322148679
1759927901799460000,2188.0394602050783,598.4618464335799,1.3050833842051066,118.45557338705584,-33.449282052993276,572.6471529826522,145.47465458823842,14.245954608788697,6.902426073868158,-70.62179762312144,0.42276614873748025
1759927902799429400,2189.0394294433595,598.5667435983196,1.1214043408666023,118.06159032145277,-33.449297019123144,572.7520501473919,151.16790018994828,14.245954607619773,7.2314127884422,-70.62179492366744,0.5711400661705125
1759927903799399000,2190.0393989257814,598.083964927122,0.9923026644938951,74.18413295033967,-33.449314305492614,572.2692714761943,153.20527559407208,14.245954606410912,7.427246548020491,-70.62178306768008,0.6756303669477813
1759927904799369500,2191.0393693847655,598.3645898262039,0.8455783047953868,78.84259488126932,-33.44933175906915,572.5498963752761,152.8410965589867,14.24595460837843,7.748486098707217,-70.62177309299503,0.7783989665630693
1759927905799338800,2192.0393388671873,598.4394920412451,0.8335973941694422,51.362691028997254,-33.44935505939896,572.6247985903174,159.1671867648992,14.245954608593527,8.098349692012754,-70.62175895395197,1.3134261841432828
1759927906799308500,2193.03930859375,598.4354435456917,0.7185758299679041,50.83411422754152,-33.44936788912398,572.6207500947639,157.29542527714122,14.245954601969922,8.588978378653291,-70.62174652115534,1.1452792709583106
1759927907799278800,2194.0392788085937,598.1021215980873,0.7486315441283019,80.56911645281363,-33.44937453561351,572.2874281471595,157.71829335127404,14.245954596410254,8.819614990348043,-70.62174014440328,0.6945986731772112
1759927908799248600,2195.0392485351563,597.6789232604206,1.1359006634796807,69.2566641700717,-33.44938899030735,571.8642298094928,161.03030573459083,14.245954592121219,8.6243299881784,-70.62173535487787,0.8798930328479213
1759927909799218700,2196.03921875,597.7097857557237,1.0962250017698683,65.50510137821489,-33.44940552523163,571.895092304796,159.73369494763654,14.24595458620798,8.733548103765353,-70.62172899473995,1.0093509308085742
1759927910799188500,2197.0391884765627,598.0056448318064,0.7299929229411786,54.600888608455556,-33.449418038334045,572.1909513808787,157.4819606404514,14.245954590413483,9.058317180741327,-70.62172165734381,1.0549100679489685
1759927911799158300,2198.039158203125,598.5688767069951,0.9018877202767593,64.7360081989271,-33.44943064155864,572.7541832560673,158.1230535995788,14.245954591620645,9.25896955921383,-70.62171747478061,1.0197150406084172
1759927912799127300,2199.0391271972658,598.518212210387,0.9002014517540372,58.53483590777759,-33.44944722664155,572.7035187594593,158.38303546833998,14.245954595252972,9.480151868748024,-70.62171035170006,1.214985927023182
1759927913799097900,2200.0390979003905,597.9917444242164,0.7735593726996558,44.97129849420938,-33.44946204020027,572.1770509732887,159.13811488033807,14.245954593570548,9.579600783748148,-70.62170533084347,1.209671904726825
1759927914799067100,2201.0390671386717,598.0947878761217,0.7633120049681225,53.81809391941248,-33.44947535558847,572.280094425194,160.16437561402518,14.245954581163293,9.546733379837647,-70.62170149669265,1.020080520348129
1759927915799037400,2202.0390373535156,597.8351200371981,0.8450809896941351,59.72449668232322,-33.449485743811564,572.0204265862703,156.05044741618536,14.245954598470679,9.852532547346755,-70.62169719493662,0.8618254312518873
1759927916799007500,2203.0390075683595,598.0867842081934,0.7570572038068598,49.72440514120974,-33.449502004638134,572.2720907572657,159.34118226171515,14.245954617585255,9.925307894955298,-70.6216938302018,1.125011107432786
1759927917798976500,2204.0389765625,598.4473029812798,0.914580630990016,68.86190275634891,-33.44951325309905,572.632609530352,159.18221062343244,14.245954626694337,9.985518726136306,-70.62168898121563,1.0458164519637176
1759927918798946300,2205.0389462890626,598.384753331542,0.749252393369945,62.15727028751448,-33.449522407235044,572.5700598806143,153.78915155799297,14.245954630807768,10.22155600158073,-70.62168195874953,0.9621350440754232
1759927919798916000,2206.038916015625,598.621233404614,0.8160810976864428,47.66906979270389,-33.44954138332012,572.8065399536863,158.0541674786197,14.245954642284428,10.079083692317838,-70.6216774378336,1.2877972806127003
1759927920798886000,2207.0388859863283,598.440228741616,0.8158633162277131,56.066271954988586,-33.44955612227638,572.6255352906883,164.4302756530629,14.245954627383995,9.971308708280253,-70.62167658129962,1.1626800940464719
1759927921798855400,2208.03885546875,598.1082482831553,0.8794864028194475,54.34657270503194,-33.44957441692652,572.2935548322275,165.52155613113842,14.245954614215998,9.893537813999801,-70.62167272770903,1.3041505283278776
1759927922798825200,2209.0388251953127,597.7176562845707,0.9053132550007061,53.636191051472416,-33.449590539293425,571.902962833643,164.68924439968802,14.245954596416995,9.96695141735042,-70.62166952978633,1.2479409221338733
1759927923798795300,2210.0387951660155,597.535861229524,0.899260803578709,55.54160039478589,-33.44960293566816,571.7211677785963,157.7822364978232,14.24595461018021,9.917067151824897,-70.6216616838118,1.1631079426896742
1759927924798764800,2211.038764892578,597.5621427940205,0.8750589574624572,55.89064648150453,-33.449616378395184,571.7474493430927,155.51856265274196,14.245954615372582,9.912943717131572,-70.62165540907529,1.1318345978441335
1759927925798734600,2212.0387346191405,597.8250676291063,0.8446845485287682,60.04722354841363,-33.44962849390968,572.0103741781786,157.10630240793142,14.24595462293991,9.956470509617166,-70.62165140686089,1.0572117532329544
1759927926798705200,2213.038705078125,597.9333983222023,0.8368070947364722,57.404673993216285,-33.44964418733412,572.1187048712745,160.59820569938887,14.245954625877557,10.396886902587505,-70.62164771261283,1.1588528843928654
1759927927798674200,2214.0386740722656,597.5744760055095,0.8690290292399272,53.58077297213556,-33.44966156695743,571.7597825545818,167.88505079085942,14.245954613340778,10.351341407903483,-70.6216477537998,1.274158866984322
1759927928798644000,2215.038644042969,597.7190841166303,0.9349392454132975,56.72178997256578,-33.44967699755818,571.9043906657025,160.55506213074,14.245954603598173,9.999494333716637,-70.62163893439923,1.3343508456828628
1759927929798614500,2216.038614501953,597.0185209633783,1.0372421117352044,62.05626881352067,-33.449686301032095,571.2038275124505,156.11142867610096,14.245954595253957,10.188526746332657,-70.62163571952442,0.9464800841528981
1759927930798584000,2217.038583984375,597.7206461019814,0.7233709051275039,56.32702719709412,-33.44970155150267,571.9059526510537,150.83992254635618,14.245954592607575,10.704096385451326,-70.62162622289866,1.029893720104388
1759927931798553900,2218.038553955078,597.3261612355709,0.7487840021904605,65.51012098362247,-33.44971110597859,571.5114677846432,151.1206531167193,14.245954599186545,10.726562682724026,-70.62162161900314,0.8571221584783953
1759927932798524000,2219.038523925781,597.2990902801976,0.8917693582405971,96.08713560275143,-33.44972110243339,571.4843968292698,152.7676469117419,14.245954595029675,10.864891015992688,-70.62161859641336,0.6894450915691105
1759927933798493000,2220.0384929199217,596.928603047505,1.0167741930374694,62.05193665280691,-33.44974304744744,571.1139095965773,159.89426252720438,14.245954595952904,10.66602245412953,-70.62161507150917,1.1719217887700493
1759927934798463200,2221.0384631347656,597.2977747051045,0.8850648272629741,59.47914353820066,-33.44975905857199,571.4830812541768,164.0465390910077,14.24595459569145,10.566909047166828,-70.6216147124348,1.2022928997777969
1759927935798433300,2222.0384333496095,597.1680017542094,0.8960658324714811,65.45048451435879,-33.44977137970914,571.3533083032817,164.97058375333657,14.245954590929772,10.378871555471303,-70.62161332061144,1.1090679813778788
1759927936798402600,2223.0384025878907,596.773535925895,1.0203917568006122,81.83662960002879,-33.44978039951994,570.9588424749672,158.21263066423435,14.245954595666765,10.45613378018684,-70.62160886479163,0.8412157701557885
1759927937798372900,2224.0383728027346,597.2161554479972,0.9163292052336744,77.92923769505602,-33.449794820999195,571.4014619970694,164.69829744997082,14.245954592014,10.43150851374026,-70.62160899067675,0.9193839961871634
1759927938798341600,2225.0383415527344,597.2338314251974,0.9064085803599508,77.84658812863908,-33.44980674368207,571.4191379742697,158.37018464774943,14.245954598277633,10.32431212597268,-70.62160353188206,0.9398834486077686
1759927939798311700,2226.0383117675783,596.8878737427294,0.814044100101901,56.498598356390055,-33.44981829790632,571.0731802918017,157.77893628237763,14.245954594413705,10.460125325784654,-70.62159972663834,1.0086778010932755
1759927940798282000,2227.0382819824217,596.7861958537251,1.024333798474747,73.5125190452212,-33.44983027899517,570.9715024027973,159.7927119541838,14.245954595478697,10.348353033709719,-70.62159714337321,0.914513005506192
1759927941798251500,2228.0382514648436,596.9569565374404,0.9328411679771417,68.2639947237784,-33.449846450566085,571.1422630865127,162.07763684451797,14.245954603608768,10.535963551439112,-70.6215939253248,1.0544633469044764
1759927942798221600,2229.0382216796875,596.8471035808325,0.975999226005095,83.91154412218171,-33.44985530088131,571.0324101299047,160.72459793633905,14.245954610508079,10.548631951458665,-70.6215910363196,0.8607662947587044
1759927943798191000,2230.0381911621093,597.1096694013104,0.934953477335554,90.56498099322546,-33.449865976582636,571.2949759503826,161.47636146690783,14.245954612080217,10.529474446733346,-70.62158761323631,0.8227059144331723
1759927944798161200,2231.0381611328125,597.2671017078683,0.9740615252924671,120.9547500547271,-33.44987318152077,571.4524082569405,159.86904549394808,14.245954607185594,10.777018710735563,-70.62158528560018,0.6045712733263708
1759927945798131200,2232.0381311035158,597.1069443225861,0.9882316556570737,147.63858294171456,-33.44988131545743,571.2922508716583,161.04829085150942,14.245954609681458,10.579955465303868,-70.62158284777367,0.508117463631117
1759927946798101000,2233.038101074219,596.7385503053665,1.0334968864055714,67.01617418412488,-33.44989915339534,570.9238568544388,158.29115178555875,14.245954624285249,10.498145258204282,-70.62157413634591,1.0812419566697187
1759927947798070000,2234.0380700683595,596.6372462799773,0.7830127365855925,54.373429387250106,-33.44990748906652,570.8225528290495,154.62526778107272,14.245954617155924,11.000013571220157,-70.62156940449003,0.9916641866022853
1759927948798040300,2235.038040283203,597.0612322064117,0.7348001601941657,57.18762893516476,-33.449919254941534,571.2465387554839,157.6825373234559,14.24595462398052,10.880106054938357,-70.62156723536576,1.0060407609588418
1759927949798010400,2236.038010253906,596.9221476018429,0.7478470479859473,61.218547670684494,-33.449931654083784,571.1074541509151,156.82625231725794,14.245954619406213,11.07003673918619,-70.62156180788404,0.9269663527297318
1759927950797980400,2237.03798046875,597.0182881839573,0.7450448880055436,68.55895779724031,-33.449943205809284,571.2035947330296,160.11247577355616,14.245954628852877,10.993981182871783,-70.62155974529918,0.8277502823049494
1759927951797949700,2238.037949707031,597.2556701991707,0.8816894788865993,82.34504244937278,-33.44995510300507,571.440976748243,158.65734016890028,14.245954616482264,10.857075018048333,-70.62155490762039,0.8585880668402118
1759927952797919700,2239.0379196777344,596.6834260895848,0.8385825034293221,64.15967685584789,-33.449967204013184,570.8687326386571,151.57294075336597,14.245954611263665,11.254659895598847,-70.62154618277874,0.7589932367948636
1759927953797889300,2240.0378891601563,596.7900079376996,0.8114830885669616,63.774228328029196,-33.44998127098668,570.9753144867718,154.11918539149693,14.24595460242477,10.707988447590397,-70.62154032436098,0.8264971446167612
1759927954797859000,2241.0378591308595,596.6391588877887,1.1079196431276204,92.84527016088437,-33.44999295061017,570.8244654368609,161.62158224691012,14.245954593277217,10.619929499432246,-70.6215407995437,0.6888163311898305
1759927955797828600,2242.0378286132814,596.2398100802675,0.9128478799234212,51.661755640973205,-33.45000518186997,570.4251166293398,160.20449158492136,14.245954586991084,10.865882753357775,-70.6215368929215,0.8361346508926143
1759927956797798700,2243.0377985839846,596.1957359537482,0.8614807213500526,43.38793738705372,-33.450021948059316,570.3810425028205,162.40015632378496,14.245954589365317,10.880629435706732,-70.62153342067039,1.1122036428128765
1759927957797768200,2244.0377683105467,596.261078948155,0.7958179403115954,49.340226877709526,-33.45003409936286,570.4463854972273,158.73570373707196,14.24595459346515,10.856583459662522,-70.62152774624396,1.1533552707454098
1759927958797738000,2245.037738037109,596.1133064245805,0.792626192106691,57.99276853673809,-33.45004566111062,570.2986129736528,158.7794947222083,14.245954587591898,10.868778637195831,-70.62152601349722,0.9042956723286996
1759927959797708300,2246.037708251953,596.2461075475439,0.7821756677211902,62.22734823269833,-33.45005975027785,570.4314140966162,163.45289197849428,14.245954584335118,10.973659970302096,-70.62152556015037,0.869946531930676
1759927960797677800,2247.037677734375,595.9712471682578,0.796934095816772,36.76366196112779,-33.450085381417686,570.1565537173301,172.2853301926361,14.245954574990343,10.833115274452057,-70.6215266729337,1.5593735343041357
1759927961797647600,2248.037647705078,596.8613005774096,0.7462063460477386,36.06594874083859,-33.45009899055649,571.0466071264818,163.79552435480275,14.245954611763223,11.243727597415715,-70.62151779047403,1.5553204060059838
1759927962797618000,2249.037617919922,596.9030601959676,0.736597736609241,36.94670451727757,-33.45011653870968,571.0883667450398,163.05043289118208,14.245954637895123,11.460079646713623,-70.62151197085643,1.5440424147778498
1759927963797587200,2250.037587158203,597.1466708537191,0.7382521666301726,37.28936994470919,-33.45013330602737,571.3319774027914,158.75030550539495,14.24595464412132,11.601409943953998,-70.62150582481594,1.5270668786321009
1759927964797557200,2251.0375571289064,597.254469672218,0.7368615095649974,38.06189172856911,-33.45014949596358,571.4397762212902,163.12465929449002,14.24595464529355,11.777883066583282,-70.62150496585136,1.498512228417946
1759927965797527000,2252.037527099609,597.2281914316118,0.7261312995980761,37.93814670066119,-33.45016778537093,571.413497980684,163.86059502933725,14.245954647410663,11.960181864280592,-70.62150096506541,1.5225995249187154
1759927966797496600,2253.037496582031,597.0810990445316,0.7186016721823439,39.247341636457264,-33.450182197454104,571.2664055936038,154.74938524089055,14.245954655276469,12.129213834714982,-70.6214912177367,1.4830348245843241
1759927967797467000,2254.037466796875,597.1313794953749,0.7213629607154457,39.54168231262365,-33.450193986988445,571.3166860444471,145.26354855902989,14.245954649057703,12.107398355380887,-70.62148239769913,1.467094325650674
1759927968797435600,2255.037435546875,596.9798644445837,0.953228582888247,78.343767278669,-33.45020198785443,571.1651709936559,137.60229694929924,14.245954627936413,11.338770553536635,-70.6214759042527,0.9294186925389657
1759927969797406200,2256.03740625,597.2159681366757,0.9121021990440948,114.02521791515609,-33.450209564511255,571.4012746857479,135.83726626666578,14.245954624288693,11.187006045344004,-70.6214728441368,0.641821573910084
1759927970797375700,2257.037375732422,597.2680745981634,1.1406250618094074,180,-33.45021315275557,571.4533811472356,135.230690284927,14.24595460120875,10.891257273344433,-70.62147157096858,0.24082376679437356
1759927971797345500,2258.0373454589844,597.064772753045,1.3648192501725496,180,-33.45021581828441,571.2500793021172,135.23069283906207,14.24595459420443,10.54922315381609,-70.6214764024348,0.06999494878549145
1759927972797315600,2259.0373156738283,597.2822734825313,1.3630279918250323,180,-33.45021706176625,571.4675800316036,135.23069258860016,14.245954598594881,10.844045687535788,-70.62147597400902,0.13756300865841442
1759927973797284900,2260.0372849121095,597.4080227063969,1.3661426619533472,180,-33.45022212876683,571.5933292554691,135.23069085103117,14.245954615002717,10.781759824209384,-70.62147289454279,0.358499688044509
1759927974797255000,2261.0372548828127,597.4264368470758,1.356896931144334,180,-33.45022131196463,571.6117433961481,135.23069134179255,14.245954590575254,10.69030839513566,-70.62147378282633,0
1759927975797225000,2262.0372248535155,597.4264368470758,1.3782496948030512,180,-33.45022131196463,571.6117433961481,135.23069134179255,14.245954590575256,10.602738164560098,-70.62147378282633,0
1759927976797194500,2263.037194580078,597.1771916011348,1.3801473270095044,180,-33.45023080412616,571.3624981502071,135.23069417142202,14.245954595640567,10.570254503193173,-70.62147933250334,0.08581516179587935
1759927977797164500,2264.037164550781,597.2364118965343,1.3772813966028452,180,-33.45023153341975,571.4217184456065,135.23069515866132,14.245954594610222,10.59734916879076,-70.62148119091798,0.0649257632815931
1759927978797133800,2265.0371337890624,597.2480052402243,1.3728281857372195,180,-33.45023327743331,571.4333117892966,135.23069578838098,14.245954590575254,10.98003038685126,-70.62148241486669,0
1759927979797103400,2266.0371032714843,597.1814823755994,1.3734454484863061,180,-33.450234087867116,571.3667889246717,135.23069637028158,14.245954591343402,10.874924964220028,-70.62148352172704,0.009486418952160859
1759927980797073400,2267.037073486328,597.0913744810969,1.380262021322356,180,-33.45023568649991,571.2766810301691,135.23069665467347,14.245954590828415,10.890813703300557,-70.62148409892517,0.004157801550518604
1759927981797043200,2268.0370432128907,597.2111716764048,1.372560243509888,180,-33.450238046315846,571.396478225477,135.23069657844266,14.245954598960008,10.965357582222396,-70.62148402824428,0.09668907031014654
1759927982797013200,2269.037013183594,597.3033310435712,1.3805962696364433,180,-33.45024063275682,571.4886375926435,135.23069612904783,14.245954603429677,10.878833408391095,-70.6214832702445,0.21086098806239184
1759927983796983300,2270.0369833984373,597.2862785998732,1.3722829834116148,180,-33.45024278126715,571.4715851489455,135.2306973335601,14.245954600612498,10.578146580746106,-70.62148557559708,0.12871111678708902
1759927984796952800,2271.036952880859,597.4814896341413,1.382953493520315,180,-33.450238119496596,571.6667961832136,135.23069494968433,14.245954609639668,10.371437745215772,-70.62148100067988,0.25336038689168083
1759927985796922600,2272.0369226074217,597.4735051495954,1.3955674666300881,180,-33.45023148791291,571.6588116986677,135.23069499527736,14.245954599196606,10.02520403324815,-70.62148088562425,0.11151989197209636
1759927986796893000,2273.0368928222656,597.6086955042556,1.3865701360822003,180,-33.4502329994316,571.7940020533279,135.23069608775378,14.245954606848995,10.044939144204776,-70.62148296337294,0.20134795204050202
1759927987796862200,2274.0368623046875,597.6215156298131,1.415538185204725,180,-33.4502389550066,571.8068221788853,135.2306965684114,14.24595461872599,9.528419795323426,-70.62148403697107,0.3929914562695692
1759927988796832000,2275.03683203125,597.6861833026633,0.9705695862196301,180,-33.45023733335009,571.8714898517355,135.2306954169826,14.245954590575254,9.349260411912093,-70.62148184624151,0
1759927989796802000,2276.036802001953,597.6974070603028,1.3972787767917538,180,-33.450238562195295,571.8827136093751,135.23069548053454,14.245954590575254,9.3917014066307,-70.62148200149471,0
1759927990796771600,2277.036771484375,597.5508198523894,1.3520710291599953,180,-33.45023721234237,571.7361264014617,135.230695810964,14.245954590575254,9.189086479081816,-70.62148257546747,0
1759927991796742000,2278.036741943359,597.5508198523894,1.36077496309398,180,-33.45023721234237,571.7361264014617,135.230695810964,14.245954590575254,8.838639622521358,-70.62148257546747,0
1759927992796234200,2279.036234130859,597.5491375494748,1.097946393871574,180,-33.450238280526094,571.7344440985471,135.23069813379524,14.245954595584978,8.315863353918182,-70.62148692852566,0.08327827892019585
1759927993796069600,2280.036069580078,597.6351548936218,1.4311326443510004,180,-33.45023385493414,571.8204614426941,135.23069927531347,14.24595459129963,7.951518885618445,-70.62148891856467,0.014118525898132481
1759927994796040000,2281.0360400390623,597.5809936411679,1.0898848338134839,180,-33.45023118850515,571.7663001902401,135.23070048009578,14.245954590575254,8.070826754917473,-70.62149107930458,0
1759927995795651000,2282.035651123047,597.7350158570334,1.0921186223743975,180,-33.45022873785519,571.9203224061057,135.23070310030607,14.245954591979894,7.801697672456555,-70.62149587948689,0.027810596114067176
1759927996795732000,2283.0357319335935,597.8247539987788,1.0922018007619565,180,-33.45022880731981,572.010060547851,135.23070305478674,14.245954590575254,7.796616637215528,-70.62149579690664,0
1759927997795702000,2284.0357019042967,597.8142784899101,0.9663551808477282,180,-33.45022815243229,571.9995850389823,135.2307045831967,14.245954590575256,7.914939631601389,-70.62149862027422,0
1759927998795615700,2285.035615722656,597.8142784899101,1.3895565083272419,180,-33.45022815243229,571.9995850389823,135.2307045831967,14.245954590575254,8.154842536670724,-70.62149862027422,0
1759927999795649000,2286.035648925781,597.9044803529978,1.3901895115966914,180,-33.45023243408563,572.08978690207,135.2307037248006,14.245954595941438,8.111754825425548,-70.62149715255188,0.09847407034863316
1759928000795619000,2287.035619140625,597.903437756002,1.408911441514713,180,-33.45023214402753,572.0887443050742,135.23070391402112,14.245954590575254,7.792982403722879,-70.62149749579261,0
1759928001795673000,2288.0356730957033,597.7816589418799,1.40404476132548,180,-33.45023057372997,571.9669654909521,135.2307027646078,14.245954591457226,7.5692888308808435,-70.62149531036057,0.019664018381735197
1759928002795489800,2289.035489746094,597.7528653433546,1.331568578913153,180,-33.450230948439696,571.9381718924269,135.23070202969862,14.245954590575254,7.310133009920617,-70.62149395459657,0
1759928003795459800,2290.0354599609377,597.6172888576984,1.3823527606659354,180,-33.45022760680262,571.8025954067707,135.23070200817725,14.245954590575254,7.422495332216064,-70.62149381385187,0
1759928004795609600,2291.035609619141,597.739588111639,1.4645267807867974,180,-33.45022077628199,571.9248946607113,135.23070138879183,14.245954593506973,7.085833347535746,-70.62149245582877,0.07005581118414476
1759928005795321000,2292.035321044922,597.3750742357224,1.4176545610998128,180,-33.45022965598557,571.5603807847947,135.23069935738198,14.245954599655194,7.44165156417163,-70.62148894467657,0.40139099838220693
1759928006795290000,2293.0352900390626,596.9701502602547,1.1934890492758699,106.22336227604315,-33.45023712271469,571.155456809327,162.0055617760688,14.24595459696922,8.28196552329758,-70.62148673435495,0.8236821106932556
1759928007795261000,2294.035260986328,595.7725463602692,1.158844363304587,52.61638850792306,-33.45024981552157,569.9578529093415,167.03116884994878,14.24595460502319,8.583740011318689,-70.62148654881587,0.986965288360861
1759928008795230200,2295.035230224609,596.8110684333369,0.99583231317265,70.30780006046626,-33.45026758563227,570.9963749824092,177.31557491972796,14.245954605490878,8.876075778718812,-70.62149014348843,1.0392014265760001
1759928009795199000,2296.0351989746096,597.012252417393,0.9415874406809441,73.45496690901126,-33.45028111286585,571.1975589664653,174.45407383303012,14.245954622324456,9.13051603654164,-70.62148808297017,1.0337135244978108
1759928010795168800,2297.035168701172,596.9565541120246,0.9569452181203257,70.98696110035496,-33.45029325335428,571.1418606610969,170.05530883453366,14.245954647999456,9.316841702224595,-70.62148527841889,1.0735281422079466
1759928011795138800,2298.0351389160155,596.9416554011405,0.9955607163577556,74.280830358134,-33.45030160951506,571.1269619502127,165.34431872720185,14.245954653168868,9.457755646468772,-70.62147788905169,1.0378600328904142
1759928012795109400,2299.035109375,597.062715742737,0.9724759221100979,62.65346544840767,-33.45031500867695,571.2480222918093,162.26033110013867,14.245954693002908,9.373381645910985,-70.6214729221782,1.2327395992234955
1759928013795078700,2300.0350786132813,597.6702811308205,1.0194463457381748,90.66911299778695,-33.450317276828855,571.8555876798928,155.74612795486635,14.245954663696335,9.542840968322606,-70.62147090730423,0.7485256478563969
1759928014795048200,2301.035048095703,597.2849029395729,0.9417793439237135,89.76868390005806,-33.45032837399605,571.4702094886452,158.25964308312354,14.245954664698983,9.070081142191853,-70.62146835885756,0.8447022226275862
1759928015795018200,2302.035018310547,597.7315106755123,1.1023676028510292,85.85186695225569,-33.450335328563725,571.9168172245845,154.92449935904867,13.921587843744476,8.126102700095545,-70.62146455528935,0.8524121368366021
1759928016794988000,2303.0349880371095,598.1602107668296,1.2588454705340637,65.95298011674186,-33.45034715755576,572.3455173159018,158.97672720174907,13.664175642224391,7.200140744102433,-70.62146166977233,1.088888164673547
1759928017794958000,2304.0349580078123,597.9958578655496,1.0686106055386828,72.55367921019334,-33.450358163368726,572.1811644146219,162.6959948605253,13.4426571856789,6.481331157419902,-70.6214593538353,1.153142579629864
1759928018794927900,2305.0349279785155,598.1435998026282,1.1222625788941398,85.29994816870153,-33.45036440089201,572.3289063517004,164.49182694622425,13.170904974492549,5.878222244635302,-70.62145879547538,0.9790450347912486
1759928019794897700,2306.034897705078,597.9492472326383,1.0607167872551224,104.46969909816528,-33.4503715029391,572.1345537817106,174.7838390635995,13.008510283248102,5.5029615675682555,-70.62146345646498,0.821096873126394
1759928020794867000,2307.0348669433592,597.8085844572634,1.1398957504730218,101.8670840436182,-33.450381527346025,571.9938910063356,174.10689050355663,12.795974412414601,5.046800696895575,-70.62146298399531,0.8918389482935127
1759928021794836500,2308.034836425781,597.7915150215849,1.144156238209574,120.44099414153438,-33.4503856888161,571.9768215706572,163.47794020681897,12.47203809439252,4.687133976575442,-70.62145798188608,0.7654379009468689
1759928022794806500,2309.034806640625,597.6969553027302,1.1097469615537785,119.2823493365459,-33.4503921823572,571.8822618518025,166.843901198307,12.387583144165315,4.556586658962955,-70.6214597852945,0.7366352437760563
1759928023794777000,2310.0347770996095,597.4949620617554,1.0384041690203352,87.91283000147489,-33.45040178865715,571.6802686108276,162.80713527351142,12.183951532078785,4.605082529840801,-70.62145738129593,0.7907627140140969
1759928024794746400,2311.0347463378907,597.5841569090262,1.0970331948741405,99.61471908088855,-33.45041301589629,571.7694634580985,167.83939413098278,12.097714830730672,4.447556486019678,-70.62145832674103,0.8349637580034651
1759928025794716400,2312.034716308594,596.9583542840555,1.1813944511821608,66.73816294980475,-33.450422292989906,571.1436608331278,164.5150773843613,12.016582054699803,4.543000436172936,-70.62145455687254,0.7154928111936121
1759928026794686000,2313.034686035156,597.7091196812689,1.174600755725915,144.1773008811919,-33.4504264513209,571.8944262303412,151.01763135260038,11.88812961744707,4.398455873954004,-70.62144730814781,0.48924390742244356
1759928027794656000,2314.0346560058592,597.7279764311388,1.308138523659392,151.50118632042893,-33.450433718090125,571.9132829802111,155.9607366096351,11.937786161186986,4.33231622197586,-70.62144702559368,0.46919295620977797
1759928028794625800,2315.034625732422,597.817935731262,1.2293377364076663,110.85663220875621,-33.45044553831714,572.0032422803342,152.67072151047876,12.062320996890817,4.6230254248844425,-70.62144129334311,0.6947396735395976
1759928029794595800,2316.0345959472656,597.7848592549562,0.952905060844685,90.59994933167849,-33.45045922369321,571.9701658040285,153.8232987243433,12.054788291588995,4.443989121194997,-70.62143558288847,0.7911997645612621
1759928030794564900,2317.034564941406,597.79252703581,0.88571093874537,86.30897168158671,-33.450471388256,571.9778335848823,155.31662017079705,12.016214731018488,4.8095221921958675,-70.62143323733935,0.8012902032224112
1759928031794535200,2318.03453515625,597.2091203639284,0.794309048790713,60.3560048409319,-33.45048425864571,571.3944269130006,156.8692566347966,11.788476833341559,4.792106549051781,-70.62142628587733,0.7555034405834895
1759928032794505200,2319.0345051269533,597.2061259001493,0.7975380201250621,58.1464758524399,-33.45049762490873,571.3914324492216,164.22353397315507,11.634013830805433,4.7038516786742495,-70.62142508778552,0.8881641293045301
1759928033794474800,2320.034474853516,597.0020768493414,0.8244004258822467,58.61180763560348,-33.45050878549291,571.1873833984137,159.80024683763162,11.567583775128169,4.63824458381095,-70.6214183552435,0.9051211258764906
1759928034794445000,2321.034445068359,596.8882514536381,0.8583391928556623,47.64907671419122,-33.45052806801252,571.0735580027103,170.19218935301686,11.365146917014545,4.570805829383476,-70.62141277200352,1.281023148882349
1759928035794413800,2322.0344138183596,597.4687208551913,0.9095542215428819,48.697541694773754,-33.45054556286257,571.6540274042636,167.46595038008564,11.270649604418544,4.47801262007825,-70.62140459665044,1.4839438369759657
1759928036794384100,2323.034384033203,597.8887957371771,0.566583370618205,26.882602222071064,-33.450561520318345,572.0741022862494,162.0717843843367,11.130051697715519,4.575144748810288,-70.62139519942075,1.563758286554373
1759928037794354000,2324.034354003906,597.7430484974757,0.5441548423066547,27.98114881482442,-33.45057943061919,571.928355046548,166.19260993841107,10.93123526782855,4.502123760301431,-70.62139252547048,1.5605196078428358
1759928038794324000,2325.0343239746094,597.5255130985752,0.7442486152370775,36.41798751179343,-33.45060201947581,571.7108196476474,167.3114222956714,10.730459916050274,4.4988650316980365,-70.6213921666308,1.6497581764731544
1759928039794293500,2326.0342934570313,597.4437391180545,0.6202247955727253,31.570391500454733,-33.45062368053801,571.6290456671268,164.76095365356932,10.535690234512682,4.574564412701686,-70.62139137177768,1.5735447138506582
1759928040794263600,2327.034263671875,596.9627109887078,0.6726689019065892,31.439109533942748,-33.45064474697087,571.1480175377801,164.66403901935766,10.428771629405285,4.506972839699962,-70.62139029603648,1.5503152086931127
1759928041794233300,2328.0342333984377,597.7182460166514,0.5786483374700484,28.693030456297006,-33.45066221800253,571.9035525657237,164.55757364448007,10.27869311797305,4.4443804586111035,-70.62138734616443,1.601050946569085
1759928042794203100,2329.034203125,597.2292084284127,0.5147144818247653,25.831358928984645,-33.450676205813764,571.4145149774849,156.92986301044058,9.996415092212974,4.327982756735437,-70.62137537268417,1.595481179977175
1759928043794172700,2330.034172607422,596.7171529047191,0.579161818114206,26.306105666168566,-33.45069119752441,570.9024594537914,159.22265245703906,9.930380585173786,4.398978376631096,-70.62137054446356,1.5448361544459446
1759928044794142700,2331.0341428222655,596.8671629587188,0.6465177820198404,45.18953447351319,-33.450700245206136,571.0524695077911,163.58638572176417,9.646262099443906,4.209138763983121,-70.62136970972752,1.011660664983818
1759928045794112500,2332.034112548828,596.7670727483928,1.0232473529088244,75.4923005209921,-33.45071000501594,570.9523792974651,159.05434693546496,9.451213969288045,4.08249997749717,-70.62136519055612,0.9236931265420838
1759928046794082600,2333.0340825195312,597.4779360014945,0.8886983755467691,62.20726439831005,-33.45072156938404,571.6632425505668,158.35912782972338,9.300415709564161,4.010417233149954,-70.62136172352548,0.9387006805489715
1759928047794051600,2334.034051513672,597.9908200632781,0.9759703578782264,52.55566651386586,-33.450732533705214,572.1761266123503,158.35207609444362,9.12193224435657,3.8842656514097436,-70.62135805059545,0.8267378706628162
1759928048794021000,2335.0340212402343,597.6619783984497,0.843627170122747,58.81926992634275,-33.450749580983405,571.847284947522,161.35183736811416,8.889436123373184,3.7413553504604797,-70.6213536538634,1.1143169107358868
1759928049793991700,2336.033991699219,597.4648444699124,0.8315706150912208,55.47144589888284,-33.450764555911,571.6501510189846,166.5796023900051,8.836180582066142,3.674871161623963,-70.62135270914999,1.1920957042657054
1759928050793961000,2337.0339609375,597.5643795104697,0.8771418461327585,59.875695211043976,-33.45077665924162,571.749686059542,166.40749323240172,8.69451971505206,3.5950838546581183,-70.62135033856303,1.1868206253842843
1759928051793931000,2338.0339309082033,597.7225830452517,0.8042495145352151,61.11606160564331,-33.45078668238516,571.9078895943239,162.2205357713417,8.496029403764917,3.453493166298702,-70.6213468681124,1.0405815643853351
1759928052793900500,2339.033900634766,597.3103243289515,0.8692268939059152,70.81291224871525,-33.450792935831274,571.4956308780238,162.26866929760567,8.314202862380363,3.3818170956977824,-70.62134469992854,0.839798809826519
1759928053793870000,2340.0338701171877,597.1507037952542,0.8558398101840264,72.20415922848785,-33.450799970457616,571.3360103443265,154.05529583958352,8.168694465303426,3.2614449603018665,-70.62133766977583,0.735189892425807
1759928054793839900,2341.03383984375,596.8762407172471,1.3578502599061675,95.96171984753198,-33.45080817520131,571.0615472663194,152.11191255848635,8.061048042780103,3.1520784688660606,-70.62133510745184,0.6395371945290228
1759928055793810000,2342.033809814453,596.9033399540931,0.9837314628102141,73.43935589553016,-33.45082426647663,571.0886465031654,155.44344857553628,8.015856943690906,3.132996566935629,-70.62133080076883,0.8379976216498582
1759928056793779700,2343.033779785156,596.897437508218,0.9447604088233275,66.66588144756817,-33.450840987361964,571.0827440572903,158.12688955057638,7.867238117443793,3.3388618914726083,-70.6213275444621,0.9993147868609588
1759928057793749500,2344.0337495117187,597.5177576169372,1.0753933231713826,74.336182987286,-33.45085476341864,571.7030641660094,160.34490130186595,7.808821295850075,3.326054792984141,-70.62132585628119,1.0214466303085148
1759928058793720000,2345.0337199707033,597.32545610331,0.8720410657405797,58.01349511776764,-33.450870212664555,571.5107626523823,159.25307654093334,7.751221758936422,3.259730715274677,-70.6213222086631,1.2174261892887153
1759928059793689600,2346.033689697266,597.3483309103176,0.8031493206736742,66.00630135929663,-33.450879338119904,571.5336374593899,158.1404569508701,7.6335903058641925,3.1746262448017286,-70.62131986569517,0.9837486930315944
1759928060793658600,2347.0336586914063,597.1905087027699,0.868634256527349,72.72891098333483,-33.45088881043078,571.3758152518421,156.7602594947277,7.612359338435061,3.1305863276834685,-70.62131734107487,0.9138187428745906
1759928061793628700,2348.0336286621095,597.2890926115215,0.8904154146567764,69.56137969439561,-33.45090932225664,571.4743991605937,165.04687272199587,7.625491354292232,3.1415924167464473,-70.62131749301905,1.0273009510512692
1759928062793598500,2349.033598388672,596.9733533887193,0.9770873636030778,75.0924684665609,-33.450916864631694,571.1586599377915,158.29922789427215,7.6110235149556615,3.112201187212754,-70.62131239149899,0.8357843208664565
1759928063793568500,2350.0335686035155,597.0281855240464,0.9402831015527865,88.87501912159841,-33.45092755915565,571.2134920731187,157.98941999768863,7.465985854676095,3.0664537933016853,-70.62130737647313,0.7404282361978417
1759928064793539000,2351.0335390625,596.8589541679248,0.9695489316440885,80.09591196256471,-33.45093820424899,571.0442607169971,157.07448825451,7.2654207779636915,3,-70.62130028798502,0.7991450714680053
1759928065793508600,2352.033508544922,597.1579721486196,0.8553106703827771,85.29002038630901,-33.450950795264774,571.3432786976919,156.485725164414,7.193829225947152,3.0076584178743855,-70.6212935412608,0.8035303254762163
1759928066793477600,2353.0334775390625,597.3327976167202,0.8859303893188091,58.60714055790674,-33.450970426804346,571.5181041657925,165.30304668527123,7.137503061304946,3,-70.62129253859425,1.1899967517747903
1759928067793448200,2354.0334482421877,597.475452683866,1.0242289589901072,71.49030293834252,-33.45098182832893,571.6607592329383,158.83137516563227,7.022978046990685,3,-70.62128644700839,1.12675751685649
1759928068793418000,2355.03341796875,597.0429055541754,0.9766658336387937,64.96448301307518,-33.45099593074664,571.2282121032476,161.83262067346553,7.036745512956092,3,-70.62128361095958,1.060782085529418
1759928069793387500,2356.033387451172,597.5868535591289,1.0018148374688345,80.69116738649888,-33.45100616808964,571.7721601082012,160.56285749078395,7.056996651103097,3,-70.6212803573156,0.9233363787534207
1759928070793356800,2357.0333566894533,597.4124254975468,0.8560121539263559,87.31496900656381,-33.45101624375574,571.5977320466191,162.19690801212676,6.8593542419861535,3,-70.62127837315786,0.7938019388742007
1759928071793327400,2358.033327392578,597.5501042911783,0.861020821989714,90.23514006790869,-33.45102666914145,571.7354108402506,157.0484900113552,6.781671649858066,3,-70.62127058294345,0.7278925463285174
1759928072793296400,2359.0332963867186,597.3437185687944,0.8622949608952067,76.94381720954506,-33.45104355241776,571.5290251178667,158.06982351790492,6.687670386601345,3,-70.62126281364681,0.8927323653937252
1759928073793266400,2360.033266357422,597.3449261970818,0.8576149182575273,68.9079801860019,-33.451060324862596,571.5302327461541,159.61399235500377,6.690549752518668,3,-70.62125455740329,0.9990470402887592
1759928074793236200,2361.033236328125,597.5815237127244,0.9258854701959225,70.43462501595371,-33.45107410651039,571.7668302617967,158.48930751923982,6.623472631129363,3,-70.62125026240783,1.021236456785057
1759928075793206300,2362.033206298828,597.7427131477743,0.9359885696075221,60.38832201644863,-33.45108917246087,571.9280196968466,164.53524353520456,6.556807976061747,3,-70.62124554691411,1.1809675755426334
1759928076793175800,2363.03317578125,597.1813933597878,1.0814328646840607,60.20579418030985,-33.45110447209044,571.36669990886,164.96383743642917,6.448414352461283,3,-70.62124088016331,1.3370708086179528
1759928077793146000,2364.033145996094,597.4336830433458,0.9491911957026238,48.4413634067046,-33.45112363983316,571.6189895924181,161.4196225226206,6.498807486673936,3,-70.62123383430772,1.5835419352476885
1759928078793115100,2365.033115234375,596.8494824133813,0.6272898106229771,37.05862877664801,-33.45113101902944,571.0347889624536,158.04788706914883,6.431979133692555,3,-70.62122991869596,1.1026572633683605
1759928079793085700,2366.033085693359,596.4337867805734,1.0765889072283032,50.889352810587006,-33.451143877045446,570.6190933296457,157.73908583621028,6.323555457814846,3,-70.6212258304069,1.001335670587578
1759928080793055000,2367.0330549316404,596.9818838210776,0.9215125294006187,73.15676570069535,-33.451157759800736,571.1671903701499,155.04719987914189,6.258214343547274,3,-70.62122099029075,0.9269395310745344
1759928081793024500,2368.0330244140623,597.4857620541006,1.0452690127208397,94.24805995876082,-33.451170692905954,571.6710686031729,164.09246035077138,6.339898960292792,3,-70.62122237241091,0.8095043884329375
1759928082792995000,2369.0329951171875,597.7932355394587,1.1838179249878567,80.8401469037264,-33.45118586713603,571.978542088531,167.41595424617432,6.67983431472921,3,-70.62122279206713,0.8521740461729638
1759928083792964600,2370.0329645996094,597.5326258577406,1.0266175726868714,90.88263327812511,-33.45120026562764,571.7179324068129,165.0741516053652,6.760299554103799,3,-70.62121953071609,0.8779575970294508
1759928084792934700,2371.0329345703126,597.209509476088,0.9276460400000136,68.06911821235482,-33.451215701125356,571.3948160251603,166.43701919254164,6.802613198769117,3,-70.6212178529755,1.051601692330382
1759928085792904000,2372.0329040527345,597.105344007723,0.9603430114729925,72.70600034382304,-33.45122663465512,571.2906505567953,157.6057759800417,6.766302842951685,3,-70.62121170139923,1.0103460032734606
1759928086792874000,2373.0328740234377,597.3359127575532,0.9503484692958388,60.944930135061256,-33.45124365285196,571.5212193066254,156.68856600193368,6.782444062490048,3,-70.62120817143982,1.2604130300389729
1759928087792843800,2374.03284375,597.4325525825843,1.025157737590395,65.72876780800102,-33.451259313259314,571.6178591316566,159.07341717301415,6.79770336981905,3,-70.6212070906794,1.2460780325480398
1759928088792813000,2375.0328129882814,596.7766868304461,0.9786487490802741,50.82958113526412,-33.45127626194068,570.9619933795184,156.05595792745765,6.868747785636972,3,-70.6212001074489,1.4375538842856037
1759928089792782800,2376.032782958984,596.5144192026928,0.981268277576419,51.20020649400219,-33.45129038133866,570.6997257517651,158.57438735899044,6.772043610217776,3,-70.6211977441916,1.348154709946952
1759928090792753000,2377.0327529296874,597.1392302839085,1.0206874337289429,59.125348566542144,-33.45130663857829,571.3245368329808,166.77636222585434,6.826826363388784,3,-70.62119792453063,1.3919954354727595
1759928091792722400,2378.0327224121093,597.7091848077253,1.0647464667536062,58.090206928714196,-33.45131932228269,571.8944913567975,162.42116024021075,6.888318457780572,3,-70.6211933283994,1.2453762005772964
1759928092792692700,2379.032692626953,597.5653756251559,0.6386571246947818,56.904105443941894,-33.45132403781439,571.7506821742281,156.63688132136645,6.792364222008204,3,-70.6211891143294,0.8491875475978217
1759928093792662500,2380.0326625976563,597.6954266214743,0.6251155979057325,57.49355009270908,-33.45133307883176,571.8807331705466,155.6932915941236,6.8140356352284,3,-70.62118427994083,0.7840394201596463
1759928094792632300,2381.032632324219,597.7915966324508,0.9986416780311871,94.6885414023826,-33.45134101292371,571.9769031815231,156.00214718207243,6.705411837365737,3,-70.62118191360905,0.6661574931048871
1759928095792601900,2382.0326018066407,597.2221287218854,1.292503539922625,132.74968025191515,-33.45135124814512,571.4074352709576,161.5268620659101,6.735361551657176,3,-70.6211821756982,0.5189890589650247
1759928096792571600,2383.0325715332033,596.8715533427894,1.4984877832112984,93.69775199353862,-33.45136143425903,571.0568598918617,159.6861603243804,6.862734565408196,3,-70.62117961647795,0.5848485878402011
1759928097792541700,2384.0325417480467,597.2327514197677,1.1165588297732023,111.38859088468269,-33.451373988318586,571.41805796884,157.2702503102965,6.9666582944712125,3,-70.62117437350072,0.811820012024568
1759928098792511500,2385.0325114746092,597.1682428605855,0.8927342746630983,101.66926385063294,-33.45138318809768,571.3535494096577,151.75271283653842,6.945143484771446,3,-70.6211690083514,0.7058094719202571
1759928099792481800,2386.032481689453,597.4667298085988,1.1789155400913658,121.41861219172074,-33.45139241346626,571.652036357671,146.647035300551,7.0072203177082315,3,-70.62116268709683,0.6351586741387351
1759928100792451300,2387.0324514160156,597.4597733281553,1.1825012445743663,133.6416120866192,-33.451406389847115,571.6450798772275,150.9207046727624,7.106184786184211,3,-70.62115906932728,0.6163619878052701
1759928101792420900,2388.0324208984375,597.3978498755023,1.0929350290674587,121.60354583069861,-33.45141692125544,571.5831564245746,149.29403121446353,7.066198953913411,3,-70.62115424198326,0.7254033076560986
1759928102792391000,2389.0323908691407,596.353172307834,1.426137139939859,51.89468699297,-33.45143064063296,570.5384788569063,149.56214228216058,6.98636166090892,3,-70.62114605589214,1.1239208879981226
1759928103792360700,2390.0323605957033,596.9515451937914,1.0685664859269315,66.26916572084924,-33.45144567031464,571.1368517428637,153.1336394800861,6.972680319473633,3,-70.62113777742584,1.2946253117129687
1759928104792330800,2391.0323308105467,597.3875122778118,0.8321410865697615,54.325114753940795,-33.45145708983731,571.572818826884,158.7320611162042,6.851358098251571,3,-70.62113020323824,1.0585315273506113
1759928105792299800,2392.0322998046877,597.583996030502,0.9310296127399708,51.622140318993985,-33.45147331128228,571.7693025795743,166.9497815613422,6.70406382161523,3,-70.62112376094029,1.1752232308889368
1759928106792270000,2393.032270019531,597.4964338140562,1.0091820604820518,63.11029085985432,-33.45148821786927,571.6817403631285,171.33469912154982,6.578215184122368,3,-70.62111976764088,1.1927653098398934
1759928107792239400,2394.0322392578123,597.0852621002123,0.8550502608336957,48.08786564144352,-33.45150760195849,571.2705686492845,172.11513318998658,6.47813520713303,3,-70.62111549345025,1.426296743284188
1759928108792209200,2395.0322092285155,597.3140160935,0.9689635733151021,52.96654729187199,-33.4515229592198,571.4993226425722,168.20828141112847,6.395289620248996,3,-70.62110816443203,1.4431222477887797
1759928109792179500,2396.0321794433594,597.3088543247432,0.9401236190490423,52.694372727215736,-33.45153698483986,571.4941608738154,165.33170048961043,6.337062891913535,3,-70.62110379070884,1.4253902060545376
1759928110792149200,2397.032149169922,597.0272962665185,0.6504715591150808,42.265196615520935,-33.45154701891317,571.2126028155908,152.6161940938473,6.314301117241087,3,-70.62109352096122,1.239492195952493
1759928111792119000,2398.032119140625,597.1391645623371,0.9015592445543129,63.45105034348499,-33.45156037450927,571.3244711114094,152.53626192370837,6.240774521414223,3,-70.62109010497004,1.1499534224948684
1759928112792088000,2399.0320881347657,596.8026131531224,0.5898791866252701,50.49672059889171,-33.45156947708912,570.9879197021946,149.59042824175813,6.0910629032736265,3,-70.6210850397967,0.9135056145895735
1759928113792058400,2400.0320583496095,596.5902512017637,0.9211085618166015,71.24363110940467,-33.45158406081916,570.775557750836,162.13546787999715,5.972093356237008,3,-70.62108521608101,0.9352597373972633
1759928114792028000,2401.0320278320314,596.5869041169062,0.7361635244219256,61.40550488222478,-33.45159537923209,570.7722106659785,162.21871344520144,5.924009155747869,3,-70.62108225511331,0.9339304231753303
1759928115791998500,2402.031998535156,597.0039857858792,0.6917043414732181,53.95757187866024,-33.45160686303647,571.1892923349515,163.74763561263052,5.895080491218599,3,-70.62108111286305,0.9337648359589796
1759928116791967700,2403.0319677734374,596.9419337632135,0.6734515084038448,50.11548668539192,-33.451620672874945,571.1272403122857,167.09708192584029,5.86889641240686,3,-70.62108006993155,1.038528842076489
1759928117791937800,2404.0319377441406,596.7997440565377,0.6868633379976012,59.29469361682788,-33.45163247990756,570.98505060561,164.72513322652634,6.182748048164998,3,-70.62107998328221,0.9378674528218203
1759928118791060000,2405.0310600585935,596.7972862441093,1.0146559175736154,120.19810715244414,-33.451639234977854,570.9825927931815,155.65616151717649,6.511192626473044,3,-70.62107944422092,0.6829664507883845
1759928119791236400,2406.031236328125,596.4513264922425,1.269935003526927,116.67899213044481,-33.45165322786068,570.6366330413148,160.11929719607642,6.624813891368933,3,-70.62108211982888,0.6428890760127536
1759928120791207000,2407.03120703125,596.7214332167059,1.3674393512833205,180,-33.45164736160955,570.9067397657782,157.70407439667193,6.753129510431653,3,-70.62108434056515,0.03299753232412333
1759928121790720000,2408.030719970703,596.8924569636583,1.6578160287594597,180,-33.45164881798884,571.0777635127306,157.70408059087714,6.911111122984574,3,-70.62109051443556,0.04180984558627155
1759928122790747100,2409.0307470703124,595.7016605529934,1.4415575626668788,150.2140033688103,-33.451654835276535,569.8869671020657,191.64112749498221,6.963722469546743,3,-70.62109559039484,0.4244493982345188
1759928123790717200,2410.0307172851562,596.1566190617159,1.144246899978707,105.12441429528656,-33.45166785700889,570.3419256107882,188.25093019964427,7.077033310569263,3,-70.62109629378327,0.8397672431183971
1759928124790727200,2411.030727050781,596.1047831187025,1.1615687669608568,114.7335038136225,-33.451674181421154,570.2900896677747,194.42521167275729,7.20737768787774,3,-70.62110521533793,0.7605247274836199
1759928125790407200,2412.0304072265626,595.7277952209115,1.336700641625392,114.23546947033707,-33.451683089810565,569.9131017699838,176.352205264852,7.360868294958288,3,-70.62110231776462,0.6239816760209722
1759928126790377200,2413.030377197266,596.1506396606565,1.126545081350594,123.4730175194375,-33.45170034273361,570.3359462097287,168.71392354494677,7.559357513965195,3,-70.62110294857675,0.7295391906520566
1759928127791268400,2414.0312683105467,596.7550420556217,1.384751130053271,76.3651821837818,-33.45171867180474,570.940348604694,171.83138025182632,7.950099623506159,3,-70.62110787021184,0.9104128134636167
1759928128790877000,2415.030876953125,596.7374255750328,1.1677886996925417,75.98641383768906,-33.45173544765712,570.9227321241051,167.81254291859142,8.2387813944183,3,-70.62110616169713,0.9639386645413831
1759928129790846700,2416.0308466796873,596.2688499605283,0.9582614281127448,73.79404719981407,-33.45175859454683,570.4541565096006,166.93371970805464,8.584951341338748,3,-70.62110795083667,1.0379780841900894
1759928130790708000,2417.0307080078123,595.9244495555758,1.0724466865802387,80.11477289874267,-33.45177149635248,570.1097561046481,163.97042619682304,8.765680345191749,3,-70.62110817182385,0.8733221184529933
1759928131790423000,2418.030423095703,595.9802226005122,0.9918029899911123,86.06076433744684,-33.45178802998731,570.1655291495845,169.94729229495024,8.755160363739089,3,-70.62111137002971,0.8603399946931486
1759928132790393300,2419.030393310547,596.1115626608953,0.9295059494943553,68.01081738277941,-33.45180666560294,570.2968692099676,173.32598709168803,8.84668404134467,3.1542376903181393,-70.62111047509228,1.1061731036498197
1759928133790363400,2420.03036328125,595.8172795791179,0.9986225787448363,59.29704734896661,-33.45182502209274,570.0025861281902,169.5094417984762,8.992205822892885,3.272991190842769,-70.62110116461365,1.297800242610324
1759928134790332700,2421.030332763672,594.9810213083401,1.2028643131346977,51.22872789364455,-33.45184097910289,569.1663278574124,163.79742880433773,9.053241567870488,3.323352584570295,-70.62109229854917,1.2883737860575615
1759928135790302200,2422.030302246094,596.0338087622076,0.8168069175129606,59.619176912602946,-33.45185220572269,570.2191153112799,163.0707089811145,8.989818051278199,3.325839664519672,-70.62108810286249,1.0722674796432463
1759928136790272800,2423.030272705078,595.8063899902627,0.9437468010054296,113.5694694087539,-33.451858938479454,569.991696539335,148.45085484668326,8.930721387202658,3.3412965637190752,-70.62107446541613,0.6683322977631451
1759928137790241800,2424.0302416992185,595.4920213231817,1.295816167387876,153.69068942481232,-33.45186465922013,569.677327872254,137.7514440259558,8.921483996202848,3.367516878945181,-70.62106074457662,0.38613224474377683
1759928138790212000,2425.030212158203,595.555598879233,1.5209423050409034,180,-33.45187234077859,569.7409054283053,136.9320236301949,8.8952192904718,3.4283575172165377,-70.62105043458202,0.2774549842548657
1759928139790181600,2426.030181640625,595.3307374026626,1.2831431225336598,132.36396829428818,-33.451887651646665,569.5160439517349,153.6062009348599,8.862600624777413,3.3768713524590486,-70.62104210445032,0.6447720803289156
1759928140790152000,2427.030151855469,595.747671415098,1.1036211179895714,92.54817605381187,-33.45190729663382,569.9329779641703,170.8482832643941,8.848227123690572,3.2830445399367663,-70.62104089897045,0.9650513981938019
1759928141790121000,2428.0301208496094,595.5217500608414,1.103345285590888,94.88517967417546,-33.451920092217364,569.7070566099137,161.06812537920837,8.832578233599435,3.342599881745877,-70.62103318364078,0.8648839109443379
1759928142790090800,2429.0300908203126,595.9542237836868,0.9217524846015132,72.78947163560986,-33.45193980130674,570.139530332759,158.6678619058723,8.880289531812613,3.340788089401005,-70.62102612811017,0.9757222583892131
1759928143790060300,2430.0300603027345,596.1367328688502,0.9756260927113694,63.8830356962294,-33.451962316372956,570.3220394179225,165.00331924446652,8.797309544961221,3.3337337151707738,-70.62102493501234,1.158505989514198
1759928144790030800,2431.0300307617185,595.9047403065488,1.004611298788953,77.47707500085113,-33.45197523380761,570.090046855621,162.14945340181248,8.882628826593706,3.3154935340713108,-70.62102006734139,1.0479949700073883
1759928145790000600,2432.0300007324217,596.3024381231517,1.055915453183528,80.3644655735964,-33.45198642190233,570.4877446722239,161.43821049750966,8.865674670314137,3.3491904648337116,-70.62101442664432,0.9375583209796936
1759928146789970200,2433.0299702148436,596.307254367508,1.1113490422997372,71.94134771382559,-33.45199988249195,570.4925609165803,155.90403365600872,8.762575416407673,3.4237345685811356,-70.62100550817375,1.1358255259419008
1759928147789940000,2434.029939941406,596.493756021373,1.036629118801779,82.20302400862819,-33.452008931786374,570.6790625704452,151.88627782036852,8.763714506742971,3.341821096847679,-70.62099808837563,0.963117982532917
1759928148789909800,2435.0299096679687,596.3634599251673,1.03642403879765,180,-33.45201135971802,570.5487664742395,136.36039190878563,8.765045914274804,3.3214708268776985,-70.62099380305045,0.42915225477042024
1759928149789878000,2436.0298779296877,596.1986970072612,1.4977475487160146,180,-33.452013111047876,570.3840035563335,136.3603936671532,8.89146495208415,3.224038149824057,-70.6209972413111,0.05688372777319369
1759928150789849300,2437.0298493652344,596.0434677796438,1.5709648979155897,180,-33.45202075699852,570.2287743287161,136.3603925123315,8.81275134936633,3.0499535143456296,-70.6209954642588,0.44700853189765316
1759928151789819400,2438.0298193359376,595.8408363070339,1.4048775942703216,162.38884452822558,-33.45203048550333,570.0261428561062,163.1038895601622,8.797499341989662,3,-70.62099563966734,0.6763078447999505
1759928152789789000,2439.0297888183595,596.0005657644942,1.256280130406564,152.07178089863842,-33.45203870595858,570.1858723135665,173.82370109853255,8.601711657405474,3,-70.62099574584778,0.6664751529810368
1759928153789759500,2440.0297595214843,595.9225858878344,1.1979689827905045,130.7741322432656,-33.452049541569245,570.1078924369067,173.21643715224909,8.468368642272507,3,-70.62099311336972,0.7313280252145602
1759928154789728500,2441.029728515625,596.0769249126315,1.2298491461137206,122.57147389036723,-33.45205854199419,570.2622314617038,170.33961636168866,8.290412489522813,3,-70.62098965304087,0.8007777473431773
1759928155789698000,2442.0296979980467,596.0799903431907,1.321277802118986,180,-33.45205766357875,570.265296892263,168.4334527298084,8.163821067749756,3,-70.62098864848174,0.5270074268209266
1759928156789668000,2443.0296682128906,596.1039038095623,1.3758583761138174,169.47854837370687,-33.452066632185115,570.2892103586346,159.37770737996692,8.060047149111028,3,-70.62098236633474,0.6540783944113034
1759928157789638400,2444.0296384277344,596.0826773168519,0.826390442496087,75.41284288559133,-33.452076508684755,570.2679838659242,154.07473110544967,7.862422820647742,3,-70.6209755043309,0.8879156055241199
1759928158789607400,2445.029607421875,596.0531678916886,1.0079865618075308,86.69616050428854,-33.45208230473325,570.2384744407609,148.89748576747155,7.853207260181414,3,-70.6209680129217,0.9417551025968294
1759928159789577500,2446.029577392578,596.0552270766348,1.167051309231455,130.1859348179937,-33.45208812470226,570.240533625707,153.71509414223178,7.990885323969712,3,-70.62096818237877,0.7260520603838441
1759928160789548000,2447.029548095703,596.1979074608535,1.2476326745950845,176.19282874458443,-33.452093538028905,570.3832140099257,158.6010840977339,8.235051210329123,3,-70.62096884766436,0.5546273724223248
1759928161789516800,2448.0295168457033,596.0508365947753,1.272924938421534,180,-33.45210106458614,570.2361431438476,158.10923180721238,8.646387735522321,3,-70.62096721202983,0.5020111749527248
1759928162789486800,2449.0294868164065,595.9161191983148,1.338843145915802,136.98161984517336,-33.452115724096885,570.1014257473871,169.33199440341275,8.850339165202787,3,-70.62097244389986,0.779004866740021
1759928163789457400,2450.029457519531,595.9742745505646,1.2475491903331384,138.0371883820949,-33.45212323235656,570.1595810996369,169.28049203924573,9.08701763660938,3,-70.62097487896357,0.7275143832031087
1759928164789427200,2451.0294272460937,596.1595521457493,1.2608484624020688,145.69163801296725,-33.45213036109399,570.3448586948216,162.84043249898892,9.166392253662318,3,-70.62097137255141,0.6883926040654424
1759928165789395700,2452.029395751953,595.8025088729337,1.3695976881789078,136.86841629981328,-33.452139816720845,569.987815422006,165.1441855402831,9.282759569766164,3,-70.62097338124812,0.7190656751507983
1759928166789365800,2453.029365722656,596.1629878934473,1.2656681897874291,156.72554254166127,-33.452147696859356,570.3482944425195,168.1202248324937,9.499137554811663,3,-70.62097469259464,0.6304577212882159
1759928167789336000,2454.0293361816407,595.882388596423,1.2347164712538774,162.32947477607863,-33.45215506550193,570.0676951454952,161.07478306206713,9.502488890620448,3,-70.62096897738564,0.5664831269340963
1759928168789305600,2455.0293056640626,596.2122753961012,1.2329399753896233,154.95936958286998,-33.452165346135565,570.3975819451734,162.4831226516369,9.371285561354037,3,-70.62096710936223,0.603054285965722
1759928169789275600,2456.029275634766,596.2126829726622,1.2275270182122433,120.62599394779251,-33.45218074803801,570.3979895217344,162.9990401803861,9.50960266978088,3,-70.62096396424683,0.7935533452290501
1759928170789245200,2457.0292451171877,596.0987769430503,1.1504681375201746,125.9926891538736,-33.4521922786317,570.2840834921226,162.72700625546648,9.512247943821526,3,-70.62095928245753,0.7397735124068227
1759928171789215500,2458.0292155761717,596.0793528044596,1.1572823525302554,166.80521225021462,-33.452201427626164,570.2646593535319,165.24050990295245,9.528759517227538,3,-70.6209537493796,0.5586749812689846
1759928172789185000,2459.0291850585936,596.1530334791169,1.4140633236815414,180,-33.452210075746024,570.3383400281891,165.59068342655655,9.686775876727992,3,-70.62094600409006,0.19052925767905138
1759928173789154600,2460.0291545410155,595.8663091454655,1.5560018022281406,180,-33.45221637829016,570.0516156945378,165.59068175011842,9.54465631846732,3,-70.62094302167655,0.23792097980601043
1759928174789125000,2461.029125,596.0733019607142,1.5508232004061344,180,-33.45222376536827,570.2586085097864,165.59067946147894,9.507217529678858,3,-70.62093897016962,0.3875067095877426
1759928175789095000,2462.029094970703,595.9779384089634,1.3238582803622072,129.21435023462323,-33.45223606950397,570.1632449580356,170.2889635950161,9.5179443847553,3,-70.62093516941228,0.8251883163986159
1759928176789064400,2463.029064453125,596.0891946190968,1.2069359008984093,137.7702428200736,-33.45224205817212,570.2745011681691,174.5156164523187,9.505793847863512,3,-70.62093770470057,0.7079584015171557
1759928177789033700,2464.0290336914063,595.8314713295549,1.1232147028279056,95.03265068750179,-33.45225385482703,570.0167778786272,167.283929431091,9.555873877558474,3,-70.62093479499983,0.9142592972512922
1759928178789004000,2465.029004150391,595.9797697691247,1.217018390583877,110.13325710718394,-33.45226340383056,570.165076318197,174.27370609302338,9.685530386554785,3,-70.6209414618928,0.8951545393069852
1759928179788973300,2466.028973388672,596.1035321969539,1.1985462793111847,123.7882050057205,-33.452280067378474,570.2888387460262,173.35357423615667,10.186787046487758,3,-70.62094841039509,0.7772327746090832
1759928180788942800,2467.028942871094,596.0255853133276,1.1939875556025072,160.67998338965805,-33.452290516177676,570.2108918623999,185.39148480209477,10.558838721449762,3,-70.62096215963504,0.5891165603593009
1759928181788913700,2468.0289135742187,595.9354193201289,1.2163142565527851,180,-33.45229667830411,570.1207258692011,190.8479535201999,10.618371817663444,3,-70.62097173966811,0.4805164506693935
1759928182788883000,2469.0288830566406,595.8276853347197,1.2326318215271195,123.65156227354265,-33.45230919274311,570.012991883792,171.96414020674106,10.387993937475498,3,-70.6209659760763,0.7838718869441279
1759928183788852700,2470.028852783203,595.8971528913826,0.999412229399124,109.31587355580268,-33.45231913525979,570.0824594404548,170.31962256820123,10.48014521852728,3,-70.62096782870705,0.7345745079160175
1759928184788822500,2471.0288225097656,596.1769674355164,1.1611258585237065,126.23154035362002,-33.45232698719568,570.3622739845887,170.97591167338655,10.560205101472151,3,-70.62097140868322,0.7201063051336434
1759928185788791800,2472.028791748047,595.7370004858822,1.1959798844439111,95.62845867721698,-33.45234496079075,569.9223070349544,176.84201454338955,10.526315522864392,3,-70.6209802310006,0.9484669981764522
1759928186788761600,2473.02876171875,596.161452001892,1.0911768628248928,83.64809570735851,-33.45236564122336,570.3467585509643,176.08404472522489,10.617560939291444,3,-70.62099707901798,1.0236994377227653
1759928187788732000,2474.028731933594,596.3916529174894,1.126255918025641,82.13303075856824,-33.45238124492279,570.5769594665617,177.56188089243457,10.759601218461944,3,-70.62100408734243,0.9896271275852
1759928188788701700,2475.0287016601565,596.1403204211965,0.9571246714094139,105.92577331093788,-33.45239199219008,570.3256269702688,172.89499036198575,10.743649619578102,3,-70.62100536422552,0.7307576381404491
1759928189788671500,2476.0286713867185,596.2167747346684,1.109192405637341,103.31421110709879,-33.45240925145623,570.4020812837407,183.2962150500373,10.966357423207063,3,-70.62100879066071,0.8600907221300482
1759928190788641000,2477.028641113281,596.044751945883,1.1418591250158332,105.23482673095128,-33.452421097321306,570.2300584949553,188.3371693801326,11.101437819449576,3,-70.6210087344651,0.8725636681768572
1759928191788610800,2478.0286108398436,595.9678579783067,1.1229409434246993,150.2577604548327,-33.452428125018095,570.153164527379,184.4563062398761,11.254605279177518,3.081545939131082,-70.62100291189525,0.5928149246050511
1759928192788580900,2479.028580810547,595.9494401272386,1.1266194102927105,101.22208268835527,-33.452445330934324,570.1347466763109,183.8683611989427,11.026220087829609,3,-70.62100406209213,0.8921692678223283
1759928193788550400,2480.0285502929687,596.012518688105,0.7478508193161986,73.56780459345678,-33.452454874230234,570.1978252371773,183.0546958030973,10.710305319138294,3,-70.62100609346687,0.8227853229510925
1759928194788520700,2481.0285207519532,595.8970241174102,0.942957288210228,83.25449739608682,-33.4524681738906,570.0823306664824,183.36784853220854,10.594095621076509,3,-70.62100562151335,0.8996985260064355
1759928195788490800,2482.0284907226564,595.8499625483528,1.0082609258401414,69.48578678162775,-33.45248570098806,570.035269097425,184.07382209005277,10.715371728903456,3,-70.62100382595703,1.1541928441606575
1759928196788460300,2483.0284602050783,595.808161531575,1.1601733176450044,102.52567347857784,-33.45249527663149,569.9934680806473,180.92662543275935,10.769277525707688,3,-70.62099829334475,0.8909442916948979
1759928197788430300,2484.0284304199217,596.0365825723857,1.1777741947419116,122.21010615479967,-33.452504961556876,570.2218891214579,177.35641171770322,10.825526446855374,3,-70.6209884095942,0.7702208595190309
1759928198788400000,2485.0284001464843,595.9467287519947,1.0353609522847353,92.40748289520985,-33.45252376201486,570.1320353010669,154.18527451115108,10.875220911013143,3.077647373492241,-70.62094369329847,0.907555316006111
1759928199788369700,2486.028369628906,596.09228024818,1.105363599826698,102.80531529398901,-33.45253683005402,570.2775867972523,155.7578861819807,11.00345727756915,3.1822897810621913,-70.62092800310879,0.8595193542997805
1759928200788339200,2487.028339111328,595.921699533239,1.112584124340133,121.73113204697667,-33.452544906561144,570.1070060823113,149.54774198924713,11.042263509090052,3.2387280716930618,-70.62091403495509,0.7203521045350575
1759928201788308700,2488.0283088378906,596.1822153255343,1.1928791163601764,160.76047703254457,-33.452553286226724,570.3675218746066,148.10862129766826,10.989284942190006,3.19387119879094,-70.62090607968723,0.5464816961593643
1759928202788278500,2489.028278564453,595.8474220782518,1.2458495977567479,155.27185845931132,-33.45256282669632,570.0327286273241,152.74333393534286,11.005215877089826,3.1954338643723332,-70.62089643886883,0.5609195177982901
1759928203788248600,2490.0282485351563,595.9112770007923,1.185019513838839,98.14979827932525,-33.452580805281535,570.0965835498646,155.17654019527913,10.99429509364485,3.1208334978672476,-70.62088837730293,0.9656272351565393
1759928204788218000,2491.028218017578,595.8506144834682,0.9698734701504554,67.0606607125253,-33.45259674141291,570.0359210325405,154.54054744622667,10.95941169156807,3.1896333146410245,-70.62087770503294,1.1577519590542056
1759928205788188000,2492.0281879882814,596.1692580599338,1.1286510912601513,80.63704578129692,-33.45261007212662,570.354564609006,156.55486728056346,10.82262796575457,3.078620953444838,-70.6208705434888,1.0908796778499994
1759928206788157400,2493.0281574707033,595.9377530915663,1.1514027816268027,100.15240624690455,-33.452619720262305,570.1230596406385,156.45774720398896,10.705623545263768,3.0123447858014436,-70.62086404099686,0.9213475403087202
1759928207788128000,2494.0281279296873,595.675421805121,1.268874705111762,126.42031843283175,-33.45262848541433,569.8607283541933,151.64509515743322,10.645747612867305,3,-70.62085680629528,0.6703709360025358
1759928208788097300,2495.0280971679686,595.7001845724881,1.2776221450735397,142.8702802105448,-33.45263927497028,569.8854911215603,147.377165232529,10.670185159886895,3,-70.62084760387971,0.60370835731249
1759928209788067600,2496.028067626953,595.7565931789577,1.1713941391393619,155.76493344607556,-33.4526526555094,569.94189972803,151.0442571336239,10.79830282609389,3.2889419837586047,-70.62084226541792,0.5738206750313883
1759928210788036900,2497.0280368652343,595.8825664632022,1.4643444795105607,180,-33.45265557767792,570.0678730122745,151.52629028914535,10.802906952566154,3.3007927511115787,-70.62083528127683,0.24131828398756308
1759928211788006700,2498.028006591797,596.0151845291257,1.5636008403874222,180,-33.452668932914456,570.200491078198,151.52628673455942,10.85868188568463,3.3642054632483305,-70.6208287730383,0.42008010032055254
1759928212787977200,2499.027977294922,595.819465556182,1.5490191865811551,180,-33.45267961019153,570.0047721052542,151.5262808673443,10.718889709386682,3.3419809875081383,-70.620818228979,0.5207130412155386
1759928213787946800,2500.027946777344,596.0307420855388,1.5632433030619202,180,-33.452687468242246,570.2160486346111,151.52627928111488,10.776562642979568,3.326652730702475,-70.62081529154467,0.4708906654744159
1759928214787916300,2501.027916259766,596.2792026605457,1.2171000783195804,104.60097677703806,-33.452710098398214,570.464509209618,161.4405122663691,10.618190875937835,3.411960825421567,-70.62081117358767,0.9188623183163547
1759928215787886000,2502.0278859863283,595.9911064077169,1.0727484902761601,79.18384647078304,-33.45272468413137,570.1764129567891,170.00200755151639,10.470885544621991,3.3062964786230924,-70.62080968520402,1.0955011970070636
1759928216787856100,2503.0278562011717,596.5111834360287,1.242556208946681,139.96002461096847,-33.452724018961334,570.6964899851009,179.61995926698458,10.326499360312605,3.262431665856736,-70.62081443163716,0.4964742314906848
1759928217787825700,2504.0278256835936,595.9954456081614,1.1468013728047404,171.90971276112836,-33.45272997177965,570.1807521572337,163.37411805127826,10.12903576691453,3.158904291102814,-70.62080961140855,0.49049702655398736
1759928218787795500,2505.027795410156,595.7246147887781,1.3474435920608272,119.87094529169585,-33.45273856135259,569.9099213378504,166.75915905957154,10.049968983245392,3.0834874590606933,-70.62080894128489,0.6375173570193934
1759928219787766000,2506.0277661132814,595.9786242349073,1.1085735123426275,148.95194350766343,-33.45274426697432,570.1639307839796,169.69056860687155,9.826085616343814,3.0082930965085324,-70.62080973727807,0.6011228539940754
1759928220787734800,2507.0277348632812,596.0249424958602,1.1257902859176998,148.94013774999306,-33.45275164395906,570.2102490449324,170.74996175245462,9.810570296189884,3,-70.62080993123467,0.6020887022313213
1759928221787704800,2508.0277048339844,596.1129493443295,1.1441442016504393,159.98928362020078,-33.452757603161686,570.2982558934018,176.25431839405746,9.82785223018351,3,-70.6208135271893,0.5403682290101253
1759928222787674400,2509.0276743164063,596.1246262034401,1.4893065660101665,180,-33.452760349350456,570.3099327525124,176.5310453371182,10.111354121584037,3.1347447633248153,-70.62081879982485,0.29970200545651593
1759928223787645200,2510.0276452636717,596.1478741336614,1.5332453251641198,180,-33.45276954255749,570.3331806827337,176.5310444359913,10.389823867592606,3.170493727522296,-70.62081702445137,0.4531242896336962
1759928224787614000,2511.027614013672,596.0748929418623,1.5214971335244587,180,-33.452777683924815,570.2601994909346,176.5310429844195,10.427259362554507,3.1863141954307306,-70.62081409412018,0.5476723716872509
1759928225787583700,2512.027583740234,596.3263188637793,1.2055336149396805,126.85145791487035,-33.45278804279054,570.5116254128516,164.2062782786585,10.54033684939334,3.2206917633306493,-70.62080634983195,0.7102723414499961
1759928226787554300,2513.0275541992187,596.1251774113625,1.1415222371736884,114.79997362787452,-33.452797440909364,570.3104839604348,147.53935986117176,10.59202791518783,3.2523296704718985,-70.62079998456211,0.8053830335611534
1759928227787523600,2514.0275236816406,596.073565652594,1.1094822052341646,139.13296975689173,-33.452804890502925,570.2588722016662,164.01234608357848,10.468593745278499,3.2161435722282135,-70.62080844491511,0.6417730370325379
1759928228787493600,2515.0274936523438,596.1010058708489,1.1208101475627341,137.36516073726025,-33.45281129489121,570.2863124199212,166.12580151890313,10.231666670345238,3.1130848311769546,-70.62080766149829,0.6610711014457421
1759928229787463400,2516.0274633789063,596.2602577377111,1.111032769275452,100.44709333209438,-33.45282402396145,570.4455642867833,166.65335775983027,10.245365493750993,3.1548456238080846,-70.6208018741686,0.8563915958467356
1759928230787432700,2517.0274326171875,596.0644676471129,1.078505294427294,82.58877230246232,-33.4528417822209,570.2497741961852,162.47796588976675,10.24702991508029,3.21156939672733,-70.62078621783448,1.0516308615382859
1759928231787403000,2518.027403076172,596.2732347687706,1.0835475789250701,87.95960261305554,-33.452851995501206,570.4585413178429,159.87103100338675,10.11720811598304,3.197441795401909,-70.62077681569922,0.9819226211336397
1759928232787372300,2519.0273723144533,595.911134683527,1.1389199932630534,91.75433232495578,-33.45286175007686,570.0964412325993,162.11017761635694,10.14241166437791,3.2316981500427038,-70.62077129441782,0.9194019943982417
1759928233787342800,2520.0273427734373,595.9589978158474,1.1382069275767224,117.63419731988168,-33.452865135457046,570.1443043649197,161.52966007986177,10.113101367491078,3.507632979190987,-70.62076586961872,0.7449055544944745
1759928234787312400,2521.0273125,596.2833055723459,1.1956265063945752,129.2293968025532,-33.45287119278476,570.4686121214181,164.04438117711547,10.414483172400821,3.5941383166529532,-70.62076242097781,0.6699081679416394
1759928235787282000,2522.0272819824218,596.0598298162222,1.136094418656006,128.5700775767342,-33.45287964980631,570.2451363652945,160.12333961643253,10.502280255936858,3.5610993795680033,-70.62075645635912,0.7140038795766498
1759928236787252000,2523.027251953125,596.3090187665075,1.179879614079527,106.75166820261904,-33.452891158376104,570.4943253155798,161.80977321389875,10.500773212599398,3.501924566206304,-70.62075105166277,0.8357276581999771
1759928237787221500,2524.027221435547,595.9989198986441,1.0800687576848302,75.08919383199,-33.452910331985805,570.1842264477164,163.72938591361577,10.532325483865737,3.644993381904399,-70.62074251779617,1.1440087585868723
1759928238787191600,2525.0271916503907,596.0752271162346,1.0724415711270636,79.67329540081853,-33.45292594426937,570.2605336653069,167.10495134015028,10.338660500086087,3.600840211802787,-70.62073788703402,1.089184635307151
1759928239787161000,2526.0271611328126,596.1665342859924,1.0729150670765133,85.27885978705217,-33.45294436173059,570.3518408350646,168.17381425319977,10.288348649440106,3.5976799878161034,-70.62073286731498,1.0115949474550983
1759928240787131000,2527.027130859375,596.1843672962859,1.1050856488262135,82.00369802124963,-33.452960564184046,570.3696738453582,165.16489152528456,10.247102720531084,3.5296272726329545,-70.62072635223778,1.082562740287925
1759928241787100400,2528.027100341797,596.1487382631749,1.1128036707275355,72.66232086978486,-33.452978540992454,570.3340448122472,163.48036473624205,10.297391815979855,3.4801552578417176,-70.62071898882657,1.2375960580572183
1759928242787070700,2529.027070800781,595.9531279001385,1.1447740321739446,94.07871650726048,-33.45298661998426,570.1384344492108,164.4655863161027,10.102011543806029,3.311700947339819,-70.62071842626975,0.9753562323823145
1759928243787040300,2530.027040283203,596.0400130553171,1.1213655729417644,80.30690686533316,-33.453005800194425,570.2253196043894,167.32104643882198,10.02345260383946,3.267879331611328,-70.6207176372461,1.131336651049274
1759928244786421000,2531.0264208984377,596.0269734375179,1.0673646177706855,82.02583393808632,-33.45301972689818,570.2122799865901,164.23439877036478,10.010252525229824,3.3444032016146075,-70.62071233022968,1.0539340249855242
1759928245786602500,2532.0266025390624,595.9963814690709,1.122463658349419,87.60872549599918,-33.45303186776064,570.1816880181432,165.3099304147993,9.800273761008885,3.1921738205737773,-70.62070924202621,1.0374044486375522
1759928246786571800,2533.0265717773436,596.0493471929803,1.1838168353501646,85.89482124436137,-33.45304616358025,570.2346537420526,168.3018699534518,9.596966058081044,3.0095631794591604,-70.62070739624508,1.1165578550493889
1759928247787051000,2534.027051025391,596.185914978385,1.2395753536326715,82.8046065616591,-33.45305987322607,570.3712215274572,165.73769034273897,9.400004122670595,3,-70.62070266285399,1.1955843663074517
1759928248785878500,2535.0258784179687,596.1850655861199,1.1608551943623264,103.8295749838885,-33.45306438912582,570.3703721351922,154.68946877206622,9.23779017333376,3,-70.62068847679947,0.8841642258381666
1759928249785847300,2536.025847412109,596.1494613634422,1.0912034700809539,107.62581940930048,-33.45307737351499,570.3347679125145,156.17298280705944,9.14326949019058,3,-70.62067476545853,0.80137586815795
1759928250786312000,2537.026312011719,595.9853795897216,1.0470946777830994,141.1892752211707,-33.453084620485896,570.1706861387938,149.18773513705676,9.0060826365764,3.003879342966448,-70.62066576604903,0.5999949528310656
1759928251786645000,2538.0266450195313,596.0958234928548,1.0817242510641876,130.44033573812717,-33.4530984294846,570.2811300419271,157.1036196875177,8.792965344690108,3.016119183864987,-70.62065863880993,0.6284037616577842
1759928252786614500,2539.026614501953,596.1465804995969,1.1595531378087274,169.94209170280834,-33.45310643245638,570.3318870486692,154.61467037471317,8.718913763574307,3.056749315922605,-70.6206498168132,0.4542957039515881
1759928253786906600,2540.0269067382815,596.1504002958536,1.0906689315963503,105.06644034845587,-33.453121171205304,570.3357068449259,156.02787353169808,8.634133445511786,3.078419988260707,-70.62063947535354,0.7836398378256689
1759928254786059800,2541.026059814453,596.1373490104452,1.0489691020711562,93.79970548446447,-33.453135036496406,570.3226555595174,156.57460125564785,8.429377333328084,3,-70.62062951368847,0.8897306551846508
1759928255786029800,2542.0260297851564,596.2029398651794,1.101360322776278,127.99653035665911,-33.45314166727502,570.3882464142516,155.52853664797195,8.239242679183663,3,-70.62062420916702,0.6629165258766663
1759928256786207200,2543.026207275391,596.3055280996487,1.1942968284866862,156.95321219571287,-33.45314642009412,570.4908346487209,154.21398219409363,8.073665537098783,3,-70.62061993883738,0.5019747620686533
1759928257786375700,2544.026375732422,596.3542745318264,1.1176815479742492,103.24921228463552,-33.45316133789918,570.5395810808986,159.29859118454337,7.916606714535244,3,-70.62061445479658,0.8026782746878921
1759928258786345500,2545.0263454589845,596.2796271033585,1.0602684546158079,88.18965311446026,-33.45317651167889,570.4649336524308,157.81200286031483,7.847418828332328,3,-70.620605231583,0.9704169066245318
1759928259786316000,2546.0263159179685,596.2737943110988,1.0674123577954435,125.8398312846248,-33.45318295139817,570.459100860171,158.99236974620138,7.738902928559903,3,-70.62060012831313,0.6813216870240688
1759928260786284800,2547.0262849121095,596.0505225816742,1.066674448446821,100.62434434371252,-33.45319389870394,570.2358291307464,155.61788218788072,7.6236196719999505,3,-70.62058997398947,0.8111734342279926
1759928261786255400,2548.0262553710936,596.128749079071,1.037825931233057,125.13175418936683,-33.4532006283509,570.3140556281433,155.18219029772337,7.563514902331887,3,-70.62058620298147,0.6603027546953745
1759928262786225400,2549.026225341797,596.0837482018396,1.116451669889899,160.69876430787025,-33.45320594401075,570.2690547509119,156.8781170046296,7.534130780048702,3,-70.6205825905805,0.5413151514494905
1759928263786195000,2550.0261948242187,596.1208304632455,1.0953610060227823,166.97237279031688,-33.45321347833368,570.3061370123178,157.23034135336326,7.478354634495202,3,-70.62057708360733,0.5300414519344285
1759928264786165000,2551.0261650390626,595.8443680247292,1.3385725002857523,140.283410244014,-33.45322785491024,570.0296745738015,179.73739869222558,7.362842399520337,3,-70.62058135482923,0.44453027487116675
1759928265786133800,2552.0261337890624,595.6814957661554,1.4240465531233728,180,-33.45323768138165,569.8668023152277,175.71591758662495,7.170922653753615,3,-70.62057774445385,0.2930665350116744
1759928266786104000,2553.0261040039063,595.8105533430353,1.2655611912372744,133.85878876627712,-33.45325849714324,569.9958598921075,170.96953586366547,7.078343961534422,3,-70.62057492708135,0.6585739250095958
1759928267786074000,2554.02607421875,596.2128582652658,1.072064579431933,98.44663997715902,-33.453272604097776,570.3981648143381,155.1778740387757,6.986209431649214,3,-70.62056698599731,0.830712526438664
1759928268786044200,2555.026044189453,595.8186538200825,1.0567185347934238,75.11257724840173,-33.453288654648915,570.0039603691548,147.6016530721045,6.863524552451004,3,-70.62055571635999,1.0913171225644152
1759928269786013700,2556.026013671875,595.9869563616812,1.0008169673571032,76.5587193101229,-33.45329628255968,570.1722629107535,130.40614727282482,6.699424279840084,3,-70.62054219303874,1.0589821164226345
1759928270785983000,2557.0259829101565,595.654839720577,1.0229501207766434,68.25282556918987,-33.45330330824332,569.8401462696493,120.14722419886789,6.6477435426587235,3,-70.62052660152204,1.1442949746484947
1759928271785953300,2558.0259533691406,596.6418860657141,1.0752340503915603,57.093910713426084,-33.45330159288446,570.8271926147863,97.05543760957116,6.514368567292428,3,-70.62051022788674,1.124435392027876
1759928272785923000,2559.025923095703,595.6920654568821,1.0227136484116814,70.49611390728639,-33.45330513998071,569.8773720059544,92.81536664785204,6.31434780939573,3,-70.62049729919289,1.0507982342697577
1759928273785892900,2560.0258928222656,595.9847090821713,0.9759024460791026,59.826956344566874,-33.45330551807675,570.1700156312436,87.56241637086195,6.261525040690967,3,-70.62047775177602,1.3151690916110128
1759928274785862400,2561.0258623046875,595.9491952611133,0.9988122019693958,67.31796434267987,-33.45330184451597,570.1345018101856,79.52450855019558,6.169860114876533,3,-70.6204652929304,1.1776539471534864
1759928275785832400,2562.0258325195314,595.6645567137748,1.0726410681306457,79.85574075071965,-33.45330260862724,569.8498632628471,78.15482275706609,6.159964564828725,3,-70.62045575716974,0.9432816334742338
1759928276785802000,2563.0258020019533,595.8675887268037,0.9915025519486553,79.21586254118763,-33.453302827277035,570.0528952758759,80.5705210565885,6.03551156650912,3,-70.62043997507367,1.008153330151114
1759928277785771800,2564.025771728516,595.989442688413,1.0027792358923149,94.68650617242794,-33.453301223673,570.1747492374852,81.33535854927355,6.001547794750684,3,-70.6204278173941,0.8550521090880849
1759928278785741600,2565.0257414550783,595.6487640710548,1.1048809976534804,90.0010160280542,-33.45330390955391,569.834070620127,80.84598706158377,6.0872972132106025,3,-70.62041382261691,0.8828637428634584
1759928279785711900,2566.0257119140624,596.1658311337233,1.0369560965289415,72.01533677580248,-33.4533020550671,570.3511376827955,78.93411464281552,6.178820131016022,3,-70.62039422683394,1.1155430363166812
1759928280785681000,2567.025680908203,595.9105962039903,1.0507494903265993,92.58175043709039,-33.453302282504296,570.0959027530625,77.70437161698365,6.320152223641638,3,-70.62038595642856,0.9053599413979573
1759928281785651200,2568.025651123047,596.2485218020156,1.0384890714049941,79.19672542696038,-33.45330032180635,570.4338283510879,78.59136348257172,6.345419551113664,3,-70.62036812318259,1.023869134676476
1759928282785620700,2569.0256208496094,596.095774911344,1.007443190967482,77.14601205213512,-33.453299790305856,570.2810814604163,81.08424886646667,6.534211837307633,3,-70.6203508492904,1.0567238993382717
1759928283785590500,2570.025590576172,595.8620523912832,1.065637402986959,75.0729522248908,-33.45329800362471,570.0473589403555,81.25398900749298,6.388414127052664,3,-70.62033561636399,1.0701253730350324
1759928284785560600,2571.025560546875,596.048369682394,1.0205190998430593,79.62670966464384,-33.453298472213056,570.2336762314662,84.60787268690406,6.345942534902709,3,-70.62032025149513,1.0355495824759322
1759928285785530600,2572.0255305175783,596.2594650089741,1.0087859060538908,72.69235076678653,-33.45329217199449,570.4447715580463,74.7113299846257,6.320574252982003,3,-70.6203061048512,1.0641078984199854
1759928286785500200,2573.0255002441404,596.2216800190508,0.9977256119239081,84.16812318230252,-33.453290098002505,570.4069865681231,70.30269362981238,6.163164923906492,3,-70.62029163750772,0.9381991371287707
1759928287785469700,2574.0254697265623,595.7153989486396,1.0195913679243969,65.59047515828796,-33.45329100620454,569.9007054977119,75.52097606415865,6.010480634269451,3,-70.62027162563632,1.1104671211102493
1759928288785439500,2575.025439453125,595.9498545117676,0.9564480021143945,54.11754724350819,-33.45328738443015,570.1351610608399,73.28495409357318,5.898194832771251,3,-70.62024808104135,1.4311510679413801
1759928289785409800,2576.0254099121094,596.3843867415562,1.000334854670924,54.43502498178894,-33.453286853955014,570.5696932906285,75.06254350723319,5.78339676930223,3,-70.62022815646813,1.4089643840966846
1759928290785379300,2577.0253793945312,596.6702946340665,0.9891646369224824,51.605060902965164,-33.453294610860766,570.8556011831388,73.0715286841105,5.775778480366588,3,-70.62020454352319,1.4709496500236556
1759928291785348900,2578.025348876953,596.5692947963253,0.9136561074655327,45.222183672773376,-33.45329514768859,570.7546013453975,70.55046166485948,5.743453452203578,3,-70.62018010919392,1.6343560081265462
1759928292785319000,2579.0253188476563,595.9030838888139,0.8093339803548862,39.69822666982531,-33.4532904085803,570.0883904378861,68.56804112013936,5.76078906728399,3,-70.62016262760571,1.5144860202472472
1759928293785288400,2580.025288330078,595.963810486719,0.9321633710680609,47.405449694369,-33.4532902938815,570.1491170357913,70.83998613636898,5.7839295262385635,3,-70.6201428624598,1.5294971865502
1759928294785258800,2581.0252587890627,596.7794096302241,0.9496508201973439,48.693430993483965,-33.453291523159784,570.9647161792964,75.91424524038567,5.746271688737511,3,-70.62012342801984,1.4762909280554093
1759928295785228800,2582.0252287597655,596.2673294087872,0.9112503565201829,52.65478232647094,-33.45329279056634,570.4526359578595,74.99617783173599,5.683920036112186,3,-70.62010435238216,1.3981142648204141
1759928296785198000,2583.0251979980467,595.9233401278034,0.995985423862283,58.23813385841074,-33.45329420294502,570.1086466768757,70.57010126908442,5.576264096903374,3,-70.62008776806648,1.2954371150785982
1759928297785168100,2584.0251682128905,596.013633270748,0.9808986389250219,66.6884041230911,-33.45329348704306,570.1989398198202,68.50236528976846,5.5701862230805945,3,-70.62007385283223,1.1593675775793952
1759928298785137000,2585.0251369628904,595.891787873581,1.0122838364523221,73.862166554593,-33.45329751266086,570.0770944226533,77.24541114573577,5.527013292311647,3,-70.6200560847312,1.0564868071239337
1759928299785108000,2586.0251079101563,595.6957072941586,0.9981707001011535,59.78467972680646,-33.453298425677794,569.8810138432309,78.3520441141523,5.4808893691036245,3,-70.62003324977768,1.252783478281476
1759928300785076700,2587.025076660156,595.8537506107241,1.006727438587283,63.4517649635528,-33.453296413098165,570.0390571597964,72.29117665245542,5.351494538303233,3,-70.62001667805742,1.2799198334663575
1759928301785046800,2588.025046875,596.1751529313624,0.9685545113205962,59.91803105432893,-33.453295853816094,570.3604594804347,68.78662964834882,5.304716107038052,3,-70.62000243111719,1.2662231320501478
1759928302785016600,2589.0250166015626,596.1413600733504,0.8652303114562309,67.49086131324978,-33.45330106413863,570.3266666224226,73.47387809049721,5.248445307903948,3,-70.61999108643312,1.020880115136253
1759928303784987000,2590.0249868164065,596.1900889631361,0.9870600941049531,69.30584243059273,-33.45330216702237,570.3753955122083,78.37905570940408,5.233036428470389,3,-70.61997329960344,1.1233495112238907
1759928304784956400,2591.0249562988283,596.3581435680389,0.9385407151330398,61.16229668238393,-33.45329824860802,570.5434501171112,74.24866418707465,5.266881546854493,3,-70.61995422776644,1.1747562506799258
1759928305784926000,2592.0249260253904,596.2230605995283,0.9321466386311067,60.80825360189656,-33.453299593415224,570.4083671486005,71.44073041178918,5.285362793745987,3,-70.61993694103197,1.2396279309932325
1759928306784896000,2593.0248959960936,596.2479921719059,0.9637151472521689,53.00938619309222,-33.45329497573049,570.4332987209782,73.48669690791421,5.1775408203525135,3,-70.61991340361567,1.4723075569404311
1759928307784865000,2594.024864990234,596.227058284916,0.9320859580564075,60.59372336672727,-33.453293572191164,570.4123648339882,68.7816878021516,5.116248334303065,3,-70.61990137438882,1.246416100257282
1759928308784836000,2595.0248361816407,596.2690136488527,0.9208585231299768,66.66997350585055,-33.453296238895376,570.454320197925,73.73373597575102,5.186667611394789,3,-70.61988270987959,1.1188232250060182
1759928309784806000,2596.0248059082032,596.3286219239235,0.871858683345714,70.43122874137654,-33.45329570585073,570.5139284729958,72.48560866650652,5.3102545375597545,3,-70.61986729413373,0.9991075031180198
1759928310784775200,2597.0247751464844,596.3697882751003,0.9729192779439447,76.26032092362196,-33.45329724559391,570.5550948241726,73.42184072537628,5.338779580900985,3,-70.61984958020051,1.0246289152472907
1759928311784744200,2598.024744140625,595.9175100326538,0.9742523209721047,66.40183944892188,-33.45329976907455,570.1028165817261,77.73587929734781,5.392616288966492,3,-70.61982913579371,1.0003453540491312
1759928312784714200,2599.024714355469,596.1351047288626,0.9438489150096037,79.19083247918735,-33.4533011838095,570.3204112779349,79.43544468854255,5.343363960691405,3,-70.6198125246114,0.9594026554369885
1759928313784685000,2600.0246850585936,596.0274079078808,0.8990420924343135,72.72693480900703,-33.45330204133479,570.2127144569531,81.79406756719717,5.203011494716433,3,-70.61979910153413,0.974392355463828
1759928314784653800,2601.024653808594,595.8908659517765,0.9649417535501355,72.55759427343558,-33.45330374131626,570.0761725008488,79.8463106755292,5.215310665230314,3,-70.6197855172356,1.0081332272157966
1759928315784624000,2602.0246240234374,595.6370029849932,1.246881170500034,117.99093887074046,-33.45330500655705,569.8223095340654,69.92814697386174,5.17452018421992,3,-70.61978521728938,0.49683620900380626
1759928316784593700,2603.02459375,595.87851058878,1.0977005194352691,165.48268698283385,-33.453300401953015,570.0638171378523,58.99155844451536,5.16101863912024,3,-70.6197767615457,0.5107990866944428
1759928317784563700,2604.024563720703,595.7085753874853,1.0712482419939806,101.10070610956265,-33.45329495074914,569.8938819365576,64.17946185894246,5.191150149842864,3,-70.61976161790922,0.7883094286826186
1759928318784533500,2605.0245334472656,596.6899018930271,1.0044134633528357,53.473481609846964,-33.45328783611982,570.8752084420994,68.86430001669589,5.333455232420376,3,-70.61974212254296,1.1544920900287412
1759928319784503600,2606.0245036621095,596.4079422019422,0.818034213865143,69.51185407392764,-33.45328377932641,570.5932487510145,68.51425454827273,5.373258378657712,3,-70.61973265121776,0.9010795737054089
1759928320784472600,2607.02447265625,595.8348027467728,1.1090955496442247,70.19211838958198,-33.453283361007905,570.020109295845,74.18202880338721,5.464554322309423,3,-70.61971470392095,1.078788601796666
1759928321784443400,2608.024443359375,595.6448679156601,1.0679153320027848,65.86920526535488,-33.45328181205959,569.8301744647324,74.68294761612219,5.542060301116291,3,-70.61969989264165,1.065472070562235
1759928322784412400,2609.024412353516,595.672874737531,1.085731312154537,71.09300127346386,-33.45327879354128,569.8581812866032,72.21748772372656,5.837283869761571,3,-70.61968399360426,1.1154245430918015
1759928323784382500,2610.024382568359,595.8901546457782,0.9095161842148237,56.17503373262278,-33.45327435813297,570.0754611948505,74.74088524802147,5.822687680478817,3,-70.61966242821177,1.3067046535485967
1759928324784351700,2611.0243518066404,595.8939316179603,0.9488435678295716,57.4679244140293,-33.45327159670073,570.0792381670326,73.57038803609251,5.767911540268708,3,-70.61964601018994,1.334708790798381
1759928325784322300,2612.024322265625,595.7220194283873,0.9770411446178557,74.18348656787522,-33.453268225425724,569.9073259774595,71.88570784065757,5.63947566716829,3,-70.61963546975736,1.0162054116831227
1759928326784292000,2613.0242919921875,595.2162679471076,1.140948879666617,66.45359015836638,-33.45326602414461,569.4015744961798,74.0565105254825,5.672747965284343,3,-70.61962098885523,0.9453646306841321
1759928327784261000,2614.0242612304687,595.6137904562056,0.9578901001777776,91.92116121812798,-33.4532628166575,569.7990970052779,72.19322953880202,5.59441882997945,3,-70.61960967738831,0.8292099273421297
1759928328784231200,2615.024231201172,595.733611238189,1.0200282738925035,81.84198873010939,-33.4532599616208,569.9189177872613,75.01139710534524,5.681729658230135,3,-70.6195929312368,1.0071889805290113
1759928329784201500,2616.024201416016,595.875938824378,1.0267076613067236,77.30498357239196,-33.45325576143641,570.0612453734502,73.449667723847,5.690183755043588,3,-70.61957851498025,1.0550968931412157
1759928330784171000,2617.0241708984377,596.0599217694253,0.9972811862159969,68.48006127703606,-33.453252452833816,570.2452283184975,70.06930665832996,5.659366188781678,3,-70.6195616117235,1.1172947323808433
1759928331784140300,2618.0241403808595,595.9648810755461,0.966540417380515,75.13007517471534,-33.453248269606256,570.1501876246184,66.11114383356,5.7049003643855665,3,-70.61954895149617,1.039221898918496
1759928332784110600,2619.024110595703,595.8428766047582,0.9588893894227527,81.25021219538765,-33.45324288373258,570.0281831538305,65.09524424425503,5.6204403418203,3,-70.61953703953186,0.935146334915288
1759928333784080600,2620.024080566406,596.017869900912,0.9615807913190345,73.98401207659666,-33.453236923466235,570.2031764499843,65.18294603156544,5.521563247527194,3,-70.61952056182423,1.0459831895096932
1759928334784050700,2621.02405078125,595.8706426210701,0.9129764078718133,55.368033230142245,-33.45323302616245,570.0559491701424,68.65735216122094,5.429245792160751,3,-70.61949814499849,1.325906218341779
1759928335784020000,2622.0240200195312,595.6604463933036,0.9206922432747257,70.53045670180991,-33.45322920677895,569.8457529423758,64.30516768032044,5.32214654326587,3,-70.61948838904743,0.9448360708076571
1759928336783990000,2623.0239899902344,595.4338099658489,0.9633430662275332,52.774421856907374,-33.4532261936702,569.6191165149212,67.08948303121052,5.286358333525329,3,-70.61946661781873,1.249576793357171
1759928337783959300,2624.0239592285157,595.4404579317197,1.0120552975335828,56.58071936319669,-33.45321565285397,569.625764480792,58.873664042063,5.233316035414432,3,-70.61944951105855,1.3203784795662123
1759928338783929000,2625.023929199219,594.9925287785009,1.1007213747534907,59.29626148050646,-33.45320703757344,569.1778353275731,46.75908000482568,5.11299842539511,3,-70.61943952879534,1.1295412862049545
1759928339783899400,2626.0238994140627,595.0986062474549,1.0314317208311308,57.08300247155599,-33.45320730040869,569.2839127965271,50.94496061431292,5.073279387183061,3,-70.61942040120582,1.2103281516595237
1759928340783868700,2627.023868652344,596.2611741581932,1.034356223717492,55.713478955673274,-33.45320499390322,570.4464807072654,51.68627753866663,5.037287450863871,3,-70.61940135993396,1.2098413319081112
1759928341783839200,2628.023839111328,595.9834079062566,0.941301046025551,92.87529361562264,-33.45320177767366,570.1687144553289,53.29687310529399,5.004681302393036,3,-70.61939087512941,0.7919181084484542
1759928342783808300,2629.023808349609,595.9374756570905,0.7636918556590169,93.88754805826999,-33.45319640476555,570.1227822061628,53.069749554256404,5.088975455538924,3,-70.61937543340454,0.6568856027917224
1759928343783778800,2630.0237788085938,595.7451690221205,0.8388421215515742,68.81529785543346,-33.453193582029606,569.9304755711928,66.0764962897748,5.116088548375021,3,-70.61935796443504,0.8258471590386274
1759928344783747600,2631.0237475585936,595.003714687191,1.3008003486291047,50.39346009371825,-33.45319123248049,569.1890212362632,62.97592084569515,5.09736930402107,3,-70.61933991295425,0.6512096492668744
1759928345783718000,2632.0237177734375,595.252957675606,1.2096784896821604,82.60998819728049,-33.453188037014506,569.4382642246783,73.8153059203965,5.0012073976515445,3,-70.61932483910854,0.8263169100297767
1759928346783687700,2633.0236877441407,595.214785608463,0.964030782861356,60.297557561296514,-33.45318609807703,569.4000921575353,76.45889426427459,5.044108419210196,3,-70.61930422479091,1.1389328704235668
1759928347783657500,2634.0236574707033,595.2628182601184,0.9483784698010033,73.78146351904317,-33.45318577405512,569.4481248091906,77.94759077198295,5.025895784874628,3,-70.61928918542655,0.908556078448203
1759928348783628000,2635.0236279296873,595.3169391499832,0.9486716321634017,79.38523906173299,-33.45318476675324,569.5022456990555,78.53212776989334,4.984142437721086,3,-70.61927446623363,0.8274682221992378
1759928349783597600,2636.02359765625,595.6768612787127,0.9847579938438937,149.08308415459763,-33.45318500771548,569.862167827785,83.91794294803995,5.05198625437042,3,-70.61925687017107,0.5245760668437947
1759928350783566800,2637.023566894531,595.7795756915584,0.9667936298369196,178.97953044231386,-33.453181512256876,569.9648822406307,94.34259694149341,5.022026693355782,3,-70.61923617515858,0.43512217553003785
1759928351783537200,2638.023537109375,595.6808380745351,1.0579088950055762,129.1613571680471,-33.4531838641293,569.8661446236074,107.93483534209496,5.0466096347161695,3,-70.61921757880634,0.6079541792236964
1759928352783506400,2639.023506347656,594.8904686020687,1.1497945967179217,49.703117282847835,-33.45318046678713,569.075775151141,93.60150502967183,4.984441762446021,3,-70.61918780678575,1.2739099062495747
1759928353783476700,2640.0234768066407,595.1631768848747,1.012701648525125,52.65971229329956,-33.45317989227051,569.348483433947,91.7099847557428,4.96658643857886,3,-70.61916666142768,1.4594528004164002
1759928354783445800,2641.0234458007812,595.3643899532035,0.9360287685754262,56.78245401624273,-33.45318426886966,569.5496965022758,91.05723577621825,4.905138476346799,3,-70.61915217105467,1.3122543242746072
1759928355783415800,2642.0234157714845,595.8258625976741,0.9485804995018202,55.42966829732389,-33.45319168754905,570.0111691467464,91.21392689364504,4.870349869929067,3,-70.61913500077105,1.3422154648711944
1759928356783385300,2643.0233852539063,595.5135172698647,0.9532198870010559,56.464295563409976,-33.45319266565236,569.698823818937,85.70394402049261,4.769302303980444,3,-70.61911805033395,1.3380229130574612
1759928357783355100,2644.0233552246095,596.3061706479639,1.0113347559558983,66.09244123841748,-33.45319395332982,570.4914771970361,80.42573000906468,4.799753584028131,3,-70.61910808510169,1.0878081886195616
1759928358783325700,2645.0233256835936,596.2116912268102,0.9312131929591029,90.2123252955702,-33.45319682318414,570.3969977758825,78.11611864930309,4.721656257627604,3,-70.61909966651817,0.7730175120193252
1759928359783295200,2646.0232951660155,596.1816357206553,0.99971065542519,148.61289995468434,-33.453196341255996,570.3669422697276,71.92542928007289,4.745836746508053,3,-70.61909149407354,0.5374191511297116
1759928360783264500,2647.0232644042967,596.1739971479401,1.0006611564663512,141.63765697722044,-33.45319790400192,570.3593036970124,78.05420020766226,4.735900032508059,3,-70.61907892394505,0.5709604143228357
1759928361783235000,2648.023235107422,595.9890158697963,1.0087307438248878,94.70335486782193,-33.45319479037243,570.1743224188685,76.09927129221863,4.810297393605569,3,-70.61906142948135,0.828845606499197
1759928362783204600,2649.0232045898438,595.5000226935372,1.1174772921285805,67.75808304130811,-33.453195563830846,569.6853292426094,83.540297347898,4.82794580959195,3,-70.61904873676825,0.8750077639273484
1759928363783174400,2650.0231743164063,595.3264647638425,1.073479654193025,59.41958463914185,-33.45319684287907,569.5117713129148,89.20752242523245,4.839455935833408,3,-70.61903308234865,1.0498732513308247
1759928364783144200,2651.0231442871095,595.6480046017095,0.9949794345991148,71.33123661141887,-33.453194931927904,569.8333111507818,88.81922393447839,4.762445662001192,3,-70.61902084220618,1.0728039611355211
1759928365783114000,2652.023114013672,595.4699236350134,0.97229108573278,58.321273222899165,-33.45318841334304,569.6552301840857,83.2486497445313,4.742512527228477,3,-70.6190008743938,1.2959796244672577
1759928366783084000,2653.023083984375,595.5327547639608,0.8730777878032842,51.01414025640759,-33.45318698473278,569.7180613130331,81.91383076941823,4.819938650880886,3,-70.61898346018029,1.3750074938895915
1759928367783053300,2654.0230532226565,595.5464976476505,0.952384871500398,71.92059968225739,-33.453185689771864,569.7318041967228,80.77247564232908,4.756683927375918,3,-70.6189733758965,1.0556244857432708
1759928368783023900,2655.023023925781,595.6132265636697,0.9652019682606441,80.50250496055884,-33.45318336554105,569.798533112742,80.85278894319083,4.775929817469156,3,-70.6189610908081,0.9637674794843372
1759928369782993200,2656.0229931640624,595.1179764000699,1.1242621472205478,73.05891635960867,-33.45317818563927,569.3032829491422,71.07841401336643,4.912288781439027,3,-70.61895171131812,0.8261468847119267
1759928370782418000,2657.02241796875,595.0421341713518,0.8285481517452106,64.43240455811372,-33.45317827276248,569.227440720424,82.77590232866378,4.960837001033692,3,-70.61893862884644,0.6901845549802111
1759928371782611200,2658.0226110839844,595.5557337403297,1.0143058047419258,76.2864853004439,-33.45317723784348,569.741040289402,84.98162795964171,4.931777156385573,3,-70.61891925360445,1.062690738097039
1759928372782581200,2659.0225812988283,595.4158289600164,0.8782363939946992,52.702425604511106,-33.4531740423156,569.6011355090886,84.99585424260734,4.919589660118335,3,-70.61889792095613,1.3384208138719962
1759928373782931700,2660.022931640625,595.6672292109579,0.9400738898269907,59.39450701893318,-33.453167449579404,569.8525357600302,79.76957569487084,4.847379772878546,3,-70.61888340010934,1.2792516778940406
1759928374781975800,2661.021975830078,595.6238159062341,0.8644069271828481,48.69364302029709,-33.453165961338115,569.8091224553064,83.1337981615984,4.860682620904124,3,-70.61886041794271,1.437583664325115
1759928375781946000,2662.021946044922,595.9808848295361,0.9007796432401419,53.34093859016908,-33.45316130547432,570.1661913786083,80.01994042865608,4.758859525167858,3,-70.61884173220206,1.3248179125943602
1759928376783039500,2663.023039550781,595.6028240164742,0.9212641654695943,53.417007203699505,-33.453156447101485,569.7881305655465,77.89487473652105,4.7403851398695975,3,-70.61882294753538,1.3748938677705114
1759928377782295800,2664.0222958984373,595.7925086226314,0.8650540119724235,54.92376219482054,-33.4531544682118,569.9778151717037,76.96012505324781,4.898788982735996,3,-70.61880769530777,1.2758304829459959
1759928378782265000,2665.022265136719,595.696784007363,0.9010419929822392,73.73563260171976,-33.45315210599579,569.8820905564353,75.31518766319645,4.930851531845044,3,-70.61879620464185,0.9627603807897724
1759928379782748200,2666.022748046875,595.4150396129116,0.9990898134114595,64.08854431428368,-33.45315049883985,569.6003461619839,80.32645601739077,4.825404449726005,3,-70.61877507893718,1.089374071545796
1759928380782839300,2667.022839355469,595.6680602217093,0.9510728833282702,74.06001778869492,-33.45314713978857,569.8533667707816,76.9925070127437,4.775828424064666,3,-70.61876102042339,1.0317367251704106
1759928381782808300,2668.0228083496095,596.0671345405281,0.969166563728565,71.37415372230831,-33.45315515261984,570.2524410896003,83.7686577559572,4.811588778446758,3,-70.6187420255068,0.9973209210989701
1759928382782319900,2669.022319824219,596.4135920405388,0.7720542309099561,53.21307520530612,-33.4531494530225,570.598898589611,77.19391496117814,4.795266609623734,3,-70.6187197634041,0.9608781823171775
1759928383782152400,2670.02215234375,596.3028277019039,0.7212829873854083,64.22935333946083,-33.453151941533996,570.4881342509761,82.31225508289275,4.77644707154329,3,-70.61870016129708,0.8871866218474597
1759928384782122200,2671.022122314453,596.4402828654274,0.8913133069018213,63.34602170961114,-33.45315894143979,570.6255894144997,88.90566112917405,4.7781306263212,3,-70.61867637971625,1.1004245681116696
1759928385782093000,2672.0220930175783,596.1308898031712,0.9170154429178594,58.2012598634074,-33.45316539105306,570.3161963522434,87.79554486481655,4.7587810428918536,3,-70.61865672963033,1.2299502921437928
1759928386782061800,2673.022061767578,596.2210325226188,0.8992345809568995,62.029865432073976,-33.453166499729896,570.406339071691,85.58464643908121,4.7497497833282525,3,-70.61864032332487,1.1602820909437586
1759928387782031600,2674.0220314941407,596.1652792980894,0.9147191349563315,67.11053648593936,-33.45317009848035,570.3505858471617,86.07633141913928,4.793603363864528,3,-70.61862444094061,1.0730971321723972
1759928388782002400,2675.022002441406,595.9821422994137,1.0528500856541583,78.90340864107262,-33.45317666996567,570.167448848486,95.57432248111745,4.879373207385787,3,-70.61860922983622,0.9422526499112771
1759928389781971500,2676.0219714355467,596.2717386828735,0.7426328918249165,53.3796592335618,-33.45318346375906,570.4570452319458,93.6837466157236,4.867223176863834,3,-70.61858920587767,1.1268257666066233
1759928390781941200,2677.021941162109,596.2523977775127,0.9131981393749977,58.90275743911381,-33.45318878025271,570.4377043265849,96.09954013570048,4.926250776567615,3,-70.61856985518376,1.2557574280722748
1759928391781911600,2678.0219116210938,596.0594008965418,0.9231611984950567,51.48816954946377,-33.45319424475757,570.244707445614,94.62723687599504,4.9037375182278895,3,-70.61854683347923,1.4246622108838627
1759928392781881000,2679.0218811035156,595.8116189632565,0.9694896518830959,58.66497641055256,-33.45319767713756,569.9969255123287,93.03207235955274,4.864176335225013,3,-70.61853242843935,1.2088163552662035
1759928393781851000,2680.021850830078,595.7934120744467,0.9569852650690531,61.04591192976516,-33.453199554763046,569.978718623519,91.46519261782775,4.869678560516056,3,-70.61851499544714,1.1613685861354968
1759928394781820400,2681.0218203125,596.263859112747,0.8979655890188135,65.87311261188817,-33.45319411752244,570.4491656618193,85.59621184387505,4.893409240641859,3,-70.61849843388684,1.078860806934011
1759928395781789700,2682.021789794922,596.1860797954723,0.8800474647216272,105.02837609563298,-33.45318652116157,570.3713863445446,74.4699110399903,4.9478226795214555,3,-70.61849174668502,0.6746696988717742
1759928396781760300,2683.0217602539065,595.8710329923779,1.1515563049003492,104.25665643130955,-33.45318352303103,570.0563395414501,87.26087916058641,4.886689243820341,3,-70.61848043656839,0.6827381736700827
1759928397781730000,2684.0217299804685,595.9241485456005,1.0197967274264843,65.05661441730241,-33.45318090808082,570.1094550946727,86.16516594398765,4.90099298567393,3,-70.61845782357875,1.2419449363690287
1759928398781699300,2685.02169921875,595.959468591027,0.8248094081095929,52.36931706570526,-33.453190299145405,570.1447751400992,84.52180261805144,4.962612272257651,3,-70.6184406087466,1.2496945993158435
1759928399781669400,2686.0216694335936,596.4033970870078,0.7969745035087756,50.59656648290766,-33.453182557185876,570.58870363608,81.36615111758923,4.942670670934554,3,-70.61842434973342,1.209145024057618
1759928400781639200,2687.021639160156,596.1250158632174,0.8151660401358324,52.881580755816465,-33.453190857604646,570.3103224122897,83.18295184853396,4.987190561572481,3,-70.61840676691958,1.2270319905622593
1759928401781609000,2688.0216088867187,596.0186213999987,0.8439289982221643,55.531403391025854,-33.453186523829956,570.2039279490709,83.26657888588001,5.0455337385185475,3,-70.6183931780908,1.1788856077196606
1759928402781578500,2689.0215786132812,596.1624123230577,0.806288277220644,73.80382989402882,-33.45318935462861,570.3477188721299,84.18695400785623,5.020877797698872,3,-70.61838596014012,0.8697516110890408
1759928403781548500,2690.0215485839844,596.7479273863137,0.9883038031683138,67.28162012311775,-33.45319669036342,570.9332339353859,91.03617164480961,5.091083408724164,3,-70.61837021315581,0.8736125648356141
1759928404781518800,2691.0215187988283,596.7897592457011,0.9069090232786061,65.20069034615048,-33.453193380733396,570.9750657947734,87.31416437994032,4.998948180886034,3,-70.61835861672401,0.8409193088866102
1759928405781487900,2692.021487792969,596.6903583910316,0.8375447691178073,72.06895829979396,-33.45319020246726,570.8756649401039,86.9508617596507,4.887293201608383,3,-70.6183457826091,0.8284030751938897
1759928406781457700,2693.021457763672,596.7959982296452,0.8289341292941894,54.19024123035471,-33.45319816862418,570.9813047787175,94.79010282345091,4.927259282409683,3,-70.61832407216076,1.148737243720335
1759928407781428200,2694.021428222656,596.7395667880774,0.9295057770732013,54.7803783848453,-33.453199002476964,570.9248733371496,90.73177013843352,4.996561111248978,3,-70.61830263053307,1.3676966549351872
1759928408781397200,2695.0213972167967,596.7645376147702,0.8544261584725918,52.38109980754767,-33.45319851578515,570.9498441638425,88.08161434256321,5.127222300837298,3,-70.61828712642543,1.3207591386971234
1759928409781367300,2696.0213671875,596.849646024406,0.9407292780564508,65.57832118982289,-33.45320121229218,571.0349525734782,81.52991986521047,5.26678631458519,3,-70.61827291360748,1.159603726064753
1759928410781336800,2697.0213369140624,596.8995135473087,0.7783542487702066,63.40646743110117,-33.45320081882821,571.084820096381,81.4843837536721,5.338491147107475,3,-70.61826109101084,0.9784795627519172
1759928411781307100,2698.0213071289063,596.7038116278127,0.9299794421373735,89.65755330872577,-33.45319549800196,570.889118176885,73.61851918336635,5.296007029231011,3,-70.6182496935331,0.8252635473213273
1759928412781277200,2699.0212770996095,596.6937378514558,0.9499744994380203,123.33464198975406,-33.45319278425543,570.8790444005281,67.23375241009153,5.450618200008928,3,-70.6182443611015,0.5882850446818896
1759928413781246700,2700.021246826172,596.3113431734964,1.2625989857368334,72.47449349680511,-33.45318695068887,570.4966497225687,72.13385236783428,5.664410324712581,3,-70.61822512852851,0.9716612277035973
1759928414781216300,2701.021216308594,596.2567003555596,1.0320983208465355,49.77358863558029,-33.45317793089692,570.4420069046319,71.86854285195012,5.767219642704832,3,-70.61819706918594,1.562994794479583
1759928415781186000,2702.0211860351565,596.1607825644314,0.6526544738195291,43.55980500851843,-33.45316727217646,570.3460891135037,74.35256016008815,5.852918073528218,3,-70.61818004089685,1.141808723660325
1759928416781156000,2703.021156005859,596.7014103392139,0.9967729732870506,55.52274625042569,-33.453163739563735,570.8867168882862,75.1737847533131,5.792333314307526,3,-70.61815930153635,1.4100783065577487
1759928417781125600,2704.0211257324218,596.0069301687181,0.9680870343338053,44.641057061282865,-33.45314850678899,570.1922367177904,77.92467628431618,5.748643907473969,3,-70.61813714138991,1.6313853428969085
1759928418781095200,2705.0210952148436,596.8631532490253,0.7644864525242443,49.6622831853709,-33.45315181425561,571.0484597980976,80.55327589472235,5.804797039998221,3,-70.61812969149284,1.1356864202046926
1759928419781065700,2706.021065673828,597.0302243521437,1.0613865913255331,72.54003040736298,-33.45314402328897,571.215530901216,74.10487386533612,5.947884613453076,3,-70.61811625846705,1.10259614583435
1759928420781035500,2707.0210354003907,596.7061510104686,1.0012796287698378,70.65749464907306,-33.453142689071555,570.8914575595409,85.36254232702522,5.943949473634173,3,-70.61810210038601,1.1071784153398956
1759928421781004800,2708.0210048828126,596.7029708707705,0.9506742793911549,74.59645903955624,-33.45313730764456,570.8882774198428,83.37127740787118,5.9884153394459725,3,-70.61809325741933,0.9951678330455975
1759928422780974800,2709.020974853516,596.8786757420748,0.9345155170901283,78.10686970825502,-33.45313214515023,571.0639822911471,76.11777050015128,5.899205432652003,3,-70.61807988216079,0.9691986061423242
1759928423780944400,2710.0209443359377,596.6556885931641,0.698190354828444,54.129183576805694,-33.4531317249503,570.8409951422364,80.97876068408705,6.036727113244524,3,-70.61806519075797,0.973948774107827
1759928424780914400,2711.020914550781,596.8427730500698,0.9069580852433892,76.14834228596911,-33.45313028296185,571.0280795991421,83.3336908493382,6.147898496447834,3,-70.61804888869752,0.964741510050829
1759928425780883700,2712.0208837890623,597.0094957500696,0.9314585051855081,76.62953533068598,-33.45313000276033,571.1948022991419,85.41723683050952,6.416758202276478,3,-70.61803147674756,0.9599230186372631
1759928426780854300,2713.020854248047,597.0047939345241,0.6658831483773369,65.46697258725008,-33.4531385841841,571.1901004835963,86.94535988760774,6.748661755358315,3.156103216834807,-70.61801048051232,0.8161496488226624
1759928427780823800,2714.0208237304687,596.7474918961525,0.7435733819333781,59.58314408954979,-33.45314198523697,570.9327984452248,78.639339992592,7.0620973363733475,3.314693507112784,-70.61799317630582,0.7568862434465989
1759928428780793900,2715.0207939453126,597.0294172372669,0.9876712059558279,93.87047340585148,-33.4531534642344,571.2147237863392,88.3726847789631,7.2206835969716145,3.332613671432683,-70.61797578413969,0.8318652617366147
1759928429780763400,2716.0207634277344,597.3801794517785,0.713918814058104,50.63589014063226,-33.453162102236206,571.5654860008508,88.69845610428231,7.446488727474733,3.527647909843137,-70.61795301721429,1.0611366712564996
1759928430780733700,2717.0207336425783,597.273927279748,0.9654494978968364,67.27424829239499,-33.45316389911206,571.4592338288203,90.4214782700317,7.665367153239501,3.4872643114713306,-70.61793365301399,1.1628176209944694
1759928431780702500,2718.020702392578,597.4491250868887,0.9873817267321616,71.01153337842511,-33.45316336238284,571.6344316359609,88.82817747886367,7.690168152587365,3.43189491660641,-70.61791842037428,1.1088112548704931
1759928432780672500,2719.020672607422,597.5162799591199,0.8679113194672189,61.575296244032266,-33.45316111879119,571.7015865081921,85.66816001862087,7.657125431845264,3.400266490232729,-70.61790075259435,1.1306419612932677
1759928433780643000,2720.020643066406,597.4408001638949,0.8187382404210093,61.53642335824476,-33.45315936277171,571.6261067129672,84.49686715245484,7.616897324858523,3.3868654134849288,-70.61788503424702,1.0732067867592125
1759928434780612000,2721.0206120605467,597.4117650920525,0.983963384782295,90.69740837733444,-33.453158050307614,571.5970716411248,81.97984052520766,7.544125658830106,3.2794012940079553,-70.61787357338284,0.8687196782946326
1759928435780581600,2722.0205815429686,597.5250793769956,0.9499565447697802,91.43467474195681,-33.4531593506984,571.7103859260678,82.4456931663595,7.522493956754959,3.2421037424571053,-70.61786018243171,0.8354153169084322
1759928436780552400,2723.0205524902344,597.0728442883119,1.088150220599035,92.50864478237094,-33.45315948315083,571.2581508373842,77.3151041569683,7.395637563318649,3.1956852955760793,-70.61784925227757,0.6780685774815336
1759928437780521500,2724.020521484375,597.4061434613541,0.9858790945092579,121.75211253154254,-33.45316104688495,571.5914500104263,79.31352387282668,7.311762084099751,3.1505624674299417,-70.61783778233705,0.6508823729120455
1759928438780491300,2725.0204912109375,597.4330105539411,1.018799190912109,108.15260361347751,-33.453160846423046,571.6183171030134,77.96343135780474,7.2658213560726645,3.2319159392670302,-70.61782361928626,0.7575984660308909
1759928439780461300,2726.0204614257814,597.567341121845,0.9245617419315679,90.48088498458587,-33.45316108319423,571.7526476709172,78.7552040078553,7.172463485600003,3.121334121644676,-70.61781296652632,0.7886348089374782
1759928440780431400,2727.0204313964846,597.0685856314376,0.9832698030106128,64.25707368795386,-33.4531664434471,571.2538921805099,87.97113444794857,7.100097628989352,3.026880122037588,-70.61779192645878,1.076543170915146
1759928441780400600,2728.020400634766,597.240123574622,0.9381002534536695,65.49623384574238,-33.45316334040064,571.4254301236942,84.66741443411115,7.303361548237471,3,-70.61777672889356,1.1419136334083346
1759928442780370700,2729.0203706054685,596.8838453488424,1.022013783156061,55.453977706439986,-33.45316025184505,571.0691518979147,86.66241655974314,7.515786738615463,3,-70.61775701076687,1.279595694790149
1759928443780340500,2730.0203405761717,597.3403739780188,1.057439413213057,60.84503111189468,-33.453154132994364,571.525680527091,86.42593714543149,7.457704682549476,3,-70.6177377587615,1.4069340208667775
1759928444780309800,2731.020309814453,597.1033257264644,0.6568601480816136,44.781100182992866,-33.4531401794763,571.2886322755367,73.6540943419879,7.493515575705261,3,-70.61772634472663,1.1553455896671618
1759928445780279600,2732.0202795410155,596.6954209469259,0.7416599438606979,41.260102447740735,-33.45313267620948,570.8807274959981,75.13984164860406,7.482138583077642,3,-70.61771002472948,1.2090095147729847
1759928446780249600,2733.0202495117187,597.1008664863184,0.688065080435139,43.51700540663108,-33.45312760068638,571.2861730353907,79.92906444555352,7.514517649861738,3,-70.61769427825942,1.25848999154931
1759928447780220000,2734.0202199707032,597.1245225751773,0.9360547433446205,60.20781506211782,-33.45312590911714,571.3098291242495,86.76638625735008,7.560509180865341,3,-70.6176774845944,1.2434848039740258
1759928448780189700,2735.020189697266,597.5603521745652,0.656394248701012,44.255603286213706,-33.45311844841532,571.7456587236375,82.78470139474864,7.485219597178802,3,-70.61766383845124,1.133582811246308
1759928449780159500,2736.0201594238283,597.6684377063066,1.0193414661609006,72.04293754851538,-33.45311557678105,571.8537442553788,87.7314750187555,7.4268764207449856,3,-70.61765033802631,1.0691083568163695
1759928450780128500,2737.020128417969,596.8117601657286,1.0077461268981183,57.091629041279035,-33.45311012966443,570.9970667148009,85.48471833849494,7.239397333461822,3,-70.61763679359302,1.0377652244316857
1759928451780098800,2738.020098876953,596.8805610975251,0.910312091436762,62.68348823670774,-33.453105842955594,571.0658676465973,81.73175551074074,7.037090682497843,3,-70.61762650980971,0.9641072367541841
1759928452780068900,2739.020068847656,597.7722876286134,1.0616559408110056,72.70837550201416,-33.453100046525265,571.9575941776857,76.53390124477393,6.958217589690243,3,-70.61761464409504,0.9194248038640296
1759928453780039200,2740.0200390625,597.7865042956546,0.8913417015764492,68.16623425575962,-33.453095335379835,571.9718108447269,78.05433805355655,6.848460340224505,3,-70.61760100733761,0.9004972510528274
1759928454780008200,2741.0200083007812,597.8998460099101,0.8841760395133001,80.11274404081091,-33.453091922383095,572.0851525589824,76.13921939020902,6.782216214873693,3,-70.61759488356326,0.7548656730732056
1759928455779978500,2742.019978515625,597.7727657547221,0.9779370528821321,166.9104479836826,-33.453089431569964,571.9580723037943,66.54312927360304,6.787637722069284,3,-70.61759415355645,0.4449834416675102
1759928456779947800,2743.0199477539063,597.7942184247077,1.0810275322447829,171.2112778715778,-33.45308392933312,571.9795249737799,66.26281804065542,6.743337141409769,3,-70.61758527134594,0.49101047103226414
1759928457779918000,2744.01991796875,597.3650255650282,1.089244164115899,115.06264298870505,-33.45307990937962,571.5503321141005,69.7725649032828,6.594134527924505,3,-70.61757316594417,0.6877211586007459
1759928458779887600,2745.0198876953127,597.0945159588009,1.0723277994115097,62.26893261592498,-33.45307406571326,571.2798225078732,72.58924843752764,6.496907722642417,3,-70.6175490212544,1.2467847053892642
1759928459779856600,2746.0198566894533,597.0353804128245,0.9950798550543314,57.40332734592917,-33.45307030555325,571.2206869618967,75.71727547049322,6.430609660740264,3,-70.61753174411159,1.2987007909840007
1759928460779826700,2747.0198266601565,597.1830978970975,0.9790268436504298,56.94935348351325,-33.45306996114198,571.3684044461697,79.09760019151648,6.409274263098073,3,-70.61751153987922,1.3741705824743564
1759928461779796700,2748.019796630859,597.1215461995453,1.0118947123906519,86.74875088651197,-33.45306164478908,571.3068527486175,64.87206605853298,6.356121201022581,3,-70.61750688008891,0.8929864102807673
1759928462779766500,2749.0197666015624,597.2768564000726,0.9664784796569038,93.60456845227034,-33.453058078487786,571.4621629491448,66.56706460606463,6.277310958466641,3,-70.61749314302942,0.830381587406973
1759928463779736000,2750.0197360839843,597.922483228147,1.0156412091863372,65.02548231458127,-33.45305490380671,572.1077897772193,72.43282693302515,6.226822109851261,3,-70.61747771670449,0.8542594305930603
1759928464779706000,2751.0197060546875,598.1038190796971,1.1661727191237892,70.5244527464598,-33.45305529902259,572.2891256287694,79.00511282558267,6.164850628660939,3,-70.61745957575809,0.918460361353279
1759928465779676000,2752.0196760253907,597.5395895456895,0.886539373317064,64.19410258312124,-33.453054069611476,571.7248960947618,82.29372333359883,6.162414215728676,3,-70.61743883560315,1.1163544053874683
1759928466779646000,2753.019645996094,597.774005250074,0.9532264274367507,71.41733421502917,-33.45304998357209,571.9593117991462,81.23780965363663,6.138069074445629,3,-70.61742193802445,1.0542095330968642
1759928467779615700,2754.0196157226565,597.510572373867,0.6021411371556337,44.96348446838041,-33.45304790003101,571.6958789229393,79.32690241876512,6.140402102788614,3,-70.61740588001068,1.0725396990777336
1759928468779584800,2755.019584716797,597.1570129469037,0.7824112784840759,42.96847816070016,-33.45304803471901,571.342319495976,81.51243522688736,6.106382430189208,3,-70.61738460537778,1.3654908080080472
1759928469779555300,2756.0195554199217,597.3259815843776,0.7261145741907741,43.39691528490778,-33.453041751455295,571.5112881334499,73.07299627531813,6.140510356330597,3,-70.61736824384673,1.3408752081081174
1759928470779525400,2757.019525390625,597.0458873137832,0.6971578329689642,43.11404354230395,-33.45304143290892,571.2311938628554,73.86792354489221,6.161962572294614,3,-70.61735161101156,1.2311731420154368
1759928471779494400,2758.0194943847655,596.9109307490289,0.7813911483483165,47.3535639084311,-33.453037885211096,571.0962372981012,71.14509564276288,6.0469601985298524,3,-70.61733462476447,1.2407265859243455
1759928472779464700,2759.0194645996094,597.4788835160434,0.7608141011316407,41.94567604714495,-33.4530386678329,571.6641900651157,77.40681826337794,5.919388733627489,3,-70.61731115567059,1.459390691963951
1759928473779434800,2760.0194348144532,597.6311290729791,0.7517945112804394,43.457383709716964,-33.45303857281165,571.8164356220514,75.91625318108403,5.804064176056303,3,-70.61729404036267,1.3898309602440684
1759928474779404300,2761.019404296875,597.9013121426105,0.7203994400852117,41.12958084472865,-33.45304448045288,572.0866186916828,81.60482703561388,5.858418313907814,3,-70.61727166994248,1.375652111523043
1759928475779374000,2762.0193740234376,597.9546032492071,0.7491468281204965,46.3235493958444,-33.453038417328344,572.1399097982794,77.3576445404924,5.889760711369206,3,-70.61725551506944,1.2576271608473877
1759928476779343600,2763.0193435058595,597.4537094030529,0.7955151669119694,47.087873380295015,-33.45303446725837,571.6390159521252,81.62834764865568,5.827878967613934,3,-70.61723655930655,1.320591065850191
1759928477779313400,2764.0193134765623,597.3171070944518,0.7606696799631352,41.306738718180846,-33.45302265189631,571.502413643524,85.02807741974776,5.799943663817979,3,-70.6172176352237,1.4257426902821984
1759928478779283000,2765.019282958984,597.7407608060166,0.7889087271743999,40.47573863002968,-33.453020988918425,571.9260673550889,93.15348654468872,5.709980432509011,3,-70.61719930412235,1.5607768321113258
1759928479779252500,2766.019252441406,597.4742700988427,0.6559910337217627,44.441355118327195,-33.45301792754382,571.659576647915,87.34303321749309,5.555784825667533,3,-70.61718907661862,1.1834086342384682
1759928480779223600,2767.0192236328126,597.3088430250064,0.7805122029558847,45.584465643971384,-33.45301408871925,571.4941495740786,84.2450119489332,5.517540805994451,3,-70.61717082815434,1.3519713722144386
1759928481779192300,2768.0191923828124,597.0802589729428,0.6865027991893007,43.33506477459984,-33.45300879751402,571.2655655220151,77.87384367403885,5.61264768948364,3,-70.61715508072987,1.2118446596672856
1759928482779162000,2769.019162109375,597.1820516614243,0.6958255403901626,40.29575319401943,-33.45300383982708,571.3673582104966,75.90680226874846,5.526134238535032,3,-70.61713596484766,1.3860294016403834
1759928483779490600,2770.0194904785158,596.9847793783993,0.8381151892851979,38.51401381647313,-33.45300690102767,571.1700859274715,84.60724435460591,5.47749598917306,3,-70.6171134089052,1.720071459531868
1759928484781494000,2771.0214938964846,597.2637378852814,0.7108489248271924,50.79362777579382,-33.45300382856709,571.4490444343537,82.70804349240208,5.405763791112146,3,-70.61710952258457,1.1344056585646605
1759928485783376100,2772.023376220703,597.5435573067516,0.9987151319346295,59.5123418382433,-33.453002109032795,571.7288638558239,83.16356075315821,5.409544428307051,3,-70.61709190275161,1.3106244188580565
1759928486785137000,2773.0251369628904,597.6923438813537,0.6464441629283925,47.63583948026068,-33.452999876010004,571.877650430426,80.3547403891007,5.494499168549952,3,-70.61708131409917,1.0430470343115394
1759928487786793200,2774.0267932128904,597.4554674858227,0.9012229327986738,62.77486378010467,-33.45300565157741,571.640774034895,90.0030551755969,5.609943424924,3,-70.61706100171578,1.16134554972521
1759928488788351500,2775.0283515625,597.3330465871841,0.995101560840825,62.97477315341905,-33.453002949526244,571.5183531362563,83.3719445416809,5.51769882680076,3,-70.61704307979718,1.2544744743134209
1759928489789792500,2776.0297924804686,597.2073309347034,1.0020088167587897,57.92741516977869,-33.45300138919335,571.3926374837756,82.11090921121408,5.444502566518431,3,-70.61702374183025,1.3565676045179011
1759928490791152400,2777.03115234375,596.8200388252735,0.7701091150253141,48.11351163350714,-33.45299791213657,571.0053453743458,75.84210259200316,5.392668985806156,3,-70.61701453893531,1.1045079408897842
1759928491792422700,2778.0324226074217,597.1009600358084,0.7900769512890955,48.04540356838055,-33.452999205637504,571.2862665848807,83.21022912550399,5.475891804954125,3,-70.61699045855568,1.3050319920287279
1759928492793613300,2779.03361328125,596.7358193499967,0.994660256270925,57.94920375837536,-33.45299736490743,570.921125899069,81.0172999425772,5.395287012086972,3,-70.61697560762457,1.236032190835506
1759928493794733600,2780.034733642578,597.0654530860484,0.9284666711779136,65.92048833992729,-33.452998509763034,571.2507596351206,84.01955768689237,5.397760123018789,3,-70.61696074230692,1.1368489848587584
1759928494795775500,2781.035775390625,597.254105870612,0.6766278559498566,61.41660426567891,-33.45299389297522,571.4394124196842,77.41777104975542,5.360731137681565,3,-70.61694934779875,0.8838714005400354
1759928495796749800,2782.0367497558595,597.2129663266242,0.9120481280492796,84.08496031872843,-33.45299473207414,571.3982728756964,82.98852916518622,5.345736776978612,3,-70.61693464547288,0.8771956471499407
1759928496798100000,2783.0380998535156,597.676740590483,0.989937100787795,63.432001950768054,-33.45299372685276,571.8620471395552,83.11519248872312,5.2770558797815195,3,-70.61691328153496,1.119498124325405
1759928497799119400,2784.0391193847654,597.7338330401108,0.746592068345433,56.09844083959118,-33.45299099600879,571.919139589183,80.08306885900271,5.264793457397664,3,-70.61690165867968,1.0102408904606666
1759928498799923500,2785.039923339844,597.9934131437913,0.804130073757709,45.60397246869447,-33.452997805943404,572.1787196928635,89.86989545026357,5.230725569694967,3,-70.61687664422001,1.3111155625558915
1759928499800953300,2786.0409533691404,597.6929749641567,0.8874150866391265,47.22731006387452,-33.45299439709613,571.878281513229,84.94777777278877,5.1795509821664965,3,-70.61685476846789,1.5219651833146102
1759928500801214700,2787.0412145996092,597.577469682321,0.9489616865636298,52.81252682484359,-33.45298177402154,571.7627762313932,80.03371415632142,5.150472910986267,3,-70.61684177365062,1.4411665454548828
1759928501801870800,2788.0418708496095,597.589506897144,0.8207903741957655,46.87748053489628,-33.452972500178724,571.7748134462163,81.37656742276292,5.129851120351137,3,-70.61682610330583,1.4058379904101717
1759928502802442500,2789.0424423828126,597.6152078062296,0.7429006219891818,48.135385289302,-33.452970152632545,571.8005143553019,79.61479266200746,5.260760518716383,3,-70.61681133637991,1.2405709028671414
1759928503802590200,2790.0425900878904,597.4938362417743,0.7636590576597269,45.96268432628541,-33.452966194348086,571.6791427908465,82.7305730287545,5.131461978478528,3,-70.61679378034897,1.3160592749895892
1759928504803128800,2791.04312890625,597.3829653225839,0.7616761541891859,48.27541724166514,-33.45296114328838,571.5682718716562,83.1290307055587,5.023832422772721,3,-70.61678054843534,1.2083050342108415
1759928505803592700,2792.0435927734375,597.454497050494,0.9472021141326442,71.70949174642713,-33.45296100735587,571.6398035995662,89.1147076125794,5.011733367331754,3,-70.61676830095726,1.0291853447030463
1759928506804262100,2793.0442622070314,596.9733203668147,0.9540600945676891,53.15701248940465,-33.45295514224568,571.158626915887,92.06348647762593,4.992871064157129,3,-70.61675380288874,1.0562688501773505
1759928507804700200,2794.0447001953125,597.3251845054328,0.7915942872921321,81.77566199742078,-33.452950550655075,571.5104910545051,86.42028602415049,4.887980966371231,3,-70.6167459280492,0.7485254773385438
1759928508805014500,2795.0450146484377,597.8967384211719,1.1827464406680679,91.44161029482478,-33.452950701852,572.0820449702442,86.15933007903219,4.817295279782562,3,-70.616735637542,0.6862066255557675
1759928509805440500,2796.0454404296875,597.8122918438166,1.0863661562855658,140.64623724997844,-33.45295109719965,571.9975983928889,86.28658527411442,4.806374496122615,3,-70.61672836313305,0.5272645770999402
1759928510805794300,2797.0457941894533,597.5800831736997,1.0010150415088324,104.6811083203353,-33.452946093657644,571.7653897227719,81.24248490248412,4.722420452812209,3,-70.61671559592412,0.720137573456349
1759928511806127600,2798.0461276855467,597.3162545682862,1.0714936145863327,72.7539921483718,-33.452943398861116,571.5015611173585,82.86286841158335,4.676161671958249,3,-70.61670182076763,0.866792404007128
1759928512806436600,2799.0464365234375,597.3942126296461,0.8912829903650002,66.07939270878968,-33.452938588116105,571.5795191787183,78.48801471611519,4.624305937919663,3,-70.61668850933505,0.9772214753150452
1759928513806727700,2800.046727783203,597.6010627858341,0.9561938561795982,79.9224122369746,-33.45293933392464,571.7863693349063,76.37468738654677,4.618281586394727,3,-70.61667340034474,0.9688561060556077
1759928514806996700,2801.046996826172,597.438472202979,1.0401609649758858,119.00958246462844,-33.452930229169084,571.6237787520513,54.57736665195346,4.575893979359509,3,-70.61667105178176,0.6046305285382255
1759928515807247000,2802.0472470703126,597.4331493778154,1.19426706716109,118.93001358851939,-33.45292475893402,571.6184559268877,48.5444527991668,4.532715264248268,3,-70.61666315532437,0.607944509494858
1759928516807480800,2803.047480712891,597.8233875827864,1.0823333515129878,176.77871050158672,-33.45292043111143,572.0086941318586,43.17986251139447,4.583179437571096,3,-70.61665678378586,0.46915763314730896
1759928517807698200,2804.0476982421874,597.5944772055373,1.4304415213256159,176.36940627737485,-33.45291156389163,571.7797837546095,26.655571976257395,4.679531772412232,3,-70.616656006764,0.5981389862930417
1759928518807900700,2805.0479006347655,597.7331036450341,1.076840065031176,93.07907672001234,-33.4528979007738,571.9184101941064,23.99517357392692,4.695548245232816,3,-70.6166510019526,0.9328312525225021
1759928519808090400,2806.0480903320313,597.8170466590673,1.3973372851363524,180,-33.4529066144595,572.0023532081395,46.05436232809298,4.63911677416126,3,-70.61664559134039,0.38976915243609306
1759928520808263400,2807.0482634277346,597.6630681864917,1.1464184365888626,139.06143634766514,-33.45290975867182,571.848374735564,93.03373234899297,4.650862589474303,3,-70.61663045667775,0.6454755135615552
1759928521808426800,2808.0484267578126,597.5135179618374,0.8509526129825824,68.47201694045904,-33.45290758073537,571.6988245109096,90.36361896765524,4.6923236391449805,3,-70.61661106241695,0.9011781313903068
1759928522808577500,2809.0485776367186,597.8488875553012,0.74747078800698,61.251782345966326,-33.45291230933269,572.0341941043735,98.75072660525447,4.6819136939085135,3,-70.6165961560601,0.9886024641894008
1759928523808718000,2810.0487180175783,597.7612765301019,0.7103149737689999,62.70756102575974,-33.45291418479407,571.9465830791742,99.26650293964342,4.649354100021019,3,-70.61658808645483,0.8759587252787729
1759928524808847400,2811.0488474121094,598.2544009331614,1.1433583025387213,109.01667284839334,-33.45291388053789,572.4397074822336,94.2333245443121,4.534108695135475,3,-70.61658216409506,0.6603721656890047
1759928525808966700,2812.0489665527343,597.6139638228342,1.273666835811332,99.9677192542534,-33.45291633839278,571.7992703719065,95.43540498455333,4.452709795289357,3,-70.61657545921928,0.6335282009172322
1759928526809077800,2813.0490778808594,598.0539875999093,0.9871595036313546,89.32882210365854,-33.452919436319405,572.2392941489816,95.9256406325109,4.4459261353980715,3,-70.61656335971003,0.8918614798281067
1759928527809180200,2814.049180175781,598.0861104596406,0.7117024235786694,67.29291079149957,-33.45292495800393,572.2714170087129,94.61880596310739,4.436867217931471,3,-70.61655244411614,0.8535451831595895
1759928528809275100,2815.0492751464844,598.3351984024048,0.6964418464891128,55.49336178988038,-33.452931461684095,572.520504951477,95.92533885165258,4.513209594031839,3,-70.61654078864746,0.9358969093188149
1759928529809362000,2816.0493618164064,598.4770311722532,1.0097208421250228,79.10384156104534,-33.45293864062817,572.6623377213255,98.42308418325545,4.62488236792782,3,-70.61652971529432,0.9058979533465394
1759928530809442800,2817.0494428710936,598.1173479827121,0.9515297349385474,84.35557703414311,-33.45294933764587,572.3026545317844,99.90985827597342,4.697104597875227,3,-70.61651556310048,0.8927975781817796
1759928531809516500,2818.0495166015626,598.0213917009532,0.9442440920463002,68.20224724655125,-33.45295892072927,572.2066982500255,100.66867038494402,4.714698776918927,3,-70.61649694421888,1.105014587146145
1759928532809584000,2819.0495842285154,597.9253766667098,0.9547481430585657,64.00323099728024,-33.452971794979256,572.110683215782,102.90242706737936,4.712190911892356,3,-70.6164787836864,1.1930609811116346
1759928533809645600,2820.0496455078123,597.9164089458063,0.9452687698424843,60.77979751798254,-33.45297781545703,572.1017154948786,96.35136196865355,4.813771789105471,3,-70.61646128514457,1.2525106210190013
1759928534809701400,2821.0497014160155,597.7587688239291,0.9569094151067722,58.55673571628949,-33.45298944541847,571.9440753730014,92.49204921589737,4.856445978568567,3,-70.61644126559555,1.3056353103769074
1759928535809752800,2822.0497529296877,597.6464458797127,0.9690102408003554,61.413862483822086,-33.453003622182614,571.831752428785,94.87717106451599,4.952182769223607,3,-70.61642293573087,1.2554936888288244
1759928536809800200,2823.049800292969,597.5402900651097,0.941843243031325,69.36803959292992,-33.45300643547888,571.725596614182,89.870000504671,5.037510061814666,3,-70.61640987392391,1.059268334134245
1759928537809842000,2824.049842041016,597.8480749689043,0.9464827851844867,68.82278243528592,-33.45303210259277,572.0333815179765,103.34024428561244,5.100417636113368,3,-70.6163901826764,1.1000320663263838
1759928538809880000,2825.049880126953,597.7728183446452,0.928375741314567,63.408316192413245,-33.453034579845664,571.9581248937175,98.12503812990913,5.166344255573441,3,-70.61637146134484,1.1839407574387115
1759928539809913900,2826.0499138183595,597.475637793541,0.9293443258868871,55.17280009641153,-33.453047404155875,571.6609443426132,98.24090812701843,5.343600478668548,3,-70.61635140335316,1.3084462752780444
1759928540809943800,2827.0499438476563,597.8931355522946,0.9448303229140018,62.26865787061438,-33.453059929348825,572.0784421013668,96.92270983784428,5.439951421772174,3,-70.61633454965943,1.184185248657095
1759928541809971500,2828.049971435547,597.8423066306859,0.90291323221433,69.97411240447448,-33.45306570226793,572.0276131797582,93.02567266266738,5.500972679201092,3,-70.61632068497354,1.0287364086499666
1759928542809994800,2829.0499948730467,597.7775206705555,0.9795991363932604,68.23935505523589,-33.45307568977595,571.9628272196278,96.41426713376104,5.503553574757213,3,-70.61630112114379,1.1631647074468372
1759928543810015700,2830.050015625,597.9721678886563,1.008055265749132,70.48604082691473,-33.453093346162724,572.1574744377285,104.45228375065652,5.492994469193235,3,-70.61628385066886,1.140216474739783
1759928544810033400,2831.050033447266,598.2603254653513,0.7794270634636917,43.90332618247889,-33.45309870611559,572.4456320144236,96.28594188780136,5.440082549757679,3,-70.61626187872751,1.3668187392353226
1759928545810049500,2832.050049560547,597.8794385772198,0.994200820552659,61.777103065415595,-33.4531027640735,572.0647451262921,92.08036099545804,5.585566571496749,3,-70.61624613143366,1.274504328147607
1759928546810061800,2833.050061767578,597.8006806429476,1.011712683714081,58.22398851267422,-33.45310066143685,571.9859871920198,90.44779128721922,5.5560825554438455,3,-70.61622844181406,1.3699068214654087
1759928547810072300,2834.050072265625,597.951982957311,0.9847527037005981,60.78374679713608,-33.45309379070114,572.1372895063832,84.11933782402106,5.593796997434184,3,-70.61621265894816,1.3082923563657591
1759928548810080000,2835.050080078125,597.4574196171016,1.072155560292412,62.9710478080213,-33.45308845954474,571.6427261661738,83.65935443243679,5.644044726255374,3,-70.61619838866514,1.1521377017139283
1759928549810086400,2836.050086425781,597.5188200334087,0.7715994505515454,45.959070507171084,-33.45308379663337,571.704126582481,84.53432058016331,5.750420741613676,3,-70.61617702566589,1.237031778873274
1759928550810091500,2837.0500915527346,598.326357527636,0.7897886212032826,43.87390467252973,-33.453083591646596,572.5116640767083,87.82659697245116,5.867299421397141,3,-70.61615673766933,1.3879051082212857
1759928551810092800,2838.0500927734374,599.4087977539748,0.9826455792157878,41.49885677432795,-33.453077398141765,573.5941043030471,80.64532265597798,5.874683769709604,3,-70.61614397505883,1.2874541589897743
1759928552810093800,2839.05009375,599.2328373771161,0.8419100036019748,45.28106903396202,-33.45307176942391,573.4181439261883,79.73107367193587,5.9280317052005245,3,-70.6161264887453,1.298618972264414
1759928553810093300,2840.0500932617188,598.7372464546934,0.9838013624568319,59.889446733361716,-33.45307060902985,572.9225530037656,85.43631447854817,5.8410869364219895,3,-70.61610851392564,1.3244887781938355
1759928554810091500,2841.0500915527346,598.8818084700033,0.9552270267848144,60.10715780343486,-33.45306797357842,573.0671150190756,85.36277671541556,5.7483396009045995,3,-70.61609418062679,1.287549593949321
1759928555810087700,2842.0500876464844,599.0161093790084,0.973662644271443,66.66158349984086,-33.45307098178772,573.2014159280807,88.79446357396446,5.692952694416472,3,-70.61607758942398,1.1703028679390561
1759928556810082600,2843.0500825195313,598.8299932153895,0.8131642300778168,57.050717204943574,-33.453070980816705,573.0152997644618,86.32193703776733,5.768921868854764,3,-70.61606140512131,1.1454028028630214
1759928557810076400,2844.0500764160156,599.1367684425786,1.0404590307581714,76.03488490644678,-33.45306731021304,573.3220749916509,80.9877027857207,5.85943311496074,3,-70.61604819027347,1.0658454622681994
1759928558810069800,2845.0500698242186,599.1370251541957,1.0393023047242806,67.96119341999366,-33.453037324297306,573.322331703268,77.70129681668331,6.0364761430199545,3,-70.61603107247554,1.2063105923862836
1759928559810060500,2846.050060546875,598.9619662789628,0.6422407312568401,42.95651256316051,-33.453008094089874,573.147272828035,76.00348625962867,6.014423144759931,3,-70.61601563201896,1.2068170933206048
1759928560810051800,2847.0500517578125,598.9706161655486,0.7762506918215389,51.96565235897195,-33.45299605306354,573.1559227146208,77.10921298480604,5.986713672032887,3,-70.6160010955054,1.1910099806212986
1759928561810041900,2848.050041748047,598.9475664487109,0.8951480778082804,67.23941033018991,-33.452987419046764,573.1328729977831,73.32488343397584,6.156236606407752,3,-70.61598856930368,1.066106020107918
1759928562810030300,2849.0500302734376,598.972109827213,0.9831824148461605,68.34878633280648,-33.452994402026825,573.1574163762853,85.66432910322523,6.34959482486992,3,-70.61596503197876,1.1422459807788206
1759928563810018000,2850.050018066406,598.8598645580932,1.0083753118250123,57.65451987295085,-33.45300133997455,573.0451711071655,88.18278541889448,6.358979382047989,3,-70.6159398613922,1.3423044019656285
1759928564810005200,2851.0500051269532,598.9066070355475,0.9824665304753577,59.88501048624856,-33.453002235100776,573.0919135846198,89.75425102470456,6.2918530233534655,3,-70.61592310304115,1.301008117047143
1759928565809992000,2852.0499919433596,598.7691418500617,0.876544996844829,62.703125150235444,-33.452999712175696,572.954448399134,81.0372629618907,6.272025156288202,3,-70.61591232299621,1.03357034538814
1759928566809977600,2853.0499775390626,599.0918763689697,0.9698229344703148,62.778547075372565,-33.45300192873181,573.277182918042,89.95757957943098,6.165880577727908,3,-70.61589238103917,1.237990505898508
1759928567809962200,2854.049962158203,599.1947788018733,0.9766619141278337,60.1139099372766,-33.453000353029196,573.3800853509456,84.60609148050206,6.026947048240333,3,-70.61587812336538,1.2876950801567244
1759928568809947100,2855.0499470214845,599.1644305475056,0.9725483592718501,61.76255253472836,-33.453000721128696,573.3497370965779,85.44074853060059,6.046790307451614,3,-70.61586311416602,1.2696235965216403
1759928569809930800,2856.0499306640627,599.1224128194153,0.9681606623521194,69.78716150516104,-33.45300387464849,573.3077193684876,90.4788027910809,6.112489236008651,3,-70.61585257298792,1.123701640599628
1759928570809913900,2857.0499138183595,599.1898945597932,0.9238004104462457,79.92355174346798,-33.4530057243349,573.3752011088654,91.68211053498393,6.187086874711446,3,-70.61584357507097,0.9357955441656864
1759928571809897000,2858.0498969726564,599.0300067458302,0.6859561753363,65.9190880900709,-33.453005647028924,573.2153132949024,93.53083045815944,6.219141314521302,3,-70.61583098519039,0.8240124791283849
1759928572809880300,2859.049880371094,599.0552754942328,0.6793857350202204,55.79278312281338,-33.45300898377198,573.240582043305,97.97276745975992,6.191198352411377,3,-70.61581833518224,0.9778775693068343
1759928573809862000,2860.049861816406,599.1618164321408,0.98144627916001,109.73730759011985,-33.45300742347184,573.347122981213,92.61242702642146,6.084549455045747,3,-70.61581233481662,0.7244903202437701
1759928574809843700,2861.04984375,599.1031178729609,1.0273248892898819,124.47102767412093,-33.45300559478201,573.2884244220331,87.13082695118935,6.107311705658112,3,-70.61580164565991,0.6673018380790249
1759928575809825000,2862.049824951172,599.1621611602604,1.02382115355322,133.2658008342797,-33.45301003546238,573.3474677093327,94.94234481721718,6.138210983627961,3,-70.61579269508162,0.6224821074465463
1759928576809805300,2863.049805419922,599.1266967235133,1.0094637874151613,97.24446086729989,-33.4530092931045,573.3120032725856,91.51326848113175,6.119074898664813,3,-70.6157776749432,0.8368364801475064
1759928577809785900,2864.049785888672,599.1795640988275,0.9400459536540919,108.27821411581512,-33.45300975095024,573.3648706478998,90.10893945559654,6.266724135528919,3,-70.6157665060073,0.7033536207454557
1759928578809766400,2865.049766357422,599.2196681778878,1.0317382755166815,95.17360714936014,-33.453014603184634,573.4049747269601,92.67420162648412,6.324307076136707,3,-70.6157492033996,0.8767563614500683
1759928579809746700,2866.0497465820313,599.3852384826168,0.7061279208285898,49.674358300692866,-33.453015493878496,573.5705450316891,92.27126307678806,6.420596724514652,3,-70.61573143135655,1.0412658691759442
1759928580809726200,2867.0497263183593,599.3119566580281,0.9523058937111067,68.84919060245082,-33.45301706115009,573.4972632071003,92.73533150638447,6.442822353168113,3,-70.61571659070205,1.1206657755339626
1759928581809705000,2868.049705078125,599.1582026220858,1.0055347927592178,87.68072351456908,-33.45301620619197,573.3435091711581,89.38967454572303,6.540875691827572,3,-70.61570787641458,0.8711189201682654
1759928582809685000,2869.0496850585937,599.6304423585534,1.2757715295774903,146.7079508993387,-33.45301736112318,573.8157489076257,96.979109394719,6.50996546105724,3,-70.61571096966563,0.3989021613371752
1759928583809663200,2870.049663330078,599.4767303206027,1.2917463684328976,180,-33.45301387702439,573.6620368696749,96.97911313297561,6.656771236400617,3,-70.61571524433421,0.0258541838513555
1759928584809642500,2871.049642578125,599.3338436912745,1.3058821744376334,180,-33.45301180252818,573.5191502403468,96.97911372796192,6.6029368262544255,3,-70.61571455979157,0.01647248171657769
1759928585809620500,2872.049620361328,599.2690572282299,1.213853569873363,180,-33.45301172277833,573.4543637773022,96.9791139383896,6.693983558831672,3,-70.61571490491389,0
1759928586809599500,2873.049599609375,599.244954161346,1.4203218449161483,180,-33.45301604550107,573.4302607104182,96.97910685518322,6.707461912466133,3,-70.61570475889157,0.06372917898896843
1759928587809577000,2874.049576904297,598.9134498694912,1.5024753478604933,180,-33.453017986968845,573.0987564185634,96.97910585542112,6.772832713140566,3,-70.61570452234855,0.13648125326149727
1759928588809555500,2875.049555419922,598.8875468019396,1.4410740093707444,176.9970884058007,-33.45301667259262,573.0728533510119,86.91920333984142,6.791432151993323,3,-70.61569157183119,0.61538430002552
1759928589809533400,2876.0495334472657,599.2498445818201,1.1321879471501637,90.19081922833203,-33.45300624255348,573.4351511308923,58.71365672491879,6.7312384523998166,3,-70.61567650303454,0.9758919148854224
1759928590809511200,2877.049511230469,598.7347685601562,1.031133181374221,74.57924903256637,-33.45301027281798,572.9200751092285,74.99603722204674,6.758523836527537,3,-70.61565676614771,1.0844698099373171
1759928591809488400,2878.04948828125,598.5504360832274,1.0399374059580433,75.13988456378873,-33.453029254380795,572.7357426322997,93.64358855119337,6.705324524454722,3,-70.61564068613632,0.9885735686667881
1759928592809466000,2879.049466064453,598.5091306986287,1.0884039400844883,73.50107866750137,-33.45303379889694,572.694437247701,92.68062458750366,6.726563422652162,3,-70.61562268700503,1.0848010935323955
1759928593809442800,2880.0494428710936,598.5171392308548,1.036137806467171,58.160450539335656,-33.453059274884325,572.7024457799271,97.11355334826432,6.999710105120738,3,-70.61559632428622,1.3862330680634825
1759928594809420000,2881.049419921875,598.5564358877018,1.0476755735291956,64.13637829138507,-33.45306868685529,572.7417424367741,98.55665817289176,6.998277901970543,3,-70.61557973838738,1.2929835689524474
1759928595809398000,2882.049397949219,598.5190282063559,1.0647875049530042,72.03354291716394,-33.45306893611179,572.7043347554281,97.44910660305536,7.084824324492278,3,-70.61556416655856,1.159000023744521
1759928596809374200,2883.049374267578,598.6296175485477,1.01064539428301,72.37117594185356,-33.45306651011655,572.81492409762,90.06241832554524,7.257879029100288,3,-70.6155490305265,1.1249359414632611
1759928597809352000,2884.049352050781,598.3943593138829,1.01037570436418,90.88636977630945,-33.45306911907657,572.5796658629552,86.23123210965508,7.370218350222776,3,-70.61553792546052,0.7372467673175735
1759928598809328000,2885.049328125,598.6336437221617,0.9317314167919213,105.1619697896633,-33.45307110704392,572.8189502712339,94.88193260979979,7.517910990636822,3,-70.61552273886936,0.6904150191782777
1759928599809305000,2886.0493051757812,598.9456359343603,0.9351162891054375,99.40680710736487,-33.453065903038194,573.1309424834326,89.98586029275461,7.511905663649423,3,-70.61550649085083,0.7319313913017662
1759928600809281800,2887.049281738281,599.3911780137569,0.8912532068067814,62.92432205400015,-33.453061165766904,573.5764845628291,89.53797599636063,7.471038893262627,3,-70.61548913644675,0.9162738404319317
1759928601809258200,2888.0492583007813,599.2859414638951,0.7796028742327413,55.966304871257165,-33.45305777988896,573.4712480129674,90.48871077340635,7.533618175698094,3,-70.61547050597105,1.1113646464844842
1759928602809234700,2889.0492346191404,599.2317105485126,0.7816390098844407,72.51090067186338,-33.453053723029264,573.4170170975849,84.94667578113167,7.3434011042452765,3,-70.61546119117513,0.867837788490617
1759928603809211000,2890.0492109375,598.8983323592693,0.9992510108539295,65.46886527009679,-33.453047780555615,573.0836389083415,82.55291690054452,7.205008925258281,3,-70.61544499667903,1.0570926275537988
1759928604809187800,2891.0491877441405,599.1989972675219,0.959734935052126,69.56413253574527,-33.45304158259613,573.3843038165942,83.51930536342292,7.090401094918619,3,-70.61543010817884,1.1104269621948013
1759928605809163500,2892.0491635742187,598.8846612432972,1.022099376466221,73.59284408636968,-33.453034856140754,573.0699677923694,77.60931449126134,7.043857154173416,3,-70.61541724836746,0.9343062751519657
1759928606809140700,2893.049140625,598.840408872813,1.0241310669184152,63.50819246457555,-33.45302805719968,573.0257154218853,86.01570433898316,6.860834215815508,3,-70.61539559927284,1.14096451644259
1759928607809116400,2894.049116455078,599.34358858224,0.7829226048051873,68.49272552782685,-33.4530289537446,573.5288951313123,90.72596335904223,6.807935518546654,3,-70.61538332145656,0.9183274625260464
1759928608809092600,2895.049092529297,599.1794676817954,0.8946574432321095,73.48851895627787,-33.45303466706608,573.3647742308676,95.07579096168058,6.685643508428146,3,-70.61536777702949,0.8856261889303244
1759928609809068800,2896.049068847656,599.0075668077916,0.9152875417235391,57.957881719406444,-33.45304471676283,573.1928733568639,94.45865778935911,6.69717092916043,3,-70.61534947259602,1.0048630616132552
1759928610809044700,2897.0490446777344,599.3427010634914,0.7672739883249837,64.24059493982274,-33.45304126204545,573.5280076125637,91.04958734537068,6.7250760455891685,3,-70.61533171712296,0.9548248364589316
1759928611809021000,2898.0490209960935,599.3531880471855,0.9537534115334096,67.40772315279624,-33.45303956985579,573.5384945962578,91.0263788458312,6.698827570035559,3,-70.61530970844859,1.1163314766873271
1759928612808997600,2899.048997558594,599.9722130037844,1.0268155369023508,71.67903211903203,-33.45304179741086,574.1575195528567,89.58864981309453,6.673798497613848,3,-70.6152958723169,1.0234635974688537
1759928613808973000,2900.0489731445314,600.0911087822169,0.9858416211651468,63.107193576925205,-33.45305581809379,574.2764153312892,97.96136786711239,6.61304156568977,3,-70.6152736912504,1.1884684898274716
1759928614808949200,2901.04894921875,600.2258974025026,0.9661140484547133,61.83841181874818,-33.45305617866748,574.4112039515749,89.61078445196507,6.4685017877103865,3,-70.61525719247282,1.2430963683027867
1759928615808924700,2902.0489245605468,600.3057853821665,0.9450852670138553,62.790215016952814,-33.45305567596286,574.4910919312388,87.68704133371189,6.436454145080595,3,-70.61524027099594,1.2091995017322008
1759928616808900900,2903.0489008789064,600.1322468733415,0.9419359030279248,67.2013789372588,-33.45305439380108,574.3175534224138,85.95796133886955,6.4973244400935135,3,-70.6152253259054,1.1199940858697541
1759928617808877600,2904.048877685547,599.9794475268573,0.972242254406709,72.37713335435771,-33.45305421033316,574.1647540759295,80.46689371933421,6.388097241896663,3,-70.61521372992375,0.9951915484047653
1759928618808852500,2905.0488525390624,599.811088048853,0.6373612203775212,52.49177890546621,-33.45304825070883,573.9963945979252,72.9013823613277,6.45544127611609,3,-70.61520196167987,0.8637563182549328
1759928619808829000,2906.048828857422,599.6851792875677,0.6928495144092954,50.63804484778383,-33.453043604461165,573.87048583664,67.14239695206065,6.500833693235927,3,-70.61518879320231,0.9105879723443097
1759928620808804600,2907.0488046875,600.3160580862314,0.4511034106129226,40.48454504536248,-33.453046884383475,574.5013646353036,76.55992109722719,6.4811615808379095,3,-70.61517272037469,0.8979439761776662
1759928621809255200,2908.049255126953,600.3008427685127,0.8708010172472749,67.40531960641984,-33.45304292490755,574.4861493175849,75.73597469696236,6.467586694917052,3,-70.61515776337559,1.028502491881408
1759928622809405400,2909.049405517578,600.4761786824092,1.0048911617408998,98.60932600644507,-33.45304293798155,574.6614852314815,78.98334631432834,6.427982660326642,3,-70.61515117615247,0.8256131838269788
1759928623809381400,2910.0493813476564,600.187425384298,0.9990718103674271,80.49871156748169,-33.45303737926879,574.3727319333702,77.56973939858393,6.511387214469124,3,-70.61514247660115,0.9054854129958295
1759928624808526600,2911.0485266113283,600.3081690873951,0.7279454119789217,48.9985635407615,-33.45303050452353,574.4934756364673,75.51986591699779,6.555375721665852,3,-70.61512810481007,1.196652100107638
1759928625809046800,2912.049046875,600.6645385706797,0.9671254931918519,63.85367924939525,-33.45302399967709,574.849845119752,74.01815862008468,6.606792419511419,3,-70.6151185334389,1.187111523643136
1759928626809022200,2913.049022216797,600.3738177809864,0.9237632469719264,58.57634378956579,-33.45302282445346,574.5591243300587,75.58030254993756,6.635371703803089,3,-70.61510203321275,1.2740909291423297
1759928627809183200,2914.0491833496094,600.2073025684804,1.0481189495103527,76.28916018665814,-33.45302464381689,574.3926091175526,81.48546936994526,6.761126686533325,3,-70.61509293534155,1.0853754288308985
1759928628808817200,2915.048817138672,600.2912539541721,0.777232706751419,81.62764822662947,-33.453014202020775,574.4765605032444,70.99084262312763,6.881976156516624,3,-70.61509223284884,0.7654807912647701
1759928629808793000,2916.04879296875,600.2627877341583,1.0375346573731588,95.81639956806835,-33.45300625492925,574.4480942832306,67.91671404310634,6.9643676632370815,3,-70.61507806057796,0.8695439565535427
1759928630808792000,2917.0487919921875,600.5852301707491,1.038415897991634,67.02546995756852,-33.45300405614538,574.7705367198214,73.22010007952657,7.123721596813082,3,-70.61505671755688,1.2269414785052168
1759928631809146600,2918.0491467285156,600.5715667456388,1.0478599755479285,62.80091634738044,-33.45300204420073,574.7568732947111,74.49630830026989,7.3609746344771185,3,-70.61503933133697,1.3434833412693754
1759928632809122600,2919.049122558594,600.3369434988126,1.0074679283218986,81.34825486395273,-33.453001549618556,574.5222500478849,71.93186585319148,7.49125760658963,3,-70.61503100664828,0.992009251683908
1759928633808959200,2920.0489592285157,600.0060028098524,1.1244657049966231,90.0615969363167,-33.45299856734356,574.1913093589246,73.88643238869106,7.540973042559588,3,-70.61501831068601,0.830375459867639
1759928634808049200,2921.0480490722657,599.7520964471623,1.101307352322705,78.4889988715058,-33.45300146048942,573.9374029962346,81.36232271737036,7.35653302470113,3,-70.61500273051216,0.923005380130896
1759928635808024600,2922.0480246582033,599.8750899834558,0.6871393834442971,51.373321815566726,-33.45300555538113,574.0603965325281,86.74154671369456,7.1817782939593915,3,-70.61498701859357,1.046767166432474
1759928636808000300,2923.0480002441404,598.7340790433809,1.0684398674491087,45.108570329788485,-33.45300650752205,572.9193855924532,87.10823516269765,6.956696212445771,3,-70.61497081360925,1.1048495716290105
1759928637807976200,2924.0479760742187,600.667447312735,1.0704528332774816,52.012958407634166,-33.45300607132598,574.8527538618073,84.3143185048952,6.805432397302828,3,-70.6149529064804,1.3223410002026226
1759928638807951600,2925.0479516601563,600.8330357894301,1.010389024590254,55.71540879846564,-33.45300914402644,575.0183423385024,84.36052170011153,6.753860860054777,3,-70.61493670970921,1.2280567378269078
1759928639807927300,2926.047927246094,600.8195569626987,0.9284111885057434,60.728042131393366,-33.453010751634444,575.004863511771,85.52890341115302,6.669793949512355,3,-70.61492037275424,1.1547227637814097
1759928640807903200,2927.0479033203123,600.683163324371,0.9094601446388438,62.242787477744,-33.45301335772579,574.8684698734432,84.51723442880066,6.568211964473998,3,-70.61490372514542,1.176862667540332
1759928641807878100,2928.047878173828,600.515406941995,0.8243682768134173,78.12513886981213,-33.45301260995295,574.7007134910673,80.46794027950894,6.442801529420003,3,-70.61489487673575,0.8473514598169051
1759928642807854000,2929.047854003906,600.3048655558378,0.8711140314657908,69.41544416641001,-33.45302419479993,574.49017210491,96.58948300081815,6.348641382676688,3,-70.61487630324893,0.9740568906264683
1759928643807829800,2930.0478298339845,600.1946176374331,0.8435249378295487,59.080461767334256,-33.45301876285852,574.3799241865054,91.24827260433312,6.166165197175992,3,-70.61486018077808,1.116335139729378
1759928644807805200,2931.0478051757814,600.2524964939803,0.8296463678273802,62.22247260215592,-33.45301997989467,574.4378030430526,91.60177631532098,6.054130748903928,3,-70.61484543983111,1.063016159912232
1759928645807781000,2932.047781005859,600.2419596100226,0.8610120977757821,77.25275084219625,-33.45301855862918,574.4272661590949,90.27142415297986,5.940061863648585,3,-70.61483627410583,0.8851673432156851
1759928646807756500,2933.0477565917968,600.100996972993,0.8515394200655755,76.1289657060213,-33.45301223111087,574.2863035220653,82.97343951133561,5.891759770795781,3,-70.61482646241777,0.850641470032078
1759928647807732200,2934.0477321777344,600.5028536478058,0.775220309811256,54.605626146588,-33.4530192065071,574.688160196878,91.47573620015048,5.74111153073087,3,-70.6148066095831,1.132789309001011
1759928648807708000,2935.0477080078126,599.8809003392234,0.8606554627026851,57.009425695872046,-33.45301559023418,574.0662068882957,89.02942831203598,5.704006490281447,3,-70.61479309769292,1.0395013667043058
1759928649807682800,2936.047682861328,600.0241525340825,0.7704292358353791,53.227610444387516,-33.45302378102956,574.2094590831548,91.85174692364257,5.619265079362058,3,-70.61477577745644,1.1170552517416827
1759928650807658800,2937.0476586914065,599.740870158188,0.8880138751657779,45.434272694650055,-33.45302511369526,573.9261767072603,89.0096198800532,5.526124712137969,3,-70.61475177320236,1.4865186257451595
1759928651807634700,2938.047634765625,599.9526231987402,0.7630432082301531,52.484278262199794,-33.4530244732103,574.1379297478124,80.33422139621875,5.405280746118503,3,-70.61473900310065,1.1634544709616805
1759928652807610600,2939.047610595703,599.8439575415105,0.7900339774440863,49.32406285261083,-33.45303649800964,574.0292640905827,87.51863640072189,5.316306260991388,3,-70.61471744980052,1.2374900017103294
1759928653807585300,2940.047585205078,599.9075565803796,0.7908227934094177,52.78532793791266,-33.45305486835806,574.0928631294519,93.19809675167559,5.243109870724197,3,-70.6146982130523,1.1592543243004036
1759928654807561000,2941.0475610351564,600.021556998603,0.9400826932321501,65.66862056181016,-33.45306863703873,574.2068635476753,93.77046241027884,5.163416588404853,3,-70.6146804886288,1.1367203985695602
1759928655807536400,2942.0475363769533,600.1664470043033,0.8572550770265805,49.54798590763352,-33.45308273284054,574.3517535533756,94.09273730046706,5.129420701445034,3,-70.61465754827383,1.4006533308170097
1759928656807512300,2943.047512207031,600.3193519981578,0.83009031549162,44.606990506596894,-33.45309298806287,574.5046585472301,94.60819148647506,4.989232460044309,3,-70.614637182728,1.5062826824671869
1759928657807487700,2944.0474877929687,600.268950695172,0.9737401705233196,52.50018200200546,-33.45311015340009,574.4542572442442,94.64444305343169,4.983224253041217,3,-70.6146159371379,1.4990910981666148
1759928658807464000,2945.0474638671876,600.5212354855612,0.8221696145061983,46.01171385281717,-33.45312075420581,574.7065420346335,93.57669343247527,5.120231540105413,3,-70.61459921298768,1.4398884129053129
1759928659807439400,2946.047439453125,600.7008590428159,0.8069114620125599,46.64879555534426,-33.45313077917711,574.8861655918881,93.08098526423058,5.185385667016887,3,-70.61458155467406,1.3785137731988404
1759928660807414300,2947.047414306641,600.9813919132575,0.9521436819557304,59.1031896786249,-33.45312996970008,575.1666984623298,83.27840790577478,5.2463060096625505,3,-70.61456999629492,1.2117324102550002
1759928661807390000,2948.047389892578,600.89641350694,0.9589867275740998,57.98709924171055,-33.453131241453555,575.0817200560123,81.5380679654475,5.192960721755728,3,-70.61455118441215,1.3102422557985407
1759928662807366000,2949.047365966797,600.9634921569377,0.9629318314325678,59.15410916381522,-33.45314527675511,575.14879870601,86.68264055872646,5.303255797485985,3,-70.61453417317064,1.2889204662686424
1759928663807340500,2950.047340576172,600.6776643879712,0.9726809877605661,64.58482594579118,-33.453149222781576,574.8629709370434,89.02877922128602,5.3918835099729865,3,-70.61452002467482,1.2112850333207765
1759928664807316700,2951.0473166503907,600.4689381141216,0.999873860554636,65.40648302358133,-33.453165919276294,574.6542446631938,101.16602299164822,5.518130572727397,3,-70.61450389863211,1.1661260119769028
1759928665807292000,2952.0472919921876,600.7585756639019,0.9502407409099042,71.50834230690974,-33.453170168935394,574.9438822129741,108.50399951133092,5.5545528594056846,3,-70.6144961177804,1.0725333458598727
1759928666807267800,2953.0472678222654,600.876571754925,0.949212369772225,70.23530015982075,-33.45317891390153,575.0618783039972,110.59448157066734,5.66570455422335,3,-70.61448404389627,1.0554765395115893
1759928667807243000,2954.0472429199217,600.6551181133837,0.9152120044685566,65.67764530200748,-33.453190117820135,574.8404246624559,107.31557451680295,5.817736138743258,3,-70.61446882602827,1.1257096732113163
1759928668807218200,2955.0472182617186,600.5337497405708,0.9083483835070643,58.511930332425145,-33.45319199274145,574.719056289643,102.17739894033262,5.939122689633893,3,-70.61445030829783,1.233813701724986
1759928669807194600,2956.047194580078,600.2099365983158,0.7240581946985333,46.108885026981405,-33.453196483345394,574.3952431473881,100.1349271233334,6.036917155519513,3,-70.61443568048261,1.1832005629078406
1759928670807169300,2957.047169189453,600.4549177298322,0.6188337235215661,51.858439078679645,-33.45319936367004,574.6402242789045,103.5542218746596,6.0403452100768575,3,-70.61442592273691,0.9591922424774812
1759928671807145500,2958.0471455078123,600.4675921928138,0.5996275099495099,71.24135425041753,-33.453199484843495,574.652898741886,100.63448647869978,5.982910943544163,3,-70.61442098481025,0.6656193877056588
1759928672807120600,2959.0471206054685,600.3359538223594,1.0351506577556755,87.56891893135897,-33.45319842210145,574.5212603714317,98.18441824709251,6.0053455071918895,3,-70.61440919849879,0.8414150740629341
1759928673807096000,2960.0470959472655,600.3601221209392,0.8906649893859052,72.95986589068778,-33.45320306854897,574.5454286700115,100.4112069873199,6.1395061415669545,3,-70.61439665907237,0.9040432752775744
1759928674807071700,2961.0470717773437,600.2929817456752,0.8953398661262477,71.40867017190332,-33.45319594672265,574.4782882947475,96.72045136903726,6.089713851520796,3,-70.61438555982785,0.9221721425270275
1759928675807048000,2962.0470478515626,599.9901716960594,0.9301560147957549,61.48806716147059,-33.45318683463357,574.1754782451317,89.79096303234111,6.0582777496009586,3,-70.61437104883642,1.0140718141433964
1759928676807023000,2963.0470231933596,600.2501477571204,0.6863482126596895,49.07190291791862,-33.453176260957264,574.4354543061927,84.74344572500891,6.016051354683583,3,-70.61435589055607,1.11321950078311
1759928677806998000,2964.046998046875,600.6762462314218,0.6630378436969607,40.18694222263673,-33.45316962003722,574.8615527804941,85.53972761319174,5.879759416346877,3,-70.61433780460935,1.3155760940800776
1759928678806974000,2965.046973876953,600.5878760395572,0.6464936342118012,42.740718659823685,-33.45316184234028,574.7731825886294,81.07993402611052,5.805172654385879,3,-70.61432501839548,1.2256582764159212
1759928679806949000,2966.04694921875,601.0438405964524,0.8734952378164069,54.0619121545545,-33.453164190467376,575.2291471455246,88.5181075859285,5.762364205751863,3,-70.61431043385852,1.2291288536746043
1759928680806924800,2967.0469248046875,601.0410062586889,0.8720907277946502,51.99263628249807,-33.45315841507427,575.2263128077611,85.7186434161233,5.6829749476364695,3,-70.61429291171514,1.332695923565514
1759928681806901000,2968.0469008789064,600.879731407389,1.01055659767699,56.407614831760775,-33.45315142811471,575.0650379564613,84.44894405887037,5.716720425453863,3,-70.61427423833688,1.4507339790508291
1759928682806876200,2969.0468762207033,600.6883288593963,0.9920561057669585,55.08316723062034,-33.453157197980126,574.8736354084685,90.7745541524379,5.6686641050493165,3,-70.61425824078627,1.405722808107873
1759928683806851800,2970.0468518066405,600.9935713307932,0.9760941272475461,57.05238116588685,-33.453160049213544,575.1788778798655,88.08957998158635,5.5837652291744435,3,-70.6142423179207,1.3860715237126364
1759928684806827300,2971.0468271484374,601.0079463981092,1.0118797344712254,68.42348725672923,-33.453161464719564,575.1932529471815,85.58833693548242,5.523048267146092,3,-70.61423009985127,1.1975665946052925
1759928685806802700,2972.046802734375,601.0766196306795,1.007576256287008,71.26102680455283,-33.45316300826589,575.2619261797518,87.5533212138887,5.527644794429366,3,-70.6142151140437,1.1412604242434854
1759928686806778400,2973.0467783203126,601.0213276939467,0.9943773651452291,79.58129247924575,-33.453154730013075,575.2066342430189,81.15816823138356,5.418098526710817,3,-70.61420502922353,1.0124648825827556
1759928687806753500,2974.046753417969,601.0363854318857,0.9759413519799075,84.8796485062949,-33.45314803899732,575.221691980958,83.37093246945238,5.553716628596099,3,-70.61419347177596,0.9292717086189186
1759928688806729200,2975.046729248047,600.7983851637691,0.9027323515330135,82.6105712736299,-33.45314091244587,574.9836917128414,83.53413200584683,5.462321201666557,3,-70.61418431074243,0.8550255734855867
1759928689806705200,2976.046705078125,600.7021417459473,0.8696622737756992,76.68904136465817,-33.45313408226408,574.8874482950196,82.58448864363056,5.324192916256091,3,-70.61417118999483,0.8679994456846362
1759928690806680300,2977.046680419922,600.6292600315064,0.5980728176691207,45.84505442448216,-33.45311918623999,574.8145665805787,84.31775880261301,5.265873448750367,3,-70.61415322072715,1.0289566740067684
1759928691806656000,2978.0466560058594,600.8634719531983,0.8286471986064822,53.9183794015234,-33.45312143857109,575.0487785022706,94.0634625907039,5.221532360409538,3,-70.61413343842385,1.230776059152545
1759928692806631000,2979.046630859375,600.8793642967939,0.8480376094960291,61.907405986959574,-33.453125672735126,575.0646708458662,95.84285521368668,5.1181735886533675,3,-70.61412049936926,1.101292140016931
1759928693806607400,2980.046607421875,601.0221050884575,0.943943928586439,65.76936238817095,-33.45313555456651,575.2074116375297,103.7065005343678,5.11451845429688,3,-70.61410333028326,1.1451768739706771
1759928694806582000,2981.04658203125,601.018712378107,0.9283004334965222,64.18322243063774,-33.453142512843456,575.2040189271793,103.12685513711446,5.186498817958532,3,-70.61408645272333,1.1662112990393954
1759928695806558000,2982.046557861328,600.8356327367947,0.9834854873033835,71.54174503831506,-33.45313815371091,575.0209392858669,93.21036231049408,5.268723302096503,3,-70.61407076435569,1.099774641599757
1759928696806533000,2983.046533203125,600.5677231699228,1.0240177655106142,71.50332682976617,-33.45313871467583,574.7530297189951,96.4439243608909,5.2593301432758714,3,-70.6140586344054,1.0590787071608143
1759928697806508500,2984.046508544922,600.5649136640131,0.6579332967519161,58.22995629496174,-33.4531399465627,574.7502202130854,96.92312029943461,5.179147440077914,3,-70.61405159364716,0.8654392717542042
1759928698806485000,2985.046485107422,600.7380378432572,0.9671186616369389,91.80396913258394,-33.45314753662491,574.9233443923295,97.04262552984484,5.26768989568361,3,-70.6140428668643,0.8535715555511156
1759928699806460200,2986.0464602050783,600.8779211165383,0.9888139092206251,78.7025119364416,-33.45315019122111,575.0632276656106,97.74087280898677,5.283210115083468,3,-70.61403167050973,0.9932080828370147
1759928700806435000,2987.046435058594,600.7915138825774,0.9679590284524223,71.55130331654289,-33.45315584086059,574.9768204316497,94.87451394898702,5.230138675766989,3,-70.61401827557835,1.0950071091969276
1759928701806410800,2988.046410644531,600.4930313909426,0.8721619232768791,53.25409856647507,-33.45316127137176,574.6783379400149,101.64255886798986,5.239767352094643,3,-70.61400271707707,1.2821966294226754
1759928702806386400,2989.0463864746093,600.1033160034567,1.0519543959165898,57.270729927361906,-33.45315936191966,574.288622552529,93.79816119486489,5.2984282316211715,3,-70.61398686400048,1.28822747468139
1759928703806361900,2990.0463618164063,599.7376061100513,1.0565206126165332,49.25053417527505,-33.45316296215229,573.9229126591235,98.02657717265146,5.278524250007123,3,-70.6139668895957,1.4199158830398688
1759928704806337500,2991.0463376464845,600.278532599099,0.99482790390129,62.04893579536175,-33.45316304952402,574.4638391481712,93.83541745857777,5.291644891674569,3,-70.61395206373618,1.2854808702996505
1759928705806313500,2992.0463134765623,600.5991322509944,0.8561744705817883,61.753395382179995,-33.45316105551963,574.7844388000667,92.06504294852398,5.269248839425063,3,-70.61393997200625,1.0940405498885393
1759928706806288600,2993.0462885742186,600.6637152228504,0.7988136669816911,91.95980675897405,-33.45315550241053,574.8490217719227,74.92082596563097,5.348342711543873,3,-70.61393684323873,0.6722001617286688
1759928707806264800,2994.046264892578,600.668593143113,0.947631132245117,103.23612028299573,-33.453164154125375,574.8538996921852,95.91444607810477,5.305049090912549,3,-70.61392700380621,0.7399602462100714
1759928708806239500,2995.046239501953,600.6743340604007,0.9920678010794386,87.25716142058235,-33.45316475938254,574.859640609473,98.7013417256765,5.2694471565405285,3,-70.61391403499144,0.9193231670477214
1759928709806215200,2996.0462150878907,600.6198026640341,0.9928850289495598,114.83003255356896,-33.453164141613534,574.8051092131063,104.63633709889545,5.226700025394579,3,-70.61390856271798,0.6942465849717714
1759928710806191000,2997.046191162109,600.6102834548801,1.0026766198212982,100.50344172798512,-33.45315949856152,574.7955900039524,93.53110307434712,5.166872078457342,3,-70.61389419623633,0.8047336761269718
1759928711806166000,2998.046166015625,600.9259114246815,0.817477825571798,78.51962338885761,-33.45316023646559,575.1112179737538,94.8687644975019,5.086586845398662,3,-70.61388313242938,0.7450694042375349
1759928712806142000,2999.046141845703,600.6750461040065,0.9927697475461915,145.065785208036,-33.45316111051689,574.8603526530787,97.62530720698564,4.983440640423166,3,-70.6138775781952,0.5466121463217659
1759928713806117600,3000.0461176757813,600.4981326498091,1.118060452400712,164.28975612227177,-33.45315647339179,574.6834391988814,84.74841796867415,4.885697259858075,3,-70.61387104830085,0.44008244694523935
1759928714806093300,3001.046093261719,600.3252891832963,1.0994484195777143,82.30936540155204,-33.4531554369864,574.5105957323685,88.32321980010151,4.85533083754947,3,-70.61385185353649,0.9557183497130886
1759928715806068000,3002.046067871094,600.4771969793364,0.8664680157499116,76.76642219548035,-33.45315085377044,574.6625035284087,84.61356741806645,4.876094685559526,3,-70.61384020243734,0.9139612011108104
1759928716806044200,3003.046044189453,600.3552237786353,1.0133209285671498,76.57204394904375,-33.45314518194839,574.5405303277075,79.17980517562098,4.836790792137483,3,-70.61382291402796,1.0615892307929617
1759928717806019800,3004.0460197753905,600.5268875872716,0.9445798171683918,82.5383434710995,-33.45314638285738,574.7121941363439,79.88529952868105,4.779142804163536,3,-70.61381251099134,0.9194218222774614
1759928718805994500,3005.0459943847654,600.0827367473394,1.1844458261780513,113.87138467937558,-33.45314657275692,574.2680432964116,80.305220899094,4.735770449597506,3,-70.61380768021874,0.5817543207373439
1759928719805970400,3006.0459704589844,600.24491526559,1.0584139011580114,117.18706300894753,-33.453145524849646,574.4302218146622,81.44852913005498,4.638178592520615,3,-70.6137968729609,0.6602921692912478
1759928720805946400,3007.0459462890626,600.0809909608215,1.1333131062789366,120.75916257044588,-33.453141613282895,574.2662975098938,83.61033752863764,4.59857706407275,3,-70.61378820148839,0.6080431141794272
1759928721805921500,3008.0459216308595,600.539653301239,1.0280083763372576,121.37792162245502,-33.45312806601065,574.7249598503113,51.03683648300085,4.59113976734834,3,-70.61378260407693,0.6002952224614062
1759928722805897200,3009.0458972167967,600.8490468524396,1.3780987464278298,96.11993175042112,-33.453124964902734,575.0343534015119,54.18991354256514,4.522819806971141,3,-70.61377683291917,0.5049723526037402
1759928723805873000,3010.0458728027343,600.6808037972078,1.2665638120048472,180,-33.4531230543878,574.86611034628,70.13920962586388,4.557366328830449,3,-70.61377266477989,0.36260147732280235
1759928724805848600,3011.0458486328125,600.5516914883628,1.5334354573488833,180,-33.45311426287315,574.7369980374351,70.13920938810763,4.776641841705952,3,-70.61376874847365,0.2680103133489143
1759928725805824000,3012.0458239746094,600.5020225839689,1.5391732792625,180,-33.45310687962495,574.6873291330412,70.13921169280276,4.925846795672446,3,-70.61376945163482,0.18458415838587977
1759928726805799400,3013.0457993164064,600.4670368647203,1.4354351443417512,180,-33.45310930633672,574.6523434137926,70.1392168713888,4.992387772614343,3,-70.61377868306498,0.08155085978999872
1759928727805774800,3014.045774902344,600.4635285977274,1.489439797321793,180,-33.4530968569257,574.6488351467997,70.13922013307321,5.054178138642208,3,-70.6137788733413,0.19983469175737192
1759928728805750800,3015.0457507324218,600.559582403861,1.4530831278722067,180,-33.45309379692175,574.7448889529333,70.13921960209885,5.244684306548477,3,-70.61377679572297,0.16381051211299236
1759928729805725700,3016.0457255859374,600.414107025601,1.4488614492441583,180,-33.45309542410293,574.5994135746732,70.13921866189527,5.450427328526231,3,-70.61377595167609,0.15808928015866952
1759928730805701400,3017.0457014160156,600.3932969383895,1.3721539481816667,180,-33.4530956907475,574.5786034874618,70.13921894872573,5.580777786724388,3,-70.61377651618992,0
1759928731805676500,3018.045676513672,600.474699055776,1.4666945460765923,180,-33.45309222199552,574.6600056048483,70.13921773424379,5.618718003956464,3,-70.61377318454997,0.14010965653248958
1759928732805652700,3019.0456528320315,600.6063363747671,1.4427620769819096,180,-33.45308857206357,574.7916429238394,70.13921928798325,5.746107478652773,3,-70.61377419275257,0.12168938099347403
1759928733805628200,3020.045628173828,600.513678053394,1.403626310955013,180,-33.45309104310334,574.6989846024662,70.13922006229919,5.774281009601024,3,-70.61377642130252,0.022450321643931917
1759928734805604000,3021.045604003906,600.381608995609,1.4190597445221673,180,-33.45309320964644,574.5669155446813,70.13921754892378,5.824297621138721,3,-70.61377328652303,0.010045370057268032
1759928735805578800,3022.045578857422,600.4681833554059,1.4243816040954747,180,-33.45309014750261,574.6534899044782,70.13921646828905,5.948814222661229,3,-70.6137703318455,0
1759928736805554400,3023.0455544433594,600.3435194026679,1.4001030042169045,180,-33.45309049434701,574.5288259517401,70.13921502032316,6.2361427746884734,3,-70.61376816323968,0
1759928737805530000,3024.045530029297,600.3346303794533,1.3833152877842059,180,-33.45309029208772,574.5199369285256,70.13921499298915,6.491676949815551,3,-70.61376803828729,0
1759928738805505800,3025.045505859375,600.3346303794533,1.3724394337202042,180,-33.45309029208772,574.5199369285256,70.13921499298915,6.895046236382327,3,-70.61376803828729,0
1759928739805481500,3026.0454814453124,600.3346303794533,1.3768708760403465,180,-33.45309029208772,574.5199369285256,70.13921499298915,7.0980770114439435,3,-70.61376803828729,0
1759928740805456600,3027.0454565429686,600.3346303794533,1.3326578453310363,180,-33.45309029208772,574.5199369285256,70.13921499298915,7.515032926347722,3,-70.61376803828729,0
1759928741805432300,3028.045432373047,600.3346303794533,1.3380652575525582,180,-33.45309029208772,574.5199369285256,70.13921499298915,7.697157381566154,3,-70.61376803828729,0
1759928742805407000,3029.045406982422,600.1390369394794,1.3008099889394955,180,-33.4530821926121,574.3243434885517,70.13919948729415,7.943947626339942,3,-70.6137400622423,0.0379491506281645
1759928743805383700,3030.0453837890627,600.1390144219622,1.1694078248712494,180,-33.45307892686096,574.3243209710345,70.13919903774594,8.169329734963762,3,-70.61373803163674,0
1759928744805358800,3031.0453588867185,600.2206991882995,1.5483625659828177,180,-33.45307435524233,574.4060057373717,70.13919661802252,8.160160493021836,3,-70.61373233500828,0.18391686951580252
1759928745805334300,3032.0453342285155,600.1235957173631,1.497429355908607,180,-33.453072986015094,574.3089022664353,70.13919631013442,8.137189569346699,3,-70.61373129329597,0.11713900235030697
1759928746805309200,3033.045309082031,600.1567670814693,1.17241594536905,180,-33.45307187921526,574.3420736305416,70.13919411474302,8.100069430501401,3,-70.61372734835872,0
1759928747805755100,3034.0457551269533,600.2594005893916,1.4812215301034741,180,-33.45306704938069,574.4447071384639,70.13919080285447,8.44274730568221,3,-70.61372012565938,0.13889051383305312
1759928748805808600,3035.04580859375,600.2425164198503,1.4674211448613417,180,-33.45306434242438,574.4278229689226,70.13918953665056,8.636649597138199,3.0405790741009167,-70.61371701807931,0.06046258484176855
1759928749805784300,3036.045784423828,600.2608359958977,1.1934000662860729,180,-33.45306202817756,574.4461425449699,70.13918856603104,8.789180480573592,3,-70.61371453969065,0.030993680148174392
1759928750805490400,3037.0454904785156,600.3117266483605,1.4500536755247242,180,-33.45306199926987,574.4970331974328,70.13919029897643,8.737646473762853,3.006846169747816,-70.61371729049753,0.017336154365247543
1759928751805048600,3038.045048583984,600.3788960054517,1.456687390593092,180,-33.45305805856406,574.564202554524,70.1391901659098,8.54392289608686,3,-70.61371549281111,0
1759928752805024300,3039.045024169922,600.2277464419603,1.4650060982331812,180,-33.45305680520369,574.4130529910326,70.13918981276399,8.482274081914749,3,-70.61371442557373,0
1759928753805085200,3040.045085205078,600.5523624168709,1.1936075031522253,180,-33.45305700139191,574.7376689659432,70.13919288344518,8.688638232404774,3,-70.6137193993959,0.023089465886935154
1759928754805480400,3041.04548046875,600.5334265045822,1.460605999728486,180,-33.45305996151598,574.7187330536544,70.13919377719726,8.77525564408632,3,-70.61372201512552,0.025540626574263786
1759928755805456100,3042.0454560546873,600.3724085101858,1.454231795118654,180,-33.45306358758515,574.557715059258,70.13919528462422,8.799066292881083,3,-70.61372587704345,0.01321064943318934
1759928756804885000,3043.0448850097655,600.4434719737619,1.2866943551821235,180,-33.453064397347084,574.6287785228342,70.13919611220128,8.876200557741733,3,-70.61372752207296,0.02773232132516657
1759928757805222400,3044.0452224121095,600.4398829629645,1.2506184003484935,180,-33.45306441640901,574.6251895120367,70.13919615179718,8.875698670602388,3,-70.61372759286135,0
1759928758805198000,3045.0451979980467,600.419760636054,1.2467464539780369,180,-33.45306516529868,574.6050671851262,70.13919690296542,8.77601997054645,3,-70.61372909159742,0
1759928759804834600,3046.0448344726565,600.5464687002823,1.514467922776309,180,-33.453066186862394,574.7317752493545,70.13919587101925,8.835244222567853,3,-70.61372785763434,0.1022273483877656
1759928760804607500,3047.044607421875,600.3980351658538,1.5196595969834248,180,-33.453068824419425,574.5833417149261,70.13919522288933,8.981964980480306,3,-70.61372788570664,0.08170803700556485
1759928761804583200,3048.044583251953,600.3819127343595,1.4195026181473374,180,-33.45306889533833,574.5672192834318,70.139195403516,8.870266210147367,3,-70.61372820217302,0
1759928762804558300,3049.0445583496094,600.3819127343595,1.3825026527881177,180,-33.45306889533833,574.5672192834318,70.139195403516,8.86035486564838,3,-70.61372820217302,0
1759928763804534000,3050.044533935547,600.3819127343595,1.3913515572407307,180,-33.45306889533833,574.5672192834318,70.139195403516,8.91132497963289,3,-70.61372820217302,0
1759928764804509700,3051.044509765625,600.3819127343595,1.3099120728425606,180,-33.45306889533833,574.5672192834318,70.139195403516,9.009050259074877,3,-70.61372820217302,0
1759928765804484900,3052.0444848632815,600.3819127343595,1.3085581416840826,180,-33.45306889533833,574.5672192834318,70.139195403516,8.986836059608029,3,-70.61372820217302,0
1759928766804460000,3053.0444599609373,600.5604423992336,1.4975239829413518,180,-33.45308412078878,574.7457489483058,70.13918897992538,9.246872138653131,3,-70.6137240885676,0.033357197828307275
1759928767804436200,3054.044436279297,600.5676250588149,1.4064048423215885,180,-33.45308105206175,574.7529316078871,70.1391899054478,9.251380263427647,3,-70.61372432919487,0
1759928768804411400,3055.044411376953,600.5676250588149,1.3808933063296007,180,-33.45308105206175,574.7529316078871,70.1391899054478,9.497326432604197,3,-70.61372432919487,0
1759928769804386800,3056.04438671875,600.5676250588149,1.3529956804013974,180,-33.45308105206175,574.7529316078871,70.1391899054478,9.845668771201785,3.0664023469263584,-70.61372432919487,0
1759928770804362800,3057.044362792969,600.5676250588149,1.3480494881511513,180,-33.45308105206175,574.7529316078871,70.1391899054478,9.952337505649725,3.0859617338363323,-70.61372432919487,0
1759928771804338000,3058.044337890625,600.5676250588149,1.3065297529425033,180,-33.45308105206175,574.7529316078871,70.1391899054478,10.102169734414257,3.099455242227515,-70.61372432919487,0
1759928772804313600,3059.044313720703,600.5676250588149,1.3066784934581426,180,-33.45308105206175,574.7529316078871,70.1391899054478,10.008230342716342,3.2134568544154773,-70.61372432919487,0
1759928773804289300,3060.0442893066406,600.5676250588149,1.2561114659713368,180,-33.45308105206175,574.7529316078871,70.1391899054478,10.37694236055452,3.256112515464383,-70.61372432919487,0
1759928774804264400,3061.044264404297,600.5676250588149,1.250966067847899,180,-33.45308105206175,574.7529316078871,70.1391899054478,10.399835759753257,3.242403074359374,-70.61372432919487,0
1759928775804240100,3062.044240234375,600.5676250588149,1.2555183238220895,180,-33.45308105206175,574.7529316078871,70.1391899054478,10.533005056789612,3.241022278298863,-70.61372432919487,0
1759928776804215600,3063.044215576172,600.5676250588149,1.2588750714173091,180,-33.45308105206175,574.7529316078871,70.1391899054478,10.633107231564985,3.2720438446253572,-70.61372432919487,0
1759928777804190700,3064.0441906738283,600.5676250588149,1.1749306754530484,180,-33.45308105206175,574.7529316078871,70.1391899054478,10.933657678231736,3.233265647935525,-70.61372432919487,0
1759928778804166400,3065.044166503906,600.4359717257321,1.2130616299764836,180,-33.45308350954943,574.6212782748044,70.13918978443125,10.990248763380801,3.1949754509578905,-70.61372512507086,0.09698488346070147
1759928779804142000,3066.0441420898437,600.5550793921575,1.5300760922706615,180,-33.453082543696496,574.7403859412298,70.13918860271366,12.051596942330704,3.5207459424797323,-70.61372285271298,0.11519461459214335
1759928780804118300,3067.0441181640626,600.5620360970497,1.2763574083348486,180,-33.453082579754394,574.747342646122,70.13918886293351,13.033981802446133,3.58745050667325,-70.6137232820299,0
1759928781804094000,3068.0440939941404,600.4901185343042,1.4509676429171918,180,-33.45308161017085,574.6754250833765,70.13918962009184,13.954148268822065,3.970200607169004,-70.6137240988759,0
1759928782804069000,3069.0440690917967,600.4901185343042,1.4174499508830998,180,-33.45308161017085,574.6754250833765,70.13918962009184,14.773790034076496,4.3294697778482485,-70.6137240988759,0
1759928783804044300,3070.044044189453,600.4901185343042,1.4098045281211629,180,-33.45308161017085,574.6754250833765,70.13918962009184,15.280357188440865,4.56819489473366,-70.6137240988759,0
1759928784804020000,3071.044020019531,600.4901185343042,1.402099583902309,180,-33.45308161017085,574.6754250833765,70.13918962009184,15.748278538507066,4.739887187508321,-70.6137240988759,0
1759928785803995100,3072.0439951171875,600.4901185343042,1.4138311609432181,180,-33.45308161017085,574.6754250833765,70.13918962009184,16.14180427557134,4.869811642379661,-70.6137240988759,0
1759928786803970600,3073.0439704589844,600.4901185343042,1.4252137778584695,180,-33.45308161017085,574.6754250833765,70.13918962009184,16.943833963453066,5.177212029681862,-70.6137240988759,0
1759928787803946500,3074.0439465332033,600.4901185343042,1.405169822440019,180,-33.45308161017085,574.6754250833765,70.13918962009184,17.67462639910326,5.3775860490088,-70.6137240988759,0
1759928788803922200,3075.0439221191405,600.4901185343042,1.3664927350675522,180,-33.45308161017085,574.6754250833765,70.13918962009184,18.346980428870186,5.553526403627535,-70.6137240988759,0
1759928789803897600,3076.043897705078,600.4333687294275,1.4753273322219713,180,-33.45305723970734,574.6186752784997,70.13918837011065,18.754239477672478,5.752419873227698,-70.61371230070706,0.11968358681599406
1759928790803872500,3077.0438725585936,600.3566840197891,1.419033491931974,180,-33.453054729768674,574.5419905688614,70.13918962381236,18.607237124752565,5.716745258140157,-70.61371328930628,0.03611087317786362
1759928791803848200,3078.0438481445312,600.4562492389232,1.4384404274753904,180,-33.45305384542612,574.6415557879955,70.13918995407913,18.49759667980634,5.644400165638685,-70.6137134599539,0
1759928792803824400,3079.043824462891,600.4562492389232,1.4152442383709867,180,-33.45305384542612,574.6415557879955,70.13918995407913,18.791783022844783,5.7226777148141394,-70.6137134599539,0
1759928793803799600,3080.043799560547,600.4562492389232,1.409966804053057,180,-33.45305384542612,574.6415557879955,70.13918995407913,19.279931120206644,5.8266839950334735,-70.6137134599539,0
1759928794803775200,3081.043775146484,600.4562492389232,1.3869345129424475,180,-33.45305384542612,574.6415557879955,70.13918995407913,20.219132999795363,6.07630298130548,-70.6137134599539,0
1759928795803750100,3082.0437502441405,600.4562492389232,1.2554524361520085,180,-33.45305384542612,574.6415557879955,70.13918995407913,21.42988896153536,6.337706019891024,-70.6137134599539,0
1759928796803725800,3083.043725830078,600.4562492389232,1.1756054389514357,180,-33.45305384542612,574.6415557879955,70.13918995407913,22.318847934779075,6.540352117426086,-70.6137134599539,0
1759928797803701800,3084.0437016601563,600.4562492389232,1.1762475233982361,180,-33.45305384542612,574.6415557879955,70.13918995407913,22.736145461259632,7.018408951440755,-70.6137134599539,0
1759928798803677000,3085.0436770019533,600.4562492389232,1.1758952330383226,180,-33.45305384542612,574.6415557879955,70.13918995407913,23.21961648375683,7.197586201875121,-70.6137134599539,0
1759928799803652600,3086.043652587891,600.4562492389232,0.9572189997022018,180,-33.45305384542612,574.6415557879955,70.13918995407913,23.291475523216217,7.222497959999872,-70.6137134599539,0
1759928800803627500,3087.0436274414064,600.4562492389232,0.952194820628199,180,-33.45305384542612,574.6415557879955,70.13918995407913,23.857327399908392,7.373991542216162,-70.6137134599539,0
1759928801803603700,3088.0436037597656,600.4562492389232,0.9547854626611656,180,-33.45305384542612,574.6415557879955,70.13918995407913,23.94581527517076,7.415094030224195,-70.6137134599539,0
1759928802803579000,3089.043578857422,600.4737707991153,1.4345579302821672,180,-33.453063667597426,574.6590773481876,70.13917962542052,24.257748680465337,7.926466698519844,-70.6137009473552,0.011080698917725841
1759928803803554600,3090.0435544433594,600.4724161699414,1.3839787987607366,180,-33.453063683057294,574.6577227190137,70.1391796535478,24.259244274058645,7.781416037611365,-70.61370099841244,0
1759928804803530200,3091.0435302734377,600.4724161699414,1.3761025497103212,180,-33.453063683057294,574.6577227190137,70.1391796535478,24.28557054524016,7.6444170288313185,-70.61370099841244,0
1759928805803505700,3092.043505615234,600.5259433826432,1.3918985930957153,180,-33.45304681050812,574.7112499317154,70.13918301666179,24.226283223611897,7.606795726938235,-70.61369957066866,0.06395823715263256
1759928806803481000,3093.0434812011717,600.5672850785777,1.4202011373694277,180,-33.4530463175687,574.75259162765,70.1391854570338,24.168992786020667,7.723634076395763,-70.61370326245805,0
1759928807803456500,3094.0434565429687,600.5737072424963,1.2365639099362264,180,-33.453045942017496,574.7590137915686,70.13918571429757,23.957928462718005,7.4208998732897635,-70.61370352144917,0
1759928808803431700,3095.043431640625,600.5737072424963,1.1732059408838307,180,-33.453045942017496,574.7590137915686,70.13918571429757,23.79964709360067,7.28692957710196,-70.61370352144917,0
1759928809803408100,3096.043408203125,600.5836658831686,1.4639435225613115,180,-33.45305098383357,574.7689724322408,70.13917816533646,23.846866318006594,7.704918640490846,-70.61369351647785,0.030982466470348937
1759928810803383800,3097.0433837890623,600.6390529200435,1.3847859741079074,180,-33.45304620322564,574.8243594691157,70.13917812089579,24.20517670800846,7.872774138804815,-70.61369152212457,0
1759928811803359000,3098.0433588867186,600.6390529200435,1.3898514182722064,180,-33.45304620322564,574.8243594691157,70.13917812089579,23.976944887251552,7.7465601025421185,-70.61369152212457,0
1759928812803334700,3099.043334716797,600.5519559094682,1.2741963007693655,180,-33.45303958218417,574.7372624585405,70.13917657024673,23.75921020898604,7.525400133716437,-70.61368638625521,0.0430441567206378
1759928813803309800,3100.043309814453,600.5313594527543,1.0720683288096637,180,-33.45303828918574,574.7166660018265,70.13917752108564,23.68852354395971,7.332625883951396,-70.61368738171277,0
1759928814803285800,3101.0432856445314,600.8768044216558,1.4984871029805893,180,-33.45304043581592,575.0621109707281,70.13917981341964,23.78497908001889,7.766979293825643,-70.61369189956915,0.20676277052848807
1759928815803260400,3102.043260498047,600.4859823668376,1.4222493697820426,180,-33.45303791014721,574.6712889159098,70.13917984581272,23.761078855657313,7.789493810700067,-70.61369093498472,0
1759928816803236600,3103.0432365722654,600.4859823668376,1.4080951927416643,180,-33.45303791014721,574.6712889159098,70.13917984581272,24.064121215211916,7.933389329726101,-70.61369093498472,0
1759928817803212300,3104.0432124023437,600.6156963296235,1.170477382280088,180,-33.45303801359809,574.8010028786957,70.13917951473742,24.21863739447331,7.683995423189995,-70.61369044885126,0
1759928818803187000,3105.0431870117186,600.4470898276195,1.480260660171233,180,-33.45303419536698,574.6323963766918,70.1391826942385,24.36224003254865,7.953847685185334,-70.6136939809099,0.08739593563300489
1759928819803162600,3106.043162597656,600.436322260648,1.4105513020262985,180,-33.45303431825293,574.6216288097203,70.13918291781381,24.29217520391164,7.816817466840374,-70.61369438674902,0
1759928820803139000,3107.0431391601564,600.436322260648,1.3931401657945075,180,-33.45303431825293,574.6216288097203,70.13918291781381,24.244421437172598,7.703299808396205,-70.61369438674902,0
1759928821803114000,3108.043114013672,600.436322260648,1.305279092654661,180,-33.45303431825293,574.6216288097203,70.13918291781381,24.159454014132745,7.686531511009192,-70.61369438674902,0
1759928822803089700,3109.043089599609,600.436322260648,1.3036250327320946,180,-33.45303431825293,574.6216288097203,70.13918291781381,24.196648861386922,7.738341509442732,-70.61369438674902,0
1759928823803064300,3110.0430642089846,600.436322260648,1.2446296179637275,180,-33.45303431825293,574.6216288097203,70.13918291781381,24.03908132322666,8.112376276806916,-70.61369438674902,0
1759928824803041000,3111.043041015625,600.436322260648,1.2422256605482287,180,-33.45303431825293,574.6216288097203,70.13918291781381,24.005727612224224,8.181538780284326,-70.61369438674902,0
1759928825803016400,3112.043016357422,600.2193301003426,1.414958360718674,180,-33.45304977028545,574.4046366494149,70.13918863177003,24.37813090090357,8.821134560731489,-70.61370971243852,0.01831039299970998
1759928826802990800,3113.042990966797,600.3979177316651,1.3694746854678321,180,-33.45304964331415,574.5832242807373,70.13918882099598,24.94103877559682,8.861122521864367,-70.61370996299041,0
1759928827802967000,3114.042967041016,600.3979177316651,1.2918455167089897,180,-33.45304964331415,574.5832242807373,70.13918882099598,25.31928471965364,8.912279290682642,-70.61370996299041,0
1759928828802942200,3115.042942138672,600.3979177316651,1.3042093537138628,180,-33.45304964331415,574.5832242807373,70.13918882099598,25.200500219220743,8.747406559964707,-70.61370996299041,0
1759928829802918100,3116.0429182128905,600.3979177316651,1.3250768428713577,180,-33.45304964331415,574.5832242807373,70.13918882099598,25.17690802487504,8.567751707857171,-70.61370996299041,0
1759928830802894000,3117.042894042969,600.1966602588072,1.1749644559676033,180,-33.453057433346565,574.3819668078795,70.13919343240454,24.860382583619284,7.999189607114336,-70.61372044827603,0.015553391775420604
1759928831802869200,3118.042869140625,600.4260430661961,1.533677863152657,180,-33.453056661261805,574.6113496152684,70.1391934976887,24.813149404758608,8.251269851022311,-70.61372024169026,0.0875327857670189
1759928832802844700,3119.0428447265626,600.292001360096,1.1748619703234269,180,-33.45305668484142,574.4773079091683,70.13919366152015,24.685476015032148,7.768849399335861,-70.61372051233668,0
1759928833802820600,3120.0428205566404,600.3259577089921,1.4636185402443724,180,-33.45305500399518,574.5112642580643,70.13919548552907,24.2144020325923,7.860313662190559,-70.6137227436376,0.04527766452522931
1759928834802795800,3121.0427956542967,600.4031965127215,1.3954727482186229,180,-33.45306022827026,574.5885030617937,70.1391975454039,23.564790455149815,7.879672226916168,-70.6137281292457,0.009734794152200197
1759928835802772000,3122.0427719726563,600.3518773205578,1.3375277207066691,180,-33.45306252111625,574.5371838696301,70.1391971036114,23.38418819671989,7.788136324060768,-70.61372834753803,0
1759928836802747000,3123.042746826172,600.3372543891892,1.1686591725208855,180,-33.453062427830915,574.5225609382614,70.13919728617994,23.082662411841948,7.494696200186643,-70.61372860103133,0
1759928837802722800,3124.042722900391,600.3372543891892,1.1761200520227169,180,-33.453062427830915,574.5225609382614,70.13919728617994,22.834616695632704,7.371835235343008,-70.61372860103133,0
1759928838802698200,3125.0426982421877,600.3372543891892,1.0721084850818765,180,-33.453062427830915,574.5225609382614,70.13919728617994,22.673520304331618,7.238081149785719,-70.61372860103133,0
1759928839802673400,3126.0426733398435,600.4792060768232,1.1738907604224225,180,-33.45305405370716,574.6645126258954,70.13919500309282,22.80333792626178,7.245265271635082,-70.61372159224517,0
1759928840802648800,3127.042648925781,600.4792060768232,1.0711221382734772,180,-33.45305405370716,574.6645126258954,70.13919500309282,22.683213128844717,7.1488051315362835,-70.61372159224517,0
1759928841802624800,3128.0426247558594,600.4124804260209,1.4498772371625241,180,-33.453043122194245,574.5977869750932,70.13919290765757,22.733287355855005,7.447735489573171,-70.61371385360385,0.024008336903195874
1759928842802600000,3129.0425998535156,600.5083876075223,1.4730320080662802,180,-33.45303935293623,574.6936941565946,70.13919125620981,22.843663720657442,7.395936319514779,-70.61370970449062,0.05607854521252888
1759928843802575000,3130.0425751953126,600.5195773914456,0.9565157163444516,180,-33.453038655296766,574.7048839405179,70.13919060983935,23.154551402651233,7.284442599556066,-70.6137083934296,0
1759928844802550800,3131.04255078125,600.5195773914456,0.943981627954611,180,-33.453038655296766,574.7048839405179,70.13919060983935,23.245453935795112,7.406696528147485,-70.6137083934296,0
1759928845802527000,3132.0425268554686,600.5806674230844,1.4589569080514626,180,-33.453038553182665,574.7659739721566,70.13918713299566,23.26416756287079,7.790592167670897,-70.61370281000539,0.17248617362928717
1759928846802502000,3133.042501953125,600.5750832613558,1.3660499537406698,180,-33.45303861419304,574.760389810428,70.13918739003557,22.958910294619706,7.630279051462666,-70.61370324429338,0
1759928847802478000,3134.042478027344,600.6296776067466,1.5647850474838871,180,-33.45304195005632,574.8149841558188,70.1391871715991,23.12665260457595,7.846637565866704,-70.6137042382983,0.10173396590625447
1759928848802453500,3135.0424536132814,600.6382147120312,1.2628452025258432,180,-33.45304095251969,574.8235212611035,70.13918543417995,22.871868920043376,7.914776955245605,-70.61370106736199,0
1759928849802428700,3136.0424287109377,600.6382147120312,1.1778446840668322,180,-33.45304095251969,574.8235212611035,70.13918543417995,22.877273882950444,7.901752240142016,-70.61370106736199,0
1759928850802404400,3137.042404296875,600.6382147120312,1.0750864370524091,180,-33.45304095251969,574.8235212611035,70.13918543417995,22.782140697246426,7.787856987907502,-70.61370106736199,0
1759928851802380000,3138.042380126953,600.6382147120312,0.9548315492682756,180,-33.45304095251969,574.8235212611035,70.13918543417995,22.800649635361808,7.814051453385726,-70.61370106736199,0
1759928852802355000,3139.0423549804686,600.6382147120312,1.0728019738175152,180,-33.45304095251969,574.8235212611035,70.13918543417995,23.084114546872904,7.829478298717362,-70.61370106736199,0
1759928853802330600,3140.0423305664062,600.7438753433526,1.4772896183814517,180,-33.45304231881749,574.9291818924248,70.13916988647854,22.972050171763463,8.061449881461208,-70.61367683295785,0.16429202815950228
1759928854802306000,3141.042306152344,600.7254168363288,1.365562620813466,180,-33.453042348785644,574.9107233854011,70.13917032412138,22.881728782842796,7.696541705856471,-70.61367754264957,0
1759928855802282000,3142.042281982422,600.6533767590299,1.5078247143054269,180,-33.45304569921769,574.8386833081022,70.13917449583577,22.940348997521752,7.311498356647881,-70.61368554072986,0.013451834718957369
1759928856802257700,3143.042257568359,600.7467203587294,1.168983523022508,180,-33.45304072874039,574.9320269078016,70.13917555388255,22.822090944259504,7.2001603969059556,-70.61368522742367,0
1759928857802232800,3144.042232910156,600.7467203587294,1.1687064296795648,180,-33.45304072874039,574.9320269078016,70.13917555388255,23.0788425855224,7.355820566882992,-70.61368522742367,0
1759928858802208000,3145.0422080078124,600.8237160509452,1.464368527284915,180,-33.45303506758906,575.0090226000175,70.1391819381539,23.307121525437204,7.757187537187709,-70.61369312660192,0.09746440254446011
1759928859802184200,3146.0421840820313,600.6974681597203,1.3599019240851686,180,-33.45303012301603,574.8827747087926,70.13918405937595,23.16339243127833,7.449898839672064,-70.61369451849626,0.013236444053974769
1759928860802159900,3147.0421599121096,600.6638879897073,1.0722944133262826,180,-33.45303227174062,574.8491945387796,70.13918489520071,22.932619144713556,7.1972674605012115,-70.61369671541614,0
1759928861802135600,3148.0421354980467,600.6638879897073,1.3773255453149515,180,-33.45303227174062,574.8491945387796,70.13918489520071,22.716977885672126,7.694431821857535,-70.61369671541614,0
1759928862802110200,3149.0421101074216,600.675974288024,1.451428747304258,180,-33.45303600207404,574.8612808370963,70.13918600040313,22.37566166975633,7.718107552794392,-70.61369997811487,0.09510295982340657
1759928863802086400,3150.0420864257812,600.5892566144466,1.4198525350638038,180,-33.453040887035385,574.7745631635189,70.1391854487776,22.07663157838282,7.761402584718293,-70.61370106428362,0.046229689127555866
1759928864802061600,3151.0420615234375,600.7332948055118,1.4626789115427157,180,-33.45304275119791,574.9186013545841,70.13918529048635,22.17037663326389,7.78659187353911,-70.6137015620151,0.08186760529452623
1759928865802037200,3152.0420373535158,600.7529044281691,1.1712620246356766,180,-33.45304282005723,574.9382109772414,70.13918570036614,21.94898351089077,7.5151254813309425,-70.6137022430988,0
1759928866802013000,3153.0420129394533,600.7529044281691,1.1665575159321653,180,-33.45304282005723,574.9382109772414,70.13918570036614,21.92922013867034,7.52122789602938,-70.6137022430988,0
1759928867801987600,3154.0419875488283,600.4515615478158,1.0913456519333444,180,-33.453039208013934,574.6368680968881,70.13918473716183,21.8185067527721,7.462386006840707,-70.61369925435089,0.042040052838573275
1759928868801963800,3155.0419638671874,600.5880533568561,1.4718632040760986,180,-33.45304302593528,574.7733599059284,70.13918309902728,21.577211869876063,7.636716983214401,-70.61369817921539,0.13842359010204605
1759928869801939200,3156.0419392089843,600.7007550979033,1.4750906329368,180,-33.45304213994623,574.8860616469756,70.13918668942496,21.683782661163473,7.451803345100742,-70.61370354608175,0.07718248095505327
1759928870801914600,3157.0419145507813,600.7377050137147,1.4565345301918673,180,-33.453033027102336,574.923011562787,70.1391896398489,22.058523116113687,7.5440243824240785,-70.61370458265104,0.1369355790959768
1759928871801890300,3158.0418903808595,600.6746763493866,1.53307884328903,180,-33.453032356587634,574.8599828984588,70.13918793758191,22.16283742516247,7.3285646490534,-70.61370159932882,0.22854862559518363
1759928872801866000,3159.0418659667966,600.648595421575,1.3487353327381837,180,-33.45303248247202,574.8339019706473,70.1391884460206,22.446704086122722,7.441403338212964,-70.61370246046707,0
1759928873800672800,3160.0406728515627,600.5176882138476,1.4126423935608934,180,-33.4530242188695,574.7029947629198,70.13918866524753,23.08882765877068,7.8042215898349445,-70.61369948500923,0
1759928874801145600,3161.0411455078124,600.5176882138476,1.3896979612733344,180,-33.4530242188695,574.7029947629198,70.13918866524753,23.179792208732888,8.377885322700106,-70.61369948500923,0
1759928875801121800,3162.041121826172,600.5957129467279,1.3841697520621445,180,-33.453024057671556,574.7810194958001,70.13918590537118,23.493972705413796,8.486267586962684,-70.6136950207085,0
1759928876800633600,3163.040633544922,600.6936114653945,1.3731911777141939,180,-33.45302452072923,574.8789180144668,70.13918131523988,23.248919712434425,8.315190114778796,-70.61368789002411,0
1759928877800737800,3164.0407377929687,600.8045224230736,1.2527302126250974,180,-33.453024790771586,574.9898289721459,70.1391790896849,23.088678874290053,7.9513991022918304,-70.61368445098333,0
1759928878800713500,3165.0407133789063,600.8045224230736,1.261942172867229,180,-33.453024790771586,574.9898289721459,70.1391790896849,23.03914320858908,7.627640135452912,-70.61368445098333,0
1759928879800758300,3166.0407583007814,600.7012353818864,1.5032660111823966,180,-33.453042134852076,574.8865419309586,70.13918401269218,22.975774319881413,7.5331625622858525,-70.6136992771288,0.020502656009082618
1759928880800099300,3167.0400993652343,600.8217424396425,1.4883740998380846,180,-33.45303662365448,575.0070489887148,70.1391830388589,22.801214063778314,7.7227885817453545,-70.61369550729879,0.20690453264666203
1759928881800075500,3168.040075439453,600.796539218165,1.3988223670278894,180,-33.4530369112888,574.9818457672372,70.13918356217293,22.96164285309115,8.063898403088821,-70.61369645723056,0
1759928882801174000,3169.0411740722657,600.5933725964278,1.390346644205382,180,-33.45303596059664,574.7786791455001,70.13918369464378,22.930238093990283,8.095703625189527,-70.61369628588065,0.013103878332266316
1759928883800703000,3170.0407028808595,600.857213971205,1.437001752369128,180,-33.45304153977547,575.0425205202773,70.1391851942676,22.947720408271515,8.098504094253236,-70.6137009212111,0.11875839393831364
1759928884800678400,3171.040678466797,600.8637690600008,1.3372594311587236,180,-33.4530417348068,575.049075609073,70.13918545880382,23.071515923195065,7.94325530086927,-70.613701421373,0
1759928885800640500,3172.040640625,600.7020216295496,1.3472090011035265,180,-33.45305169761128,574.8873281786218,70.13918768681269,23.078742128291587,7.844477408764262,-70.61370898158184,0.007205370046154283
1759928886800387800,3173.040387939453,600.8918276308104,1.46498651685681,180,-33.4530506818382,575.0771341798827,70.13918849384304,22.914121868277874,7.671662339591147,-70.61370985934255,0.1460463461784845
1759928887800363800,3174.0403637695313,600.892475922592,1.3629815412551023,180,-33.4530507276007,575.0777824716642,70.13918874784054,22.771132884687052,7.649763508227305,-70.61371028264553,0
1759928888800338400,3175.040338378906,600.7529756762087,1.3388788257688078,180,-33.45305169185808,574.938282225281,70.13919014271836,22.89725084328116,7.7289772355004045,-70.61371289415574,0.008421723995168051
1759928889800314000,3176.0403142089845,600.7529956279323,1.3621359244986866,180,-33.45305176764471,574.9383021770045,70.1391902720585,22.72929523448045,7.444274272438977,-70.61371313082641,0
1759928890800290000,3177.0402900390627,600.7529956279323,1.3308916542872482,180,-33.45305176764471,574.9383021770045,70.1391902720585,23.071025420723366,7.2233262691317215,-70.61371313082641,0
1759928891800265500,3178.040265380859,600.7529956279323,1.373592727380431,180,-33.45305176764471,574.9383021770045,70.1391902720585,23.466376711131883,7.250133331323551,-70.61371313082641,0
1759928892800241000,3179.040240966797,600.6131174657494,1.4438534462399442,180,-33.45307129049585,574.7984240148216,70.13919286706968,23.332872319864215,7.154705730607513,-70.61372512260404,0.017455619939197375
1759928893800216300,3180.0402163085937,600.5914210099727,1.3821844258346436,180,-33.45307634643967,574.776727559045,70.13919267169575,23.373993265034112,7.139210072996636,-70.61372684545414,0.05744073837057223
1759928894800192000,3181.0401918945313,600.5844250377268,1.3708224872968133,180,-33.4530764262821,574.769731586799,70.13919281695918,23.682150745860806,7.273124990907461,-70.61372710913942,0
1759928895800167400,3182.040167480469,600.6405235212296,1.3556757923490834,180,-33.45308696889001,574.8258300703019,70.13918911406593,24.264382045825435,7.277389397139907,-70.61372544834748,0.04497944563316654
1759928896800143400,3183.0401433105467,600.5937311742455,1.5099981576515082,180,-33.453088321422875,574.7790377233177,70.13918746694056,24.07828106773585,7.287415209073613,-70.61372336691335,0.24270310070383638
1759928897800119000,3184.040119140625,600.5722728008404,1.4211692003462784,180,-33.45307929115094,574.7575793499127,70.13919188745531,23.763232186885197,7.339985442844073,-70.61372678014176,0.09646122613086283
1759928898800094500,3185.040094482422,600.5967050697654,1.4671019753273855,180,-33.45307684450228,574.7820116188377,70.1391920036114,23.269483960273135,7.01379707531107,-70.61372598087891,0.10271724206890946
1759928899800069400,3186.0400693359375,600.5753770787269,1.3745781742669902,180,-33.4530774614977,574.7606836277992,70.13919222672573,22.75892941055968,6.601327409457225,-70.61372658479078,0
1759928900800045000,3187.0400451660157,600.6511724404991,1.2624437596530824,180,-33.45307766322151,574.8364789895713,70.13919208967121,22.527929605802726,6.794694330214874,-70.61372644748097,0
1759928901800019700,3188.0400197753906,600.6511724404991,1.178501541461962,180,-33.45307766322151,574.8364789895713,70.13919208967121,22.26369246132202,6.252287601939486,-70.61372644748097,0
1759928902799996000,3189.0399958496096,600.6511724404991,0.9572597372719238,180,-33.45307766322151,574.8364789895713,70.13919208967121,21.915664452652234,6.32341783440823,-70.61372644748097,0
1759928903799971000,3190.039971191406,600.6511724404991,0.9644884841784803,180,-33.45307766322151,574.8364789895713,70.13919208967121,21.988779984882676,6.316147451826195,-70.61372644748097,0
1759928904799947300,3191.039947265625,600.6511724404991,0.9617428273219936,180,-33.45307766322151,574.8364789895713,70.13919208967121,22.044829297735447,6.384007645274594,-70.61372644748097,0
1759928905799923500,3192.039923339844,600.6243066973984,1.4305213613952494,180,-33.45309729089448,574.8096132464707,70.1391911106357,21.896641401579455,6.529758712771417,-70.61373278413774,0
1759928906799898600,3193.039898681641,600.6243066973984,1.3796711951253124,180,-33.45309729089448,574.8096132464707,70.1391911106357,22.124441482351955,6.817008980652693,-70.61373278413774,0
1759928907799873300,3194.0398732910157,600.6243066973984,1.3670913010532595,180,-33.45309729089448,574.8096132464707,70.1391911106357,22.557336971056433,7.0638432179573725,-70.61373278413774,0
1759928908799849500,3195.039849365234,600.6243066973984,1.3683334362299857,180,-33.45309729089448,574.8096132464707,70.1391911106357,22.901472001956392,7.3040813686777994,-70.61373278413774,0
1759928909799824600,3196.039824707031,600.5816994272172,1.163388360857933,180,-33.45310152571096,574.7670059762895,70.13919362946065,23.04188409145168,7.212979355349885,-70.61373850322309,0
1759928910799800600,3197.0398005371094,600.5816994272172,1.0750634129920313,180,-33.45310152571096,574.7670059762895,70.13919362946065,22.8407784052561,7.086516351741536,-70.61373850322309,0
1759928911799776000,3198.0397758789063,600.5816994272172,0.955549540177056,180,-33.45310152571096,574.7670059762895,70.13919362946065,22.205897466222197,6.84015815623492,-70.61373850322309,0
1759928912799751700,3199.0397517089846,600.5140385990962,1.4137852540111608,180,-33.45308939661638,574.6993451481685,70.13919430901619,21.709188937227513,7.068362864767557,-70.61373470627382,0.007291731007455091
1759928913799727400,3200.0397272949217,600.5088237728924,1.0771685854004622,180,-33.45308578273077,574.6941303219646,70.13919343483339,21.142773166652354,6.5630015445135585,-70.61373185869716,0
1759928914799703000,3201.039703125,600.5088237728924,1.0683965986199169,180,-33.45308578273077,574.6941303219646,70.13919343483339,21.147360028918545,6.67313812365624,-70.61373185869716,0
1759928915799678200,3202.039678222656,600.5088237728924,0.9441211895522245,180,-33.45308578273077,574.6941303219646,70.13919343483339,21.11071911675583,6.759685793730135,-70.61373185869716,0
1759928916799654000,3203.039653808594,600.5088237728924,1.4017322748776493,180,-33.45308578273077,574.6941303219646,70.13919343483339,20.911117558540482,6.980672467031275,-70.61373185869716,0
1759928917799629600,3204.039629638672,600.5062326937914,1.3387708467208674,180,-33.45307999647122,574.6915392428637,70.13919049659916,20.92799711113964,6.8350135328447434,-70.61372484680868,0
1759928918799604500,3205.0396044921877,600.5062326937914,1.3332166070448974,180,-33.45307999647122,574.6915392428637,70.13919049659916,20.551360070043046,6.803473494104964,-70.61372484680868,0
1759928919799580700,3206.039580566406,600.5062326937914,1.3261227878266284,180,-33.45307999647122,574.6915392428637,70.13919049659916,20.843969878478656,6.975023002977508,-70.61372484680868,0
1759928920799555300,3207.0395554199217,600.5614568982273,1.4571061793491429,180,-33.453067225225176,574.7467634472996,70.13919074477377,20.94053574266202,7.220799784540457,-70.61372010382675,0.05765558311489369
1759928921799531800,3208.0395317382813,600.55021956563,1.3451293441420473,180,-33.453067144582626,574.7355261147022,70.13919097360383,20.767947404631247,6.889087597597539,-70.61372043615107,0
1759928922799506200,3209.0395061035156,600.55021956563,1.301298743807931,180,-33.453067144582626,574.7355261147022,70.13919097360383,21.07449309416125,6.819800122607427,-70.61372043615107,0
1759928923799483000,3210.039482910156,600.55021956563,1.3072445853602215,180,-33.453067144582626,574.7355261147022,70.13919097360383,21.510599092238678,6.789519277127461,-70.61372043615107,0
1759928924799458000,3211.0394580078123,600.55021956563,1.3032715341619345,180,-33.453067144582626,574.7355261147022,70.13919097360383,21.211294789728807,6.5690380641960315,-70.61372043615107,0
1759928925799433000,3212.0394328613284,600.55021956563,1.1697902626340222,180,-33.453067144582626,574.7355261147022,70.13919097360383,21.012811005752916,6.703977575382757,-70.61372043615107,0
1759928926799409200,3213.0394091796875,600.55021956563,1.07165592473177,180,-33.453067144582626,574.7355261147022,70.13919097360383,21.075661089197432,6.674960430130035,-70.61372043615107,0
1759928927799383600,3214.0393835449217,600.5828368626535,1.165578772194899,180,-33.453068831643286,574.7681434117258,70.13919440108378,21.201546029920152,6.64175532179948,-70.61372657859681,0
1759928928799359700,3215.0393598632813,600.5128792244941,1.4508853614847919,180,-33.45306721486577,574.6981857735664,70.1391933179215,21.131757689452368,7.10076854510716,-70.61372420143869,0.05853083378147241
1759928929799335000,3216.0393349609376,600.5057236840948,1.3917066971812457,180,-33.45306729652927,574.6910302331671,70.13919346649807,21.024892625398476,6.968434568474347,-70.61372447113813,0
1759928930799310600,3217.039310546875,600.3784947255626,1.397478849424734,180,-33.453068343973285,574.5638012746349,70.13919375007163,20.973058707266897,6.919903333711174,-70.61372534462014,0.015000405399253054
1759928931799286800,3218.0392868652343,600.4846114525571,1.1643384524321596,180,-33.453067175026554,574.6699180016294,70.13919389660961,20.539135917659472,6.493441908683414,-70.61372510787909,0
1759928932799261700,3219.03926171875,600.4846114525571,1.152046286658632,180,-33.453067175026554,574.6699180016294,70.13919389660961,20.047815977272613,6.647768043141857,-70.61372510787909,0
1759928933799238000,3220.039237792969,600.4846114525571,1.158822788996293,180,-33.453067175026554,574.6699180016294,70.13919389660961,19.875284020405616,6.743115312658363,-70.61372510787909,0
1759928934799213000,3221.0392131347658,600.4846114525571,1.0750893792978378,180,-33.453067175026554,574.6699180016294,70.13919389660961,19.707331791826736,6.571536779719044,-70.61372510787909,0
1759928935799188200,3222.039188232422,600.4846114525571,1.069742872049767,180,-33.453067175026554,574.6699180016294,70.13919389660961,19.58840474560876,6.488294375015084,-70.61372510787909,0
1759928936799164400,3223.0391643066405,600.4846114525571,1.0679217682497102,180,-33.453067175026554,574.6699180016294,70.13919389660961,19.479759635881766,6.371268838861804,-70.61372510787909,0
1759928937799139600,3224.0391396484374,600.4846114525571,0.9529744084906646,180,-33.453067175026554,574.6699180016294,70.13919389660961,19.61168921093179,6.298489461167039,-70.61372510787909,0
1759928938799115000,3225.0391149902343,600.4846114525571,1.068217598912396,180,-33.453067175026554,574.6699180016294,70.13919389660961,19.691663570134377,6.187133477286054,-70.61372510787909,0
1759928939799090400,3226.0390903320313,600.4846114525571,0.9461977816020519,180,-33.453067175026554,574.6699180016294,70.13919389660961,19.344051588745707,6.0077202557591205,-70.61372510787909,0
1759928940799066600,3227.039066650391,600.4846114525571,0.9476144460288749,180,-33.453067175026554,574.6699180016294,70.13919389660961,19.113319618096806,5.965933767519301,-70.61372510787909,0
1759928941799041800,3228.0390417480467,600.4846114525571,1.4174609061426588,180,-33.453067175026554,574.6699180016294,70.13919389660961,18.696129257611524,6.1130022732523575,-70.61372510787909,0
1759928942799017000,3229.039016845703,600.3903774200007,1.4630128080785085,180,-33.45307907071605,574.575683969073,70.13919242773103,18.79945618258633,6.05404880132262,-70.61372755268611,0.03919378586551699
1759928943798992600,3230.038992675781,600.4061060333624,1.369579800356333,180,-33.453078112596664,574.5914125824347,70.13919254979324,18.41841581894334,6.06559106107246,-70.61372736175683,0.018722013279909477
1759928944798968300,3231.0389682617188,600.396151073277,1.0652490148047282,180,-33.45307729773015,574.5814576223493,70.13919208835644,18.196414680312508,5.860032960604118,-70.61372629832749,0
1759928945798944000,3232.038944091797,600.396151073277,0.9495413674541198,180,-33.45307729773015,574.5814576223493,70.13919208835644,17.891338225185645,5.622146759968644,-70.61372629832749,0
1759928946798918700,3233.038918701172,600.4604201968759,0.9581481368954928,180,-33.45308201938115,574.6457267459482,70.1391895214431,17.72161569567117,5.383383458867264,-70.61372410627108,0
1759928947798894600,3234.03889453125,600.4604201968759,0.9602584027871872,180,-33.45308201938115,574.6457267459482,70.1391895214431,17.96255541643932,5.287831388912378,-70.61372410627108,0
